{"type":"FeatureCollection","features":[{"type":"Feature","geometry":{"type":"Polygon","coordinates":[[[26.418016,44.034364],[26.416839,44.026192],[26.41916,44.008631],[26.422873,44.001452],[26.43482,43.990074],[26.449816,43.963929],[26.455638,43.958353],[26.47886,43.947264],[26.486693,43.931629],[26.496444,43.923304],[26.499527,43.917129],[26.511174,43.911098],[26.517876,43.891657],[26.537095,43.85766],[26.559522,43.854421],[26.570949,43.848201],[26.578457,43.849431],[26.58802,43.855728],[26.599686,43.86824],[26.618134,43.868094],[26.62391,43.860025],[26.642469,43.859445],[26.66098,43.849453],[26.667325,43.840974],[26.685929,43.838939],[26.699263,43.83285],[26.707083,43.836582],[26.748509,43.816216],[26.768115,43.819002],[26.766629,43.811399],[26.773387,43.810112],[26.773242,43.80213],[26.799137,43.790304],[26.828316,43.795202],[26.844724,43.800221],[26.848923,43.799447],[26.858982,43.781126],[26.872903,43.765805],[26.885286,43.759934],[26.892682,43.749758],[26.903407,43.747346],[26.908525,43.751012],[26.919161,43.75502],[26.935873,43.74713],[26.947297,43.738596],[26.957229,43.737496],[26.972916,43.739908],[27.000262,43.703884],[27.020737,43.703869],[27.041034,43.707619],[27.037692,43.719778],[27.041508,43.724113],[27.055057,43.7232],[27.067141,43.711329],[27.086697,43.71541],[27.099622,43.714202],[27.115053,43.719763],[27.11509,43.716009],[27.109051,43.705133],[27.112367,43.688549],[27.129218,43.683087],[27.135687,43.670058],[27.145881,43.663587],[27.152208,43.665397],[27.154091,43.671101],[27.160639,43.673638],[27.180682,43.672086],[27.193493,43.675201],[27.198089,43.667861],[27.208162,43.6649],[27.217403,43.656577],[27.246071,43.650619],[27.270109,43.649304],[27.269847,43.647055],[27.263762,43.643331],[27.278696,43.637727],[27.298508,43.608141],[27.310752,43.603427],[27.323957,43.600956],[27.35454,43.607307],[27.383777,43.598702],[27.397697,43.601777],[27.445313,43.621857],[27.448054,43.619061],[27.448395,43.609197],[27.444633,43.60131],[27.444161,43.591641],[27.455041,43.575272],[27.493601,43.55827],[27.513567,43.542318],[27.554378,43.531252],[27.566346,43.534054],[27.572871,43.541747],[27.577758,43.542552],[27.602565,43.530606],[27.616227,43.527111],[27.664609,43.498228],[27.674212,43.496254],[27.685492,43.497056],[27.684676,43.490258],[27.680028,43.483922],[27.680693,43.478985],[27.68986,43.477584],[27.701845,43.479481],[27.709993,43.479076],[27.718563,43.476303],[27.746603,43.452471],[27.74963,43.447486],[27.758606,43.439476],[27.800368,43.412351],[27.814538,43.400227],[27.835836,43.385755],[27.842311,43.373481],[27.85217,43.363445],[27.870478,43.356402],[27.884889,43.355836],[27.897608,43.3597],[27.920574,43.356464],[27.93183,43.352696],[27.938583,43.363669],[27.942052,43.366359],[27.952483,43.363727],[27.973633,43.351653],[27.977598,43.342547],[27.985431,43.338948],[28.01747,43.342223],[28.064411,43.322015],[28.067395,43.326642],[28.066558,43.332829],[28.071684,43.344414],[28.085135,43.368829],[28.094082,43.377626],[28.110269,43.382247],[28.132851,43.397201],[28.151997,43.4055],[28.165116,43.405566],[28.175743,43.399063],[28.189345,43.3981],[28.221317,43.399593],[28.231658,43.404475],[28.240825,43.405706],[28.245289,43.403536],[28.250198,43.404921],[28.253806,43.408443],[28.266174,43.409815],[28.272494,43.414067],[28.283203,43.412543],[28.290492,43.41517],[28.307521,43.417892],[28.3469,43.412448],[28.354375,43.413211],[28.366243,43.408982],[28.385447,43.405626],[28.41417,43.387467],[28.451791,43.38019],[28.457915,43.375532],[28.463794,43.367012],[28.465259,43.360665],[28.470119,43.382593],[28.494549,43.405188],[28.499775,43.412392],[28.511111,43.415719],[28.53097,43.425359],[28.548665,43.440208],[28.556551,43.450461],[28.563989,43.465752],[28.581753,43.484712],[28.588075,43.499],[28.596993,43.512044],[28.596325,43.514163],[28.601148,43.519889],[28.602942,43.526734],[28.601761,43.529229],[28.607584,43.542163],[28.604323,43.544775],[28.60206,43.553627],[28.586419,43.569415],[28.573187,43.586935],[28.567417,43.60218],[28.569878,43.608627],[28.568732,43.613374],[28.573551,43.618088],[28.572475,43.629513],[28.578234,43.638534],[28.568001,43.656693],[28.562647,43.683877],[28.565056,43.695592],[28.569151,43.698434],[28.576294,43.70041],[28.578444,43.708571],[28.572923,43.71815],[28.572898,43.7249],[28.575865,43.733584],[28.578519,43.734177],[28.57927,43.745935],[28.574179,43.757234],[28.580619,43.774347],[28.58052,43.80421],[28.589467,43.804835],[28.586846,43.813888],[28.589044,43.818879],[28.588176,43.823517],[28.591995,43.828675],[28.590565,43.832642],[28.591504,43.839901],[28.593081,43.842393],[28.59835,43.843642],[28.601731,43.848333],[28.607636,43.851081],[28.605747,43.864976],[28.606254,43.867017],[28.608144,43.867162],[28.606203,43.867645],[28.606143,43.879111],[28.610404,43.886997],[28.613496,43.899304],[28.618562,43.901857],[28.621568,43.90835],[28.630046,43.914073],[28.632338,43.918562],[28.630979,43.919786],[28.633858,43.920914],[28.635897,43.924245],[28.632794,43.932675],[28.638296,43.940663],[28.63783,43.94862],[28.640652,43.955601],[28.653875,43.966986],[28.657083,43.979553],[28.667245,43.987013],[28.662012,43.999667],[28.663926,44.00791],[28.656754,44.026007],[28.659314,44.028026],[28.656751,44.027481],[28.654165,44.029931],[28.652223,44.036474],[28.644609,44.047297],[28.639857,44.061338],[28.637876,44.074561],[28.641904,44.083834],[28.646321,44.086981],[28.646511,44.089775],[28.640366,44.09492],[28.63636,44.103185],[28.636938,44.108781],[28.640092,44.112205],[28.637343,44.115378],[28.638786,44.123135],[28.634989,44.130324],[28.634536,44.138141],[28.636625,44.14119],[28.634016,44.145175],[28.632706,44.157819],[28.634272,44.160551],[28.640742,44.164284],[28.645757,44.161009],[28.656893,44.161479],[28.656809,44.158334],[28.658308,44.166777],[28.660376,44.168982],[28.659275,44.169878],[28.663101,44.170155],[28.66543,44.172157],[28.663953,44.174393],[28.65907,44.174817],[28.659269,44.178606],[28.655429,44.17962],[28.653863,44.193589],[28.655458,44.198996],[28.651237,44.205254],[28.650204,44.21099],[28.633833,44.222463],[28.621541,44.249818],[28.621939,44.288517],[28.631531,44.316124],[28.639137,44.323956],[28.642317,44.324405],[28.645307,44.333672],[28.64845,44.334196],[28.649621,44.33736],[28.656897,44.342685],[28.66909,44.346843],[28.676705,44.344371],[28.685699,44.346552],[28.688731,44.345356],[28.694194,44.358902],[28.702982,44.365415],[28.708934,44.375745],[28.719986,44.383842],[28.7294,44.396094],[28.74881,44.415714],[28.792955,44.454321],[28.810698,44.466155],[28.845638,44.494973],[28.869753,44.520404],[28.886267,44.541307],[28.929498,44.604811],[28.930622,44.604233],[28.95064,44.637932],[28.955217,44.640513],[28.960047,44.646335],[28.969113,44.651456],[28.994758,44.679296],[29.02898,44.709521],[29.058221,44.731776],[29.084751,44.74927],[29.121519,44.768263],[29.123195,44.770366],[29.128037,44.77061],[29.158809,44.78027],[29.185695,44.784909],[29.188999,44.782048],[29.219687,44.792258],[29.245076,44.797022],[29.298639,44.801572],[29.321229,44.799314],[29.404914,44.798887],[29.508535,44.819658],[29.540442,44.831227],[29.574589,44.835357],[29.585346,44.850142],[29.596805,44.855594],[29.604632,44.868038],[29.601128,44.885266],[29.603118,44.89041],[29.624442,44.89277],[29.625965,44.922591],[29.653465,44.984288],[29.676748,45.053061],[29.685126,45.145687],[29.683651,45.156494],[29.675256,45.160345],[29.66189,45.160128],[29.651205,45.161712],[29.649931,45.160422],[29.641939,45.167464],[29.636388,45.181109],[29.628201,45.217234],[29.637432,45.224602],[29.664505,45.261238],[29.675248,45.267083],[29.683401,45.275822],[29.677042,45.279],[29.671699,45.292174],[29.668198,45.310375],[29.658424,45.329329],[29.650929,45.339482],[29.631027,45.354312],[29.607926,45.375873],[29.590073,45.389545],[29.558828,45.406913],[29.536632,45.41388],[29.475871,45.424331],[29.439963,45.435966],[29.430056,45.443377],[29.420788,45.444302],[29.397823,45.439286],[29.380358,45.441746],[29.371935,45.43894],[29.356374,45.437237],[29.34875,45.439012],[29.3389,45.447226],[29.325959,45.449185],[29.316169,45.445764],[29.299635,45.432085],[29.286957,45.428215],[29.271397,45.429408],[29.257042,45.435685],[29.238221,45.433306],[29.224137,45.422823],[29.219005,45.42082],[29.194382,45.416766],[29.18994,45.414748],[29.186279,45.412149],[29.179673,45.401679],[29.174259,45.398223],[29.147376,45.388702],[29.123527,45.383324],[29.105031,45.389005],[29.090344,45.389275],[29.081566,45.387818],[29.075059,45.385672],[29.067639,45.380025],[29.060532,45.377184],[29.043055,45.364005],[29.025748,45.364596],[28.989677,45.357088],[28.970734,45.339956],[28.950626,45.312235],[28.948126,45.306211],[28.953985,45.296566],[28.954682,45.290164],[28.951943,45.28382],[28.943068,45.278956],[28.932296,45.278897],[28.915599,45.285368],[28.882686,45.306621],[28.877272,45.312777],[28.871961,45.315129],[28.856242,45.314739],[28.842116,45.317476],[28.832115,45.322854],[28.820542,45.334808],[28.799103,45.335214],[28.781761,45.326926],[28.780824,45.322654],[28.784393,45.31883],[28.803711,45.310404],[28.805642,45.306208],[28.801895,45.300119],[28.78978,45.290279],[28.759483,45.28889],[28.755537,45.287252],[28.752091,45.283261],[28.753264,45.27649],[28.758723,45.268795],[28.766666,45.261883],[28.785216,45.254396],[28.790019,45.250519],[28.791799,45.245233],[28.790164,45.240567],[28.782339,45.237273],[28.747549,45.23241],[28.716829,45.223493],[28.706763,45.223725],[28.698671,45.224897],[28.646226,45.240064],[28.613829,45.244449],[28.576347,45.247036],[28.558788,45.250183],[28.479521,45.280754],[28.460229,45.287083],[28.432292,45.292533],[28.346708,45.322533],[28.340788,45.326293],[28.331003,45.337358],[28.309294,45.37031],[28.285841,45.398906],[28.283951,45.411788],[28.285042,45.42949],[28.283903,45.434836],[28.277902,45.443968],[28.273864,45.448381],[28.259623,45.455348],[28.225314,45.463853],[28.201094,45.454731],[28.19541,45.446491],[28.192944,45.421075],[28.189624,45.414809],[28.183976,45.413829],[28.172239,45.418146],[28.133741,45.437031],[28.107408,45.442359],[28.088114,45.440071],[28.038193,45.415698],[28.030179,45.40448],[28.028033,45.397547],[28.026399,45.392267],[28.027985,45.365798],[28.011505,45.326167],[28.00257,45.312961],[27.995993,45.295789],[27.995985,45.286874],[28.022735,45.266383],[28.048053,45.256788],[28.091663,45.249807],[28.104801,45.25243],[28.112321,45.259351],[28.11841,45.256701],[28.12261,45.250093],[28.128654,45.232593],[28.093089,45.194733],[28.093079,45.190109],[28.112258,45.179181],[28.141261,45.168234],[28.177691,45.145696],[28.193113,45.141374],[28.199173,45.138044],[28.194486,45.13444],[28.182778,45.131491],[28.169653,45.124595],[28.169632,45.119315],[28.178938,45.107415],[28.175642,45.101812],[28.154599,45.10086],[28.126546,45.103552],[28.121386,45.099269],[28.121831,45.091016],[28.13209,45.081758],[28.13673,45.072508],[28.140421,45.05831],[28.148943,45.04588],[28.152175,45.034638],[28.140486,45.031352],[28.131591,45.025758],[28.126894,45.016846],[28.126874,45.010572],[28.142658,44.979821],[28.148236,44.975864],[28.149148,44.969255],[28.128998,44.942231],[28.124687,44.925576],[28.124643,44.911372],[28.129734,44.8998],[28.141357,44.891849],[28.138066,44.883276],[28.131998,44.879654],[28.115212,44.87407],[28.103076,44.864515],[28.09653,44.854621],[28.096042,44.845709],[28.084369,44.831532],[28.075018,44.81372],[28.074545,44.803006],[28.069969,44.792293],[28.061745,44.781184],[28.047143,44.775389],[28.026129,44.753697],[28.024367,44.763292],[28.022224,44.764299],[28.003378,44.758255],[27.993779,44.760278],[27.97281,44.772148],[27.951834,44.780993],[27.928008,44.77897],[27.896717,44.772906],[27.883205,44.765079],[27.874501,44.754344],[27.872768,44.726553],[27.875983,44.716703],[27.882742,44.708879],[27.918988,44.692475],[27.93071,44.680862],[27.959465,44.679345],[27.983589,44.661416],[28.009881,44.647191],[28.031141,44.625963],[28.031823,44.610314],[28.008411,44.571811],[28.013354,44.560675],[28.026803,44.551583],[28.037398,44.535416],[28.05045,44.510163],[28.087581,44.494725],[28.09687,44.488976],[28.104587,44.475815],[28.105589,44.446045],[28.108014,44.438459],[28.101302,44.428129],[28.087111,44.417038],[28.071901,44.409233],[28.036595,44.375269],[28.027739,44.36542],[28.019573,44.3495],[28.008587,44.318202],[28.000098,44.303816],[27.982342,44.292526],[27.972453,44.280658],[27.951912,44.263204],[27.929729,44.250339],[27.91069,44.24781],[27.887764,44.251328],[27.868723,44.252319],[27.853222,44.257621],[27.843708,44.256857],[27.814938,44.24662],[27.777615,44.230413],[27.75791,44.21624],[27.734685,44.202564],[27.691418,44.193394],[27.67101,44.192087],[27.656575,44.193062],[27.644922,44.200856],[27.63153,44.203598],[27.617803,44.203056],[27.605726,44.199988],[27.595354,44.203654],[27.583917,44.204652],[27.562162,44.192916],[27.557687,44.185721],[27.532832,44.174473],[27.519715,44.16551],[27.497341,44.146573],[27.478129,44.138793],[27.470864,44.138519],[27.460461,44.142205],[27.455282,44.140699],[27.454978,44.133993],[27.451576,44.126043],[27.446057,44.123539],[27.405231,44.127357],[27.386168,44.132751],[27.374755,44.133691],[27.364038,44.132412],[27.344644,44.13457],[27.331157,44.13451],[27.319776,44.132961],[27.303782,44.138363],[27.292371,44.13707],[27.266221,44.12782],[27.252452,44.120549],[27.233112,44.115477],[27.209272,44.115352],[27.166343,44.120068],[27.157986,44.125232],[27.150633,44.133131],[27.126339,44.140182],[27.10526,44.138561],[27.08872,44.134474],[27.070366,44.135107],[27.051281,44.139201],[27.047437,44.141906],[27.047403,44.144389],[27.008809,44.140034],[26.993785,44.136047],[26.977181,44.135092],[26.968086,44.137192],[26.929886,44.133483],[26.911672,44.134027],[26.880831,44.125295],[26.882136,44.123472],[26.848154,44.113983],[26.809465,44.096439],[26.767941,44.080016],[26.724035,44.072954],[26.723986,44.075702],[26.709309,44.07579],[26.684964,44.072032],[26.664355,44.063797],[26.616605,44.056653],[26.593433,44.050446],[26.573922,44.052986],[26.551572,44.053886],[26.5315,44.052744],[26.459736,44.038615],[26.457889,44.035843],[26.4331,44.033027],[26.418016,44.034364]]]},"properties":{"key":"HIST-DOBROGEA","countryCode":"ROU"}},{"type":"Feature","geometry":{"type":"Polygon","coordinates":[[[26.42225,45.768937],[26.419366,45.767491],[26.416419,45.770505],[26.414466,45.770026],[26.413654,45.753088],[26.407616,45.73787],[26.418516,45.721324],[26.417878,45.701194],[26.420188,45.698873],[26.421784,45.69098],[26.420397,45.68122],[26.423766,45.670794],[26.406337,45.661083],[26.406655,45.652551],[26.404126,45.648906],[26.399875,45.647779],[26.374378,45.651774],[26.367864,45.648501],[26.366686,45.645584],[26.35352,45.638903],[26.353754,45.619012],[26.351842,45.611903],[26.335598,45.591514],[26.326173,45.596629],[26.323257,45.596626],[26.321248,45.600054],[26.308423,45.603843],[26.30612,45.607057],[26.294759,45.609727],[26.290319,45.615526],[26.286521,45.615139],[26.285957,45.619191],[26.282376,45.622081],[26.275276,45.618183],[26.271629,45.61421],[26.249165,45.610671],[26.234388,45.622406],[26.230647,45.623499],[26.212531,45.621563],[26.208705,45.617159],[26.195364,45.611318],[26.194126,45.609495],[26.185796,45.60821],[26.184205,45.60354],[26.185914,45.600187],[26.179265,45.592207],[26.175354,45.579992],[26.175709,45.576351],[26.179754,45.573728],[26.170584,45.562619],[26.168615,45.567492],[26.162508,45.569795],[26.159805,45.577515],[26.155001,45.577662],[26.155005,45.584536],[26.147749,45.586877],[26.137166,45.567835],[26.130291,45.563728],[26.123497,45.555886],[26.121627,45.548926],[26.112928,45.543671],[26.097576,45.528455],[26.09326,45.516592],[26.082495,45.515383],[26.072253,45.50633],[26.073111,45.505562],[26.064448,45.50312],[26.067816,45.496763],[26.064535,45.48618],[26.054656,45.4849],[26.048745,45.481778],[26.046795,45.47847],[26.041786,45.477713],[26.025506,45.487648],[26.019738,45.48948],[26.013731,45.489413],[26.007738,45.505961],[25.993887,45.513539],[25.977683,45.51211],[25.971364,45.510039],[25.970047,45.506485],[25.962347,45.510898],[25.935589,45.513485],[25.930868,45.519358],[25.927195,45.521286],[25.920776,45.521918],[25.918539,45.514354],[25.907189,45.500752],[25.896843,45.496748],[25.890618,45.488397],[25.89155,45.483144],[25.895415,45.48245],[25.896049,45.476562],[25.887092,45.466067],[25.890488,45.459342],[25.889706,45.446813],[25.874913,45.441648],[25.867097,45.433821],[25.869156,45.43],[25.867541,45.423923],[25.864192,45.421456],[25.860465,45.421411],[25.857834,45.425421],[25.852669,45.427589],[25.824067,45.430534],[25.82368,45.434003],[25.82746,45.435291],[25.82733,45.440828],[25.821068,45.447438],[25.818215,45.455323],[25.81313,45.459756],[25.809108,45.469063],[25.798788,45.471313],[25.785855,45.483954],[25.782183,45.478868],[25.772063,45.474146],[25.770379,45.468692],[25.765085,45.466064],[25.741553,45.467954],[25.726577,45.465756],[25.715352,45.474222],[25.710887,45.475475],[25.708078,45.478737],[25.701733,45.480658],[25.699246,45.491735],[25.699655,45.504629],[25.690572,45.507943],[25.678629,45.519739],[25.676596,45.526106],[25.66882,45.5261],[25.660014,45.52878],[25.659029,45.532253],[25.646851,45.542392],[25.641658,45.540655],[25.63983,45.537345],[25.651281,45.526797],[25.650175,45.520356],[25.630827,45.49688],[25.598924,45.511874],[25.592519,45.507246],[25.586993,45.506819],[25.580485,45.51029],[25.573395,45.511331],[25.558338,45.510467],[25.545707,45.514107],[25.538133,45.510102],[25.526106,45.499208],[25.509946,45.496215],[25.507207,45.492692],[25.514076,45.489425],[25.509616,45.486721],[25.510059,45.474164],[25.513633,45.470362],[25.501655,45.467616],[25.492086,45.460049],[25.480393,45.456725],[25.468629,45.447833],[25.456337,45.446011],[25.451012,45.440346],[25.444838,45.440457],[25.436591,45.437463],[25.428957,45.438027],[25.410682,45.427453],[25.407535,45.412848],[25.410441,45.395517],[25.406006,45.387367],[25.392119,45.387927],[25.373595,45.391174],[25.321001,45.380901],[25.3203,45.38818],[25.313229,45.401466],[25.318478,45.419017],[25.317548,45.423673],[25.294879,45.437435],[25.278671,45.430899],[25.27601,45.434833],[25.278162,45.444149],[25.265536,45.449404],[25.251174,45.469096],[25.242476,45.472133],[25.237893,45.480484],[25.243744,45.499337],[25.23502,45.518275],[25.217863,45.526413],[25.209582,45.526661],[25.189577,45.523374],[25.181451,45.525737],[25.175599,45.535486],[25.149225,45.544988],[25.14404,45.558606],[25.130118,45.563188],[25.125875,45.572429],[25.099517,45.583127],[25.050735,45.586107],[25.033776,45.590736],[25.016181,45.587382],[25.002538,45.586695],[24.990729,45.588073],[24.983492,45.586421],[24.978208,45.591231],[24.967072,45.593796],[24.958249,45.592518],[24.946868,45.586332],[24.93533,45.583503],[24.91652,45.59358],[24.899906,45.594875],[24.868696,45.594067],[24.858556,45.591882],[24.843516,45.591714],[24.834219,45.593439],[24.82716,45.60455],[24.80767,45.607968],[24.800234,45.604248],[24.793441,45.603649],[24.777699,45.608888],[24.766664,45.610746],[24.735259,45.603876],[24.730297,45.607572],[24.721672,45.607736],[24.71569,45.607694],[24.714698,45.605043],[24.698604,45.60321],[24.694916,45.605431],[24.683651,45.604411],[24.674935,45.596216],[24.669144,45.595546],[24.659615,45.596868],[24.655696,45.6033],[24.64902,45.60254],[24.643836,45.604675],[24.63777,45.603495],[24.625466,45.604188],[24.622081,45.600313],[24.593125,45.59442],[24.588733,45.590511],[24.567191,45.581482],[24.562556,45.582087],[24.554973,45.587496],[24.533455,45.583947],[24.529282,45.581209],[24.52428,45.581325],[24.513134,45.586063],[24.508894,45.585945],[24.482734,45.573366],[24.479305,45.574489],[24.478016,45.581531],[24.473308,45.582769],[24.463006,45.581055],[24.458726,45.58197],[24.449052,45.589992],[24.437887,45.588299],[24.43271,45.582171],[24.421204,45.584195],[24.396479,45.583214],[24.385134,45.585148],[24.35783,45.583002],[24.342197,45.579219],[24.333988,45.58076],[24.314212,45.570639],[24.285151,45.561899],[24.274088,45.555379],[24.266577,45.556578],[24.26454,45.55431],[24.265611,45.551044],[24.268919,45.550543],[24.271438,45.547425],[24.267321,45.543537],[24.270811,45.539334],[24.272355,45.526637],[24.276462,45.520447],[24.282233,45.51783],[24.285958,45.510172],[24.284479,45.507808],[24.285661,45.504345],[24.290492,45.5016],[24.300636,45.501873],[24.303958,45.497879],[24.301085,45.488728],[24.293153,45.483446],[24.291388,45.478677],[24.294024,45.473127],[24.28796,45.464166],[24.294482,45.454798],[24.304745,45.449511],[24.306152,45.447244],[24.305229,45.440851],[24.299225,45.437618],[24.293403,45.418446],[24.306808,45.393789],[24.30488,45.389486],[24.295807,45.383166],[24.298631,45.375778],[24.296292,45.361504],[24.299207,45.354862],[24.297316,45.351859],[24.287152,45.349763],[24.269336,45.354867],[24.266366,45.354672],[24.264589,45.351433],[24.278263,45.342472],[24.278345,45.339954],[24.27502,45.337198],[24.28061,45.332126],[24.279585,45.328625],[24.283944,45.323544],[24.284476,45.319674],[24.278742,45.31469],[24.26907,45.30984],[24.270122,45.308178],[24.287126,45.309961],[24.288524,45.307287],[24.284962,45.300278],[24.291183,45.298534],[24.291391,45.295407],[24.303779,45.287259],[24.307527,45.278387],[24.321878,45.265883],[24.320826,45.261446],[24.333976,45.25812],[24.342155,45.246316],[24.345932,45.237058],[24.342533,45.233429],[24.342275,45.227395],[24.350974,45.219528],[24.370592,45.209496],[24.380964,45.199381],[24.378808,45.184244],[24.370837,45.181355],[24.366661,45.176423],[24.375941,45.157908],[24.382903,45.148338],[24.393803,45.142662],[24.411587,45.137965],[24.42688,45.137358],[24.434742,45.134442],[24.437811,45.130035],[24.437964,45.123655],[24.43354,45.116401],[24.435347,45.100747],[24.430453,45.094065],[24.42341,45.090594],[24.411859,45.090149],[24.396531,45.085535],[24.380795,45.085364],[24.358389,45.068097],[24.348143,45.054186],[24.325579,45.045918],[24.315661,45.038681],[24.309374,45.028917],[24.308018,45.020879],[24.291663,45.003747],[24.285603,44.988717],[24.2698,44.959484],[24.249821,44.929618],[24.246817,44.922101],[24.247521,44.902633],[24.254071,44.890763],[24.254157,44.875081],[24.251728,44.864607],[24.257048,44.847436],[24.250643,44.843627],[24.263667,44.828353],[24.263726,44.822332],[24.25888,44.81415],[24.264199,44.802132],[24.264303,44.791839],[24.268998,44.787587],[24.274217,44.785671],[24.273713,44.7812],[24.270475,44.77652],[24.279178,44.767562],[24.284277,44.749905],[24.277482,44.745206],[24.277105,44.727708],[24.288939,44.720178],[24.289736,44.706957],[24.292514,44.702308],[24.28683,44.696255],[24.286345,44.689838],[24.296574,44.677062],[24.296743,44.671805],[24.294239,44.666693],[24.301142,44.65635],[24.308315,44.649699],[24.313941,44.632413],[24.315141,44.60996],[24.32041,44.601426],[24.321855,44.592681],[24.32655,44.586868],[24.317892,44.578076],[24.321794,44.569343],[24.323895,44.548347],[24.328324,44.541365],[24.326743,44.535126],[24.318124,44.522223],[24.311309,44.521219],[24.304202,44.522554],[24.300898,44.519114],[24.296152,44.501183],[24.305774,44.494227],[24.306669,44.486057],[24.300987,44.480773],[24.300234,44.473958],[24.294504,44.474125],[24.291525,44.472164],[24.295674,44.465956],[24.30167,44.466374],[24.305034,44.457434],[24.305381,44.437723],[24.309118,44.432653],[24.322224,44.430768],[24.332311,44.431401],[24.339716,44.426761],[24.344953,44.420358],[24.353433,44.417279],[24.352375,44.413185],[24.347507,44.408879],[24.350511,44.379078],[24.345941,44.370302],[24.346527,44.365822],[24.350632,44.363505],[24.347506,44.35823],[24.347731,44.352772],[24.352108,44.351227],[24.360578,44.352547],[24.367673,44.351215],[24.372252,44.345351],[24.372407,44.338766],[24.367532,44.335433],[24.36702,44.331536],[24.369214,44.329596],[24.374908,44.332736],[24.377641,44.331578],[24.375529,44.323386],[24.381337,44.312304],[24.381406,44.30373],[24.388234,44.301032],[24.390558,44.295318],[24.396415,44.290576],[24.397553,44.287665],[24.392011,44.284204],[24.390948,44.280315],[24.397439,44.276408],[24.404113,44.275506],[24.407655,44.271943],[24.401963,44.26503],[24.405823,44.258349],[24.409092,44.257972],[24.412058,44.260132],[24.420815,44.2549],[24.430154,44.244208],[24.435981,44.229796],[24.439192,44.226427],[24.445579,44.208519],[24.4516,44.203081],[24.46086,44.201359],[24.466346,44.194748],[24.469128,44.185592],[24.474313,44.183269],[24.47947,44.184456],[24.481436,44.175685],[24.488539,44.171609],[24.487757,44.166729],[24.481533,44.161833],[24.48242,44.139298],[24.488685,44.137173],[24.496825,44.139732],[24.501186,44.137601],[24.503992,44.122785],[24.523119,44.104698],[24.528064,44.095151],[24.534324,44.093022],[24.541187,44.079967],[24.549341,44.078818],[24.55289,44.07551],[24.551287,44.070432],[24.56307,44.066836],[24.563665,44.057078],[24.575877,44.05595],[24.578344,44.051076],[24.577299,44.042873],[24.585261,44.022985],[24.589624,44.018701],[24.589688,44.004648],[24.59541,43.99861],[24.596246,43.993732],[24.587586,43.988246],[24.585432,43.984728],[24.59034,43.979078],[24.597952,43.975191],[24.604791,43.960362],[24.621227,43.943106],[24.622602,43.938228],[24.619096,43.933535],[24.62102,43.926901],[24.626999,43.922814],[24.628099,43.918521],[24.623242,43.912067],[24.629511,43.903292],[24.636947,43.896902],[24.642118,43.89598],[24.648815,43.885945],[24.653139,43.883644],[24.654933,43.868088],[24.659364,43.867166],[24.662859,43.868766],[24.670618,43.864657],[24.674926,43.848913],[24.679546,43.843646],[24.679577,43.833293],[24.688265,43.817682],[24.685944,43.811422],[24.688622,43.807247],[24.69556,43.807738],[24.700244,43.813253],[24.695046,43.819771],[24.699514,43.823314],[24.706061,43.82337],[24.732477,43.811436],[24.734759,43.807407],[24.729734,43.804183],[24.727996,43.797631],[24.745091,43.790631],[24.759053,43.789501],[24.756633,43.779106],[24.760273,43.775947],[24.767309,43.776702],[24.770301,43.779365],[24.776023,43.780201],[24.77778,43.778839],[24.778016,43.774768],[24.774833,43.771983],[24.761586,43.769195],[24.761115,43.766055],[24.770323,43.761936],[24.772927,43.754895],[24.777358,43.749689],[24.785859,43.75058],[24.800824,43.755561],[24.804338,43.748848],[24.807707,43.747113],[24.809463,43.747815],[24.809412,43.753905],[24.813323,43.752453],[24.816556,43.747918],[24.828966,43.74201],[24.831544,43.723371],[24.842366,43.715806],[24.847584,43.709322],[24.86345,43.706133],[24.878711,43.707054],[24.917711,43.715473],[24.932594,43.716185],[24.932732,43.723534],[24.934391,43.724579],[24.947167,43.729524],[24.959011,43.730045],[24.971855,43.728259],[24.998158,43.727526],[25.007701,43.724555],[25.016415,43.71507],[25.015177,43.714023],[25.036109,43.703585],[25.046885,43.694826],[25.057979,43.691299],[25.089875,43.687329],[25.095752,43.685296],[25.110908,43.684103],[25.132281,43.690389],[25.142212,43.694941],[25.143371,43.692944],[25.166974,43.697726],[25.166912,43.699988],[25.172753,43.699574],[25.196111,43.693527],[25.25196,43.682915],[25.267518,43.674387],[25.287916,43.657322],[25.287433,43.656173],[25.322053,43.644025],[25.338663,43.632307],[25.350874,43.6268],[25.366486,43.622128],[25.372847,43.622511],[25.382955,43.619736],[25.40484,43.620643],[25.450636,43.628691],[25.450188,43.630683],[25.459808,43.63335],[25.476315,43.640727],[25.507976,43.647085],[25.509025,43.645144],[25.513529,43.646582],[25.514156,43.645367],[25.544312,43.643214],[25.54472,43.644623],[25.56027,43.644499],[25.570665,43.647325],[25.609674,43.667455],[25.623908,43.672699],[25.640912,43.67679],[25.64022,43.677747],[25.648503,43.682717],[25.664853,43.690058],[25.671535,43.691573],[25.700571,43.692292],[25.718255,43.691849],[25.718705,43.690269],[25.733831,43.692868],[25.779647,43.71053],[25.792172,43.720657],[25.801001,43.736876],[25.811276,43.745989],[25.821225,43.751896],[25.823424,43.750082],[25.845543,43.756657],[25.854639,43.760999],[25.884007,43.783702],[25.880941,43.786427],[25.886862,43.795319],[25.907586,43.813088],[25.910131,43.811862],[25.91827,43.828683],[25.939569,43.852065],[25.940839,43.851314],[25.959606,43.863834],[25.97627,43.870206],[25.983478,43.876247],[25.999373,43.88549],[26.000949,43.883873],[26.012579,43.889897],[26.042509,43.901223],[26.047319,43.904781],[26.071643,43.932971],[26.094751,43.95153],[26.092505,43.952926],[26.101587,43.963689],[26.1146,43.974325],[26.146683,43.984436],[26.179372,43.985289],[26.179803,43.983479],[26.191476,43.983428],[26.226866,43.994076],[26.243241,44.000679],[26.252251,44.001933],[26.279935,44.010492],[26.279365,44.011735],[26.304482,44.026825],[26.306013,44.025382],[26.370903,44.042325],[26.379591,44.043187],[26.399253,44.040457],[26.40602,44.037653],[26.418365,44.036786],[26.418016,44.034364],[26.4331,44.033027],[26.457889,44.035843],[26.459736,44.038615],[26.5315,44.052744],[26.551572,44.053886],[26.573922,44.052986],[26.593433,44.050446],[26.616605,44.056653],[26.664355,44.063797],[26.684964,44.072032],[26.709309,44.07579],[26.723986,44.075702],[26.724035,44.072954],[26.767941,44.080016],[26.809465,44.096439],[26.848154,44.113983],[26.882136,44.123472],[26.880831,44.125295],[26.911672,44.134027],[26.929886,44.133483],[26.968086,44.137192],[26.977181,44.135092],[26.993785,44.136047],[27.008809,44.140034],[27.047403,44.144389],[27.047437,44.141906],[27.051281,44.139201],[27.070366,44.135107],[27.08872,44.134474],[27.10526,44.138561],[27.126339,44.140182],[27.150633,44.133131],[27.157986,44.125232],[27.166343,44.120068],[27.209272,44.115352],[27.233112,44.115477],[27.252452,44.120549],[27.266221,44.12782],[27.292371,44.13707],[27.303782,44.138363],[27.319776,44.132961],[27.331157,44.13451],[27.344644,44.13457],[27.364038,44.132412],[27.374755,44.133691],[27.386168,44.132751],[27.405231,44.127357],[27.446057,44.123539],[27.451576,44.126043],[27.454978,44.133993],[27.455282,44.140699],[27.460461,44.142205],[27.470864,44.138519],[27.478129,44.138793],[27.497341,44.146573],[27.519715,44.16551],[27.532832,44.174473],[27.557687,44.185721],[27.562162,44.192916],[27.583917,44.204652],[27.595354,44.203654],[27.605726,44.199988],[27.617803,44.203056],[27.63153,44.203598],[27.644922,44.200856],[27.656575,44.193062],[27.67101,44.192087],[27.691418,44.193394],[27.734685,44.202564],[27.75791,44.21624],[27.777615,44.230413],[27.814938,44.24662],[27.843708,44.256857],[27.853222,44.257621],[27.868723,44.252319],[27.887764,44.251328],[27.91069,44.24781],[27.929729,44.250339],[27.951912,44.263204],[27.972453,44.280658],[27.982342,44.292526],[28.000098,44.303816],[28.008587,44.318202],[28.019573,44.3495],[28.027739,44.36542],[28.036595,44.375269],[28.071901,44.409233],[28.087111,44.417038],[28.101302,44.428129],[28.108014,44.438459],[28.105589,44.446045],[28.104587,44.475815],[28.09687,44.488976],[28.087581,44.494725],[28.05045,44.510163],[28.037398,44.535416],[28.026803,44.551583],[28.013354,44.560675],[28.008411,44.571811],[28.031823,44.610314],[28.031141,44.625963],[28.009881,44.647191],[27.983589,44.661416],[27.959465,44.679345],[27.93071,44.680862],[27.918988,44.692475],[27.882742,44.708879],[27.875983,44.716703],[27.872768,44.726553],[27.874501,44.754344],[27.883205,44.765079],[27.896717,44.772906],[27.928008,44.77897],[27.951834,44.780993],[27.97281,44.772148],[27.993779,44.760278],[28.003378,44.758255],[28.022224,44.764299],[28.024367,44.763292],[28.026129,44.753697],[28.047143,44.775389],[28.061745,44.781184],[28.069969,44.792293],[28.074545,44.803006],[28.075018,44.81372],[28.084369,44.831532],[28.096042,44.845709],[28.09653,44.854621],[28.103076,44.864515],[28.115212,44.87407],[28.131998,44.879654],[28.138066,44.883276],[28.141357,44.891849],[28.129734,44.8998],[28.124643,44.911372],[28.124687,44.925576],[28.128998,44.942231],[28.149148,44.969255],[28.148236,44.975864],[28.142658,44.979821],[28.126874,45.010572],[28.126894,45.016846],[28.131591,45.025758],[28.140486,45.031352],[28.152175,45.034638],[28.148943,45.04588],[28.140421,45.05831],[28.13673,45.072508],[28.13209,45.081758],[28.121831,45.091016],[28.121386,45.099269],[28.126546,45.103552],[28.154599,45.10086],[28.175642,45.101812],[28.178938,45.107415],[28.169632,45.119315],[28.169653,45.124595],[28.182778,45.131491],[28.194486,45.13444],[28.199173,45.138044],[28.193113,45.141374],[28.177691,45.145696],[28.141261,45.168234],[28.112258,45.179181],[28.093079,45.190109],[28.093089,45.194733],[28.128654,45.232593],[28.12261,45.250093],[28.11841,45.256701],[28.112321,45.259351],[28.104801,45.25243],[28.091663,45.249807],[28.048053,45.256788],[28.022735,45.266383],[27.995985,45.286874],[27.995993,45.295789],[28.00257,45.312961],[28.011505,45.326167],[28.027985,45.365798],[28.026399,45.392267],[28.028033,45.397547],[28.019825,45.397732],[28.012761,45.400015],[28.001708,45.397332],[27.985784,45.391131],[27.98062,45.382547],[27.97841,45.383685],[27.977823,45.391443],[27.975034,45.395792],[27.9684,45.397134],[27.959122,45.401479],[27.942112,45.40548],[27.923991,45.40517],[27.910713,45.408579],[27.901865,45.415194],[27.884628,45.419223],[27.881686,45.418196],[27.882426,45.412814],[27.878595,45.411257],[27.868572,45.413944],[27.865185,45.41301],[27.857516,45.401558],[27.852344,45.396281],[27.849125,45.395655],[27.841296,45.398341],[27.833347,45.398127],[27.83069,45.404069],[27.844217,45.414708],[27.843758,45.416222],[27.833063,45.414058],[27.827363,45.419484],[27.824861,45.418124],[27.821726,45.399347],[27.81944,45.396307],[27.812504,45.395741],[27.799448,45.404609],[27.788392,45.407595],[27.779229,45.418236],[27.772295,45.421123],[27.751095,45.417986],[27.745507,45.415496],[27.737862,45.415765],[27.736192,45.422187],[27.742344,45.428213],[27.74413,45.446397],[27.736831,45.451464],[27.732838,45.451395],[27.723298,45.447952],[27.71952,45.449029],[27.707848,45.460136],[27.693287,45.465299],[27.691313,45.477719],[27.689187,45.479659],[27.678679,45.480564],[27.665962,45.473472],[27.654367,45.474519],[27.641411,45.472014],[27.616079,45.461537],[27.606574,45.463609],[27.573159,45.482435],[27.565319,45.488751],[27.559764,45.501043],[27.547045,45.498476],[27.54551,45.503361],[27.5477,45.512157],[27.546073,45.51414],[27.543766,45.51393],[27.538645,45.505109],[27.533495,45.505825],[27.519774,45.514244],[27.514205,45.512913],[27.514332,45.507462],[27.51207,45.506595],[27.505846,45.508373],[27.504666,45.512717],[27.501109,45.515899],[27.488676,45.51905],[27.486437,45.52388],[27.491107,45.530178],[27.478487,45.532831],[27.472776,45.528927],[27.469058,45.529599],[27.466083,45.534789],[27.475502,45.534914],[27.475925,45.537251],[27.466132,45.543407],[27.464348,45.54619],[27.469088,45.550736],[27.466574,45.565315],[27.463554,45.569423],[27.444953,45.58425],[27.441105,45.596655],[27.431999,45.598815],[27.418887,45.599407],[27.418929,45.606334],[27.414282,45.612476],[27.409501,45.613328],[27.393581,45.610193],[27.368184,45.619567],[27.359281,45.621446],[27.353038,45.62538],[27.350155,45.636091],[27.344871,45.637489],[27.336389,45.63702],[27.337361,45.635231],[27.34361,45.634001],[27.346232,45.630392],[27.345562,45.6255],[27.340247,45.627007],[27.332355,45.633108],[27.324721,45.633569],[27.320156,45.631593],[27.316148,45.626648],[27.303418,45.628957],[27.297658,45.633827],[27.297552,45.644449],[27.293925,45.649529],[27.285431,45.656116],[27.28636,45.658268],[27.278094,45.656695],[27.275486,45.652357],[27.266216,45.651924],[27.264765,45.648116],[27.260372,45.649598],[27.256967,45.647619],[27.253389,45.651966],[27.245088,45.652712],[27.24364,45.657289],[27.24023,45.657309],[27.237498,45.65975],[27.232224,45.659529],[27.231133,45.661895],[27.224096,45.661873],[27.216333,45.664815],[27.211045,45.664229],[27.208508,45.665666],[27.208781,45.66221],[27.213345,45.662273],[27.21398,45.660922],[27.204064,45.65183],[27.181854,45.657828],[27.180304,45.65978],[27.181776,45.661989],[27.172548,45.666092],[27.164818,45.667498],[27.157047,45.666637],[27.154351,45.668066],[27.155419,45.674408],[27.147989,45.675429],[27.135057,45.687751],[27.130015,45.688496],[27.127499,45.692169],[27.130281,45.695881],[27.118625,45.715885],[27.118639,45.720779],[27.12209,45.72372],[27.106225,45.734512],[27.07532,45.742804],[27.07044,45.747601],[27.051209,45.758532],[27.046248,45.758122],[27.03901,45.752869],[27.020271,45.747273],[26.99222,45.717561],[26.985099,45.712937],[26.974352,45.712125],[26.967819,45.716593],[26.957334,45.717889],[26.924903,45.731939],[26.90625,45.729924],[26.883862,45.732542],[26.879049,45.734538],[26.871658,45.743266],[26.86829,45.744165],[26.852718,45.73375],[26.840368,45.709499],[26.818495,45.686889],[26.800298,45.679642],[26.77965,45.676993],[26.767297,45.677271],[26.761897,45.674373],[26.758206,45.668643],[26.758423,45.665694],[26.744722,45.663802],[26.710402,45.66472],[26.701694,45.663794],[26.696962,45.659464],[26.691155,45.656954],[26.680095,45.658497],[26.670929,45.651114],[26.654189,45.649027],[26.648856,45.652458],[26.645663,45.650102],[26.640669,45.653266],[26.632687,45.652319],[26.618487,45.628475],[26.611008,45.628262],[26.594514,45.620912],[26.572127,45.633172],[26.563515,45.628521],[26.55499,45.629097],[26.546427,45.633397],[26.540967,45.641589],[26.536027,45.642528],[26.530224,45.641005],[26.524691,45.647672],[26.51925,45.650593],[26.511016,45.663807],[26.50416,45.669509],[26.495319,45.674001],[26.487253,45.690512],[26.488896,45.693957],[26.484395,45.696677],[26.481912,45.701219],[26.467871,45.70323],[26.465163,45.709511],[26.465863,45.719163],[26.456492,45.725911],[26.441549,45.730709],[26.442215,45.735152],[26.436559,45.740056],[26.439575,45.747321],[26.44471,45.75325],[26.440448,45.764788],[26.428224,45.763367],[26.42225,45.768937]]]},"properties":{"key":"HIST-MUNTENIA","countryCode":"ROU"}},{"type":"Feature","geometry":{"type":"Polygon","coordinates":[[[22.433432,46.009709],[22.436962,46.0113],[22.436838,46.021043],[22.440339,46.026793],[22.427078,46.034679],[22.429117,46.038229],[22.428313,46.046185],[22.435069,46.049028],[22.428231,46.065716],[22.430131,46.073807],[22.429133,46.078131],[22.419343,46.081055],[22.409195,46.087825],[22.406428,46.094414],[22.411714,46.108669],[22.417906,46.105277],[22.421047,46.105173],[22.423186,46.107346],[22.430243,46.107406],[22.432465,46.113142],[22.442542,46.114997],[22.445452,46.117195],[22.450531,46.126354],[22.456348,46.130289],[22.456953,46.138602],[22.465739,46.144968],[22.466142,46.147388],[22.454683,46.162187],[22.451862,46.169454],[22.45361,46.175065],[22.447976,46.191218],[22.438319,46.207729],[22.439189,46.210497],[22.444455,46.211124],[22.446189,46.21667],[22.449772,46.218325],[22.462225,46.220888],[22.462504,46.226571],[22.469913,46.231935],[22.486746,46.236969],[22.493064,46.243227],[22.496139,46.24312],[22.501495,46.232657],[22.510983,46.220475],[22.515572,46.218228],[22.525796,46.217652],[22.534185,46.213856],[22.546241,46.201705],[22.559149,46.2014],[22.570862,46.198056],[22.576591,46.200631],[22.582174,46.201406],[22.587235,46.199992],[22.597314,46.201908],[22.594428,46.209937],[22.589558,46.2133],[22.589457,46.22461],[22.591273,46.227571],[22.601101,46.227104],[22.61546,46.222811],[22.619499,46.229109],[22.625428,46.23105],[22.628052,46.229131],[22.631317,46.230958],[22.634629,46.226206],[22.647293,46.229359],[22.64746,46.232829],[22.657003,46.235957],[22.660533,46.240474],[22.659209,46.242912],[22.661988,46.248044],[22.654186,46.255145],[22.659788,46.26311],[22.663763,46.27489],[22.671763,46.28455],[22.672119,46.291849],[22.68007,46.299076],[22.681988,46.306882],[22.67757,46.320282],[22.680951,46.323364],[22.692569,46.322803],[22.728221,46.335872],[22.732624,46.341959],[22.740963,46.34526],[22.74636,46.350278],[22.750689,46.350993],[22.742215,46.357155],[22.73448,46.3592],[22.728793,46.363196],[22.709101,46.364091],[22.699186,46.368788],[22.697628,46.380755],[22.68349,46.385853],[22.677522,46.396089],[22.677177,46.401632],[22.674324,46.406153],[22.676826,46.410578],[22.689036,46.413928],[22.697349,46.421265],[22.696423,46.427015],[22.700736,46.434886],[22.689811,46.440079],[22.690988,46.453212],[22.680372,46.467133],[22.678786,46.477288],[22.672061,46.484866],[22.671387,46.489153],[22.678994,46.493307],[22.675682,46.506791],[22.678168,46.515646],[22.677196,46.523358],[22.691234,46.518767],[22.700109,46.526062],[22.701903,46.530651],[22.727472,46.547001],[22.733402,46.548352],[22.780129,46.550071],[22.791304,46.557422],[22.801604,46.560826],[22.820019,46.553952],[22.821059,46.556467],[22.816055,46.566699],[22.815888,46.583865],[22.807124,46.589482],[22.806605,46.612676],[22.801893,46.618209],[22.808646,46.629371],[22.815523,46.634198],[22.818186,46.639285],[22.807048,46.635057],[22.804111,46.63175],[22.788349,46.627766],[22.78806,46.629715],[22.792679,46.63397],[22.792772,46.64098],[22.782283,46.648185],[22.775854,46.65042],[22.773868,46.652901],[22.770399,46.667408],[22.758469,46.682849],[22.749294,46.688253],[22.745439,46.693475],[22.748528,46.700412],[22.742371,46.704655],[22.743912,46.708531],[22.739005,46.716179],[22.730127,46.726451],[22.72303,46.73158],[22.711675,46.735807],[22.708872,46.738275],[22.7092,46.741024],[22.714753,46.747095],[22.717493,46.755801],[22.716141,46.761155],[22.71157,46.765365],[22.69888,46.765381],[22.692886,46.767532],[22.675424,46.768801],[22.661372,46.774981],[22.654624,46.778311],[22.647107,46.791228],[22.63816,46.799222],[22.641023,46.801744],[22.649705,46.804348],[22.660589,46.805696],[22.681151,46.804575],[22.704281,46.807134],[22.708795,46.812972],[22.725442,46.816656],[22.738953,46.841844],[22.744024,46.846815],[22.749551,46.867885],[22.753877,46.876616],[22.760982,46.879412],[22.77743,46.896911],[22.774172,46.911205],[22.746974,46.912882],[22.736561,46.915727],[22.734584,46.919139],[22.728645,46.921331],[22.715222,46.932932],[22.701432,46.937232],[22.686437,46.938797],[22.679392,46.945174],[22.679019,46.948154],[22.672447,46.949983],[22.679131,46.962138],[22.675147,46.970156],[22.69741,46.98325],[22.702101,46.990094],[22.725196,47.004156],[22.726768,47.007534],[22.733859,47.008262],[22.741229,47.00526],[22.752354,47.004297],[22.763997,46.997039],[22.784489,46.988457],[22.784724,46.98271],[22.794456,46.978666],[22.806179,46.98016],[22.825827,46.985412],[22.841663,46.979742],[22.859991,46.985314],[22.870883,46.977226],[22.879858,46.978553],[22.892064,46.974887],[22.923433,46.986167],[22.940524,46.987923],[22.946554,46.99607],[22.956228,47.00342],[22.973061,47.006847],[22.976883,47.006907],[22.980639,47.003964],[22.998014,47.002704],[22.999515,46.994554],[23.002133,46.993147],[23.013662,46.994558],[23.016097,47.007397],[23.018473,47.010162],[23.021547,47.009449],[23.026033,47.011479],[23.027358,47.007721],[23.035548,47.000413],[23.046546,46.999759],[23.051061,47.005366],[23.059854,47.004918],[23.064656,47.002385],[23.084566,47.005839],[23.092821,47.002009],[23.098728,47.005401],[23.100372,47.008143],[23.099747,47.014811],[23.120658,47.018439],[23.129848,47.029957],[23.143203,47.033461],[23.160521,47.034833],[23.160847,47.039269],[23.166279,47.042821],[23.165947,47.04547],[23.155808,47.048781],[23.156088,47.05952],[23.161648,47.060444],[23.177316,47.068591],[23.189487,47.065802],[23.202578,47.068422],[23.206295,47.071371],[23.214562,47.072338],[23.219792,47.0766],[23.219966,47.085723],[23.230821,47.089818],[23.238,47.090014],[23.241485,47.095415],[23.260815,47.092258],[23.261277,47.08755],[23.266307,47.086511],[23.299031,47.094727],[23.304105,47.092297],[23.301586,47.087725],[23.301754,47.085205],[23.304197,47.083915],[23.309922,47.087621],[23.315355,47.087828],[23.318306,47.09623],[23.325307,47.095549],[23.327282,47.098351],[23.327123,47.111505],[23.336668,47.120145],[23.343002,47.121901],[23.339249,47.125919],[23.342327,47.127449],[23.345981,47.124949],[23.353694,47.127783],[23.353533,47.137194],[23.360094,47.140299],[23.360829,47.144975],[23.355458,47.156368],[23.355587,47.161205],[23.365584,47.170019],[23.366131,47.172523],[23.360692,47.174945],[23.360176,47.17965],[23.362265,47.182108],[23.360774,47.18574],[23.363834,47.188562],[23.362974,47.195439],[23.365118,47.197404],[23.378448,47.198534],[23.384629,47.201207],[23.39347,47.202332],[23.39665,47.199208],[23.417437,47.193302],[23.426443,47.188519],[23.442934,47.186783],[23.450622,47.187311],[23.459975,47.193365],[23.477095,47.20075],[23.478833,47.210074],[23.500714,47.218542],[23.502104,47.22321],[23.500384,47.225575],[23.491592,47.229476],[23.488752,47.23674],[23.478659,47.238343],[23.47733,47.24265],[23.471548,47.249056],[23.476805,47.250314],[23.477394,47.256993],[23.459565,47.262081],[23.452442,47.271283],[23.430866,47.267946],[23.423864,47.269827],[23.409091,47.278697],[23.400957,47.27804],[23.397425,47.283003],[23.384057,47.284765],[23.376601,47.290111],[23.367137,47.29275],[23.368835,47.294766],[23.372769,47.29474],[23.384334,47.291574],[23.397098,47.290117],[23.413959,47.294622],[23.42019,47.292684],[23.422581,47.294724],[23.423466,47.301484],[23.426277,47.303403],[23.41908,47.308174],[23.413786,47.317495],[23.402115,47.322358],[23.397025,47.322738],[23.393813,47.315387],[23.382162,47.311449],[23.375285,47.312316],[23.358477,47.301861],[23.351136,47.302119],[23.345894,47.298097],[23.339317,47.298203],[23.335344,47.296218],[23.322874,47.297304],[23.323537,47.30638],[23.327832,47.307585],[23.337947,47.319024],[23.3574,47.32812],[23.360699,47.352119],[23.382042,47.373879],[23.377679,47.376114],[23.373247,47.376169],[23.373066,47.377738],[23.380808,47.380606],[23.377193,47.383623],[23.377309,47.387523],[23.374211,47.391819],[23.371174,47.392311],[23.371264,47.394637],[23.363092,47.401177],[23.35866,47.414932],[23.359982,47.419793],[23.365301,47.423454],[23.362685,47.438701],[23.358461,47.440284],[23.356182,47.445525],[23.344258,47.449031],[23.339968,47.453873],[23.320921,47.460979],[23.321467,47.471116],[23.33053,47.474988],[23.332687,47.48278],[23.31779,47.49281],[23.31467,47.492738],[23.310624,47.489199],[23.307384,47.491401],[23.307544,47.495307],[23.314562,47.497654],[23.314572,47.499848],[23.308084,47.502937],[23.306073,47.506442],[23.307131,47.507883],[23.311677,47.506556],[23.315907,47.507094],[23.320795,47.509277],[23.320832,47.513475],[23.324259,47.515994],[23.325023,47.520453],[23.329981,47.522131],[23.331096,47.525601],[23.318315,47.531277],[23.307478,47.524575],[23.302191,47.526459],[23.30361,47.52983],[23.311943,47.532482],[23.311536,47.542822],[23.30779,47.541839],[23.304927,47.545651],[23.31015,47.547515],[23.31318,47.546674],[23.318984,47.550877],[23.328899,47.54778],[23.331351,47.55041],[23.32636,47.561189],[23.328678,47.569312],[23.29142,47.570303],[23.282064,47.576887],[23.287129,47.585447],[23.288724,47.598786],[23.287453,47.604029],[23.280584,47.608977],[23.279537,47.612159],[23.264877,47.611614],[23.245113,47.617443],[23.229148,47.618202],[23.223205,47.620656],[23.21564,47.619949],[23.207531,47.623134],[23.191883,47.62285],[23.177875,47.626738],[23.147162,47.628291],[23.120257,47.61337],[23.11239,47.600085],[23.085944,47.582654],[23.069315,47.573843],[23.061396,47.565738],[23.058066,47.55733],[23.052888,47.55497],[23.050789,47.528285],[23.044866,47.517218],[23.042511,47.507115],[23.045216,47.499413],[23.045847,47.487448],[23.024869,47.486999],[23.017328,47.488625],[22.994996,47.483711],[22.987129,47.484106],[22.972032,47.487567],[22.963839,47.487145],[22.957618,47.490418],[22.952515,47.488581],[22.945322,47.490817],[22.941722,47.486335],[22.936872,47.486123],[22.932052,47.488358],[22.928081,47.492831],[22.913761,47.497501],[22.912491,47.50097],[22.908169,47.504441],[22.908277,47.507287],[22.90344,47.511767],[22.888133,47.510447],[22.876993,47.511471],[22.870933,47.515545],[22.857939,47.515328],[22.843409,47.517978],[22.817578,47.526591],[22.795161,47.519571],[22.786825,47.527356],[22.797824,47.531672],[22.805413,47.531483],[22.807224,47.533536],[22.805377,47.538452],[22.80713,47.551372],[22.801645,47.554439],[22.795563,47.555454],[22.787072,47.55277],[22.784926,47.556047],[22.775516,47.55459],[22.764625,47.567116],[22.753934,47.56492],[22.749829,47.570977],[22.751531,47.57286],[22.759654,47.575483],[22.757286,47.577644],[22.75813,47.579814],[22.761978,47.581125],[22.761962,47.584015],[22.737925,47.59103],[22.723127,47.593013],[22.7073,47.588341],[22.697655,47.588311],[22.6859,47.584081],[22.680441,47.596931],[22.673381,47.595028],[22.669924,47.598198],[22.646114,47.598406],[22.64073,47.600497],[22.638987,47.603672],[22.639803,47.608591],[22.645335,47.613961],[22.654965,47.616741],[22.658584,47.62008],[22.657212,47.630636],[22.648801,47.6366],[22.644158,47.637705],[22.644144,47.63944],[22.678808,47.652575],[22.679,47.655757],[22.682222,47.655624],[22.683714,47.65722],[22.681111,47.660826],[22.683235,47.664159],[22.676324,47.669485],[22.677582,47.673684],[22.682276,47.677894],[22.691064,47.680236],[22.705411,47.691678],[22.729415,47.701731],[22.726818,47.704905],[22.721642,47.706768],[22.713488,47.704718],[22.707675,47.706001],[22.695791,47.71638],[22.692961,47.721288],[22.692907,47.729099],[22.684929,47.731965],[22.673185,47.742918],[22.669542,47.741024],[22.665879,47.741879],[22.665857,47.744917],[22.663045,47.746933],[22.657676,47.745756],[22.655328,47.743433],[22.650808,47.743851],[22.648416,47.74717],[22.635551,47.742204],[22.610313,47.750354],[22.599078,47.755519],[22.592787,47.760849],[22.576782,47.766407],[22.550611,47.772905],[22.539548,47.782244],[22.488115,47.806133],[22.481145,47.811183],[22.466784,47.805513],[22.447573,47.803353],[22.440606,47.792092],[22.432179,47.762252],[22.426653,47.754763],[22.425433,47.750324],[22.427611,47.749834],[22.426755,47.747169],[22.429487,47.745482],[22.429741,47.741204],[22.411125,47.742623],[22.410001,47.746919],[22.395978,47.747968],[22.386281,47.745499],[22.354526,47.749944],[22.345908,47.753142],[22.344999,47.755227],[22.329996,47.765352],[22.323816,47.767022],[22.316869,47.76616],[22.320492,47.755197],[22.317075,47.743497],[22.305697,47.741595],[22.302865,47.737338],[22.298493,47.737392],[22.28499,47.729587],[22.264162,47.73139],[22.25892,47.717608],[22.261861,47.716955],[22.261875,47.713945],[22.258398,47.698404],[22.255829,47.69832],[22.253573,47.695327],[22.241232,47.695446],[22.230603,47.69354],[22.225552,47.688238],[22.222382,47.682828],[22.22475,47.680933],[22.221992,47.673245],[22.222778,47.668606],[22.219728,47.663968],[22.221764,47.662375],[22.211208,47.65415],[22.202949,47.655113],[22.198705,47.636483],[22.194129,47.630852],[22.189504,47.61209],[22.182593,47.606615],[22.180158,47.599535],[22.178067,47.599519],[22.176006,47.594617],[22.170916,47.592074],[22.160105,47.592633],[22.145808,47.594842],[22.138992,47.598317],[22.127765,47.598322],[22.128728,47.589538],[22.12469,47.587741],[22.113897,47.575438],[22.104682,47.573011],[22.10043,47.564808],[22.093248,47.558366],[22.090297,47.55767],[22.086327,47.561366],[22.078817,47.562586],[22.054911,47.548717],[22.054251,47.54717],[22.070964,47.538247],[22.061059,47.52927],[22.045048,47.539997],[22.035526,47.529371],[22.023683,47.520102],[22.012239,47.50159],[22.010465,47.490991],[22.006709,47.483575],[22.007054,47.476104],[22.012407,47.470897],[22.020448,47.454762],[22.032348,47.451223],[22.025524,47.442618],[22.034881,47.427669],[22.031587,47.426462],[22.033433,47.424407],[22.029337,47.422911],[22.035103,47.413661],[22.022223,47.390388],[22.018049,47.386819],[22.0116,47.376032],[21.998172,47.377697],[21.994758,47.381243],[21.990113,47.381774],[21.978154,47.378494],[21.975008,47.378506],[21.974732,47.380416],[21.961147,47.381467],[21.95219,47.3748],[21.944913,47.375406],[21.93813,47.373246],[21.939291,47.367903],[21.934272,47.360632],[21.924859,47.353834],[21.921131,47.34172],[21.907686,47.329032],[21.904073,47.322453],[21.894845,47.315058],[21.8883,47.294907],[21.884404,47.291368],[21.885728,47.289985],[21.878285,47.287665],[21.879543,47.282912],[21.887748,47.278065],[21.885905,47.275431],[21.887391,47.272277],[21.879544,47.265076],[21.871497,47.263554],[21.865874,47.258591],[21.85776,47.244706],[21.851354,47.23947],[21.846543,47.224142],[21.848089,47.222262],[21.857914,47.220392],[21.859204,47.204192],[21.857378,47.187386],[21.846828,47.184742],[21.838409,47.177638],[21.83051,47.179107],[21.829018,47.175275],[21.817106,47.173002],[21.807821,47.156681],[21.800219,47.137486],[21.802577,47.136656],[21.800051,47.130945],[21.798251,47.12812],[21.795433,47.127883],[21.791292,47.124431],[21.791771,47.120183],[21.788932,47.116931],[21.791824,47.115901],[21.78891,47.11329],[21.792454,47.111573],[21.792052,47.106609],[21.770559,47.109104],[21.751223,47.105852],[21.72574,47.098836],[21.72331,47.094184],[21.712174,47.083121],[21.715691,47.075219],[21.704752,47.071786],[21.705708,47.070243],[21.700845,47.068612],[21.704284,47.063615],[21.695342,47.060694],[21.696973,47.058217],[21.688169,47.055753],[21.689246,47.053793],[21.683115,47.051364],[21.682258,47.045934],[21.648228,47.040453],[21.649722,47.034038],[21.658558,47.022353],[21.661197,47.020576],[21.677502,47.018637],[21.680701,47.006449],[21.688595,47.002049],[21.687082,46.999672],[21.678874,46.998201],[21.675634,46.992794],[21.677229,46.989353],[21.670002,46.980347],[21.668197,46.973063],[21.667565,46.970424],[21.676178,46.969423],[21.681475,46.967146],[21.678443,46.960639],[21.675358,46.95928],[21.672747,46.953956],[21.657575,46.956199],[21.655457,46.950144],[21.650796,46.947916],[21.648644,46.943236],[21.640355,46.939139],[21.637898,46.933218],[21.605629,46.932735],[21.598268,46.927675],[21.596932,46.918247],[21.599038,46.916307],[21.598594,46.909455],[21.602326,46.904231],[21.606775,46.904583],[21.613877,46.886759],[21.603155,46.885218],[21.600707,46.879158],[21.602704,46.86864],[21.601151,46.866246],[21.59738,46.864895],[21.596416,46.861565],[21.584045,46.860072],[21.580532,46.857705],[21.569626,46.855756],[21.569068,46.854341],[21.5567,46.853889],[21.547782,46.84903],[21.537631,46.847676],[21.534165,46.839827],[21.522743,46.839316],[21.518835,46.836204],[21.520062,46.827601],[21.518634,46.821184],[21.520811,46.82016],[21.52213,46.814131],[21.518315,46.800088],[21.513489,46.795757],[21.51488,46.794066],[21.511331,46.790201],[21.509044,46.783462],[21.493094,46.775176],[21.489846,46.776031],[21.483083,46.764867],[21.484615,46.75858],[21.492915,46.757672],[21.511308,46.745344],[21.526274,46.739432],[21.529963,46.72755],[21.528947,46.720973],[21.519122,46.713974],[21.510689,46.711912],[21.512033,46.708054],[21.507076,46.705065],[21.508953,46.701451],[21.506868,46.700463],[21.507158,46.698313],[21.499792,46.695712],[21.495122,46.68796],[21.490975,46.686005],[21.483784,46.691613],[21.478287,46.692645],[21.47262,46.695892],[21.450769,46.68876],[21.433757,46.695793],[21.429553,46.69398],[21.42737,46.689051],[21.431088,46.682694],[21.431019,46.677983],[21.442103,46.666744],[21.455337,46.667285],[21.454622,46.661391],[21.441006,46.651698],[21.43211,46.648336],[21.421295,46.646686],[21.416039,46.64274],[21.409649,46.622134],[21.381185,46.628497],[21.378026,46.633423],[21.365222,46.638104],[21.352754,46.630496],[21.347386,46.631611],[21.334429,46.629252],[21.329499,46.631798],[21.313729,46.617786],[21.306498,46.599157],[21.300781,46.591001],[21.306671,46.586617],[21.308059,46.587704],[21.313687,46.5843],[21.315708,46.585812],[21.320338,46.583019],[21.303076,46.564484],[21.304633,46.560787],[21.297139,46.553645],[21.293238,46.55246],[21.289299,46.544552],[21.280003,46.545182],[21.273789,46.54097],[21.275756,46.535224],[21.260008,46.502175],[21.272377,46.483593],[21.273952,46.476706],[21.283743,46.477481],[21.295942,46.476344],[21.317083,46.450886],[21.312878,46.449689],[21.311231,46.440277],[21.29593,46.423705],[21.293115,46.417716],[21.289382,46.415374],[21.289155,46.413738],[21.295898,46.406922],[21.28287,46.403403],[21.275016,46.406914],[21.248019,46.41067],[21.239252,46.410564],[21.224972,46.413756],[21.21873,46.411319],[21.215941,46.40206],[21.205911,46.40346],[21.196106,46.371065],[21.19908,46.348136],[21.189995,46.339353],[21.175779,46.33579],[21.178331,46.33071],[21.175461,46.329802],[21.177138,46.323678],[21.172747,46.318624],[21.180165,46.304339],[21.175319,46.303156],[21.17405,46.300508],[21.16966,46.298268],[21.151161,46.297781],[21.147223,46.299473],[21.144989,46.304922],[21.122198,46.301119],[21.115152,46.30186],[21.102777,46.262819],[21.099936,46.264183],[21.094051,46.262598],[21.090656,46.258515],[21.086639,46.259409],[21.086211,46.255338],[21.082223,46.256628],[21.079449,46.252264],[21.070779,46.254092],[21.065625,46.242985],[21.036287,46.248112],[21.024576,46.266722],[21.015471,46.26346],[20.989968,46.25976],[20.960768,46.262486],[20.952113,46.265069],[20.946291,46.279392],[20.924684,46.276426],[20.921837,46.261991],[20.890163,46.271604],[20.873019,46.287646],[20.788846,46.273311],[20.775203,46.276137],[20.748454,46.25085],[20.761468,46.204672],[20.726979,46.207641],[20.728115,46.205251],[20.725291,46.196711],[20.733437,46.194302],[20.732951,46.19209],[20.72447,46.187466],[20.721971,46.187698],[20.714521,46.167067],[20.708513,46.164972],[20.704879,46.161161],[20.713835,46.160775],[20.716834,46.159046],[20.719207,46.14898],[20.725161,46.146183],[20.731217,46.145384],[20.748249,46.147592],[20.769068,46.145274],[20.782412,46.135092],[20.788665,46.124471],[20.798595,46.120821],[20.800997,46.110043],[20.804637,46.105837],[20.812757,46.102774],[20.83122,46.092061],[20.837813,46.090277],[20.856758,46.090219],[20.863349,46.084777],[20.868482,46.083277],[20.881113,46.084345],[20.887645,46.083389],[20.912464,46.074027],[20.914247,46.076078],[20.916206,46.093761],[20.922965,46.096155],[20.932439,46.097177],[20.938672,46.100634],[20.941274,46.109979],[20.952913,46.12705],[20.958254,46.128242],[20.96924,46.125285],[20.971995,46.129156],[20.967511,46.134578],[20.968065,46.136305],[20.97663,46.134648],[20.990654,46.127514],[20.998107,46.128614],[20.999695,46.13299],[20.988037,46.136344],[20.983341,46.139007],[20.982631,46.142046],[20.985829,46.144997],[20.996296,46.138934],[21.003728,46.140252],[21.000333,46.150718],[21.001376,46.152625],[21.006419,46.153067],[21.015505,46.149468],[21.045171,46.148626],[21.090644,46.151681],[21.095976,46.150622],[21.102901,46.140851],[21.108385,46.137365],[21.149274,46.137673],[21.168072,46.132394],[21.173921,46.135428],[21.176285,46.140239],[21.188559,46.140119],[21.193093,46.13919],[21.193257,46.136517],[21.188073,46.13515],[21.187856,46.132954],[21.19846,46.131244],[21.206563,46.119869],[21.204011,46.115661],[21.216273,46.066192],[21.240698,46.068585],[21.252196,46.052368],[21.27202,46.049277],[21.28069,46.044901],[21.312845,46.040448],[21.313802,46.04801],[21.352664,46.04251],[21.354357,46.049599],[21.413477,46.059971],[21.413859,46.065325],[21.417034,46.064925],[21.423683,46.059032],[21.438694,46.053608],[21.440379,46.048311],[21.443306,46.045961],[21.467453,46.058502],[21.486731,46.064112],[21.510753,46.066442],[21.517783,46.065897],[21.52072,46.056988],[21.534947,46.033325],[21.533526,46.027215],[21.5289,46.022507],[21.534916,46.021221],[21.540499,46.021371],[21.555568,46.054084],[21.588174,46.066317],[21.587683,46.075771],[21.582245,46.079274],[21.577341,46.085949],[21.583788,46.090001],[21.584584,46.094881],[21.593958,46.103775],[21.602547,46.10333],[21.611027,46.106387],[21.61483,46.105787],[21.619913,46.097451],[21.624788,46.096902],[21.63135,46.101231],[21.636901,46.102577],[21.644824,46.099282],[21.647363,46.095181],[21.646016,46.09125],[21.639137,46.088399],[21.642261,46.082399],[21.645729,46.081834],[21.650611,46.083824],[21.652018,46.090179],[21.655379,46.092937],[21.66338,46.092756],[21.6653,46.08931],[21.663219,46.084555],[21.665366,46.076681],[21.671991,46.075904],[21.676569,46.07736],[21.675811,46.080835],[21.678404,46.086946],[21.694215,46.095108],[21.69957,46.100493],[21.715341,46.102319],[21.726277,46.105358],[21.750537,46.103518],[21.756152,46.100253],[21.753241,46.094841],[21.756231,46.09199],[21.758844,46.083781],[21.763479,46.082675],[21.767531,46.084236],[21.766249,46.093698],[21.771055,46.096239],[21.776696,46.095884],[21.783774,46.094834],[21.784622,46.091696],[21.776749,46.08714],[21.777454,46.080833],[21.781356,46.07947],[21.786181,46.080801],[21.786001,46.084684],[21.789048,46.087184],[21.794654,46.087993],[21.805562,46.08668],[21.814039,46.089687],[21.818369,46.087409],[21.817683,46.081645],[21.821148,46.077684],[21.830318,46.077088],[21.846398,46.083174],[21.848551,46.089056],[21.856339,46.094105],[21.859493,46.101935],[21.867502,46.103083],[21.87255,46.099065],[21.890893,46.097861],[21.893433,46.085728],[21.89789,46.085601],[21.901744,46.090884],[21.926536,46.101512],[21.930534,46.10073],[21.935578,46.08813],[21.941979,46.087144],[21.946653,46.09098],[21.948923,46.095546],[21.952741,46.097468],[21.967421,46.092471],[21.976549,46.09121],[21.979792,46.088008],[21.986478,46.085316],[21.990198,46.085121],[22.000193,46.094267],[22.007927,46.094535],[22.009645,46.087062],[22.02021,46.079596],[22.017683,46.076369],[22.02113,46.07119],[22.030328,46.070862],[22.035107,46.068872],[22.03589,46.051631],[22.038293,46.049692],[22.04728,46.050729],[22.054503,46.048391],[22.056272,46.0461],[22.056335,46.038806],[22.060457,46.032908],[22.064027,46.031178],[22.078387,46.029964],[22.084612,46.027244],[22.088021,46.02506],[22.091805,46.018113],[22.099304,46.016353],[22.104402,46.009879],[22.109237,46.008319],[22.113708,46.009151],[22.117537,46.012634],[22.122476,46.014046],[22.127959,46.01229],[22.128277,46.003826],[22.122995,45.999102],[22.121763,45.994261],[22.124187,45.991704],[22.133376,45.9929],[22.139574,45.996439],[22.143116,46.001326],[22.147952,46.003031],[22.155756,45.996174],[22.175101,45.996349],[22.179709,45.98965],[22.189854,45.988656],[22.192975,45.989924],[22.191863,45.995716],[22.218394,46.004419],[22.226673,46.002461],[22.239326,46.003665],[22.264263,45.999367],[22.277331,46.001036],[22.28023,45.999263],[22.280656,45.996059],[22.275233,45.988908],[22.277617,45.986361],[22.295523,45.990701],[22.305598,45.996267],[22.310684,45.997213],[22.309779,45.990142],[22.312382,45.98812],[22.318441,45.989145],[22.321499,45.996372],[22.323978,45.997696],[22.331193,45.997735],[22.342148,45.994641],[22.356448,46.000555],[22.384502,45.995088],[22.386127,46.000245],[22.398512,46.005348],[22.401187,46.007824],[22.400304,46.012897],[22.404963,46.014625],[22.426942,46.012831],[22.432652,46.011362],[22.433432,46.009709]]]},"properties":{"key":"HIST-CRISANA","countryCode":"ROU"}},{"type":"Feature","geometry":{"type":"Polygon","coordinates":[[[28.225314,45.463853],[28.219553,45.466066],[28.208383,45.466699],[28.208113,45.469051],[28.205217,45.470036],[28.186241,45.474087],[28.182632,45.481983],[28.178476,45.485176],[28.174318,45.498127],[28.171184,45.501309],[28.161966,45.500611],[28.163545,45.508255],[28.153853,45.510082],[28.161105,45.511655],[28.16571,45.519529],[28.156415,45.525187],[28.159603,45.525775],[28.164325,45.52435],[28.166074,45.528464],[28.161597,45.533667],[28.164777,45.535714],[28.16486,45.54592],[28.160297,45.547668],[28.155185,45.555137],[28.15886,45.561283],[28.148059,45.56259],[28.154757,45.566176],[28.156342,45.575936],[28.15426,45.575696],[28.145001,45.566572],[28.1404,45.576708],[28.137316,45.578197],[28.134119,45.577311],[28.134785,45.572848],[28.13304,45.571444],[28.130431,45.576177],[28.126057,45.571549],[28.124605,45.574578],[28.121013,45.572471],[28.116992,45.575868],[28.120961,45.579493],[28.112522,45.587046],[28.105875,45.588677],[28.100252,45.596112],[28.093061,45.598233],[28.088614,45.605648],[28.090167,45.610988],[28.099244,45.616059],[28.100569,45.618908],[28.108612,45.620865],[28.112603,45.626812],[28.12044,45.627392],[28.122675,45.623005],[28.129935,45.61918],[28.132104,45.619896],[28.130212,45.624029],[28.136443,45.625758],[28.138969,45.625697],[28.140895,45.622635],[28.144121,45.621658],[28.14602,45.625464],[28.149643,45.626373],[28.15714,45.637224],[28.171665,45.640911],[28.174119,45.645386],[28.170695,45.649165],[28.16581,45.648774],[28.15756,45.651379],[28.165666,45.6536],[28.161855,45.66048],[28.166431,45.666347],[28.170913,45.679946],[28.166276,45.682955],[28.162078,45.692341],[28.163918,45.698047],[28.159763,45.703948],[28.168036,45.707077],[28.170402,45.7096],[28.16373,45.717472],[28.166937,45.723992],[28.160411,45.725364],[28.161784,45.728968],[28.165712,45.730611],[28.164784,45.732916],[28.166734,45.736478],[28.157649,45.739676],[28.155444,45.744334],[28.150796,45.744615],[28.149633,45.751224],[28.151711,45.754119],[28.143471,45.760467],[28.144654,45.764271],[28.149828,45.76448],[28.147891,45.767857],[28.14973,45.773446],[28.15499,45.775283],[28.155393,45.778609],[28.152307,45.779928],[28.15385,45.782378],[28.151199,45.783584],[28.147202,45.781275],[28.134643,45.778538],[28.126822,45.783656],[28.12021,45.791354],[28.114732,45.790219],[28.112018,45.794179],[28.113172,45.796535],[28.118812,45.794833],[28.122133,45.798733],[28.119325,45.802424],[28.121076,45.806322],[28.118467,45.814854],[28.110603,45.814867],[28.107416,45.816446],[28.112841,45.821263],[28.109031,45.82454],[28.111668,45.827026],[28.108392,45.831261],[28.112459,45.835029],[28.105071,45.843633],[28.111532,45.84475],[28.113768,45.849678],[28.11025,45.851512],[28.1054,45.859588],[28.114431,45.860283],[28.119705,45.863733],[28.126919,45.863104],[28.127006,45.870574],[28.132314,45.876903],[28.127454,45.878067],[28.130235,45.881775],[28.12637,45.885638],[28.123148,45.882429],[28.121088,45.883809],[28.115437,45.882865],[28.112323,45.884408],[28.118111,45.887681],[28.1117,45.899049],[28.119672,45.901212],[28.115958,45.910168],[28.119458,45.913662],[28.12059,45.918655],[28.125624,45.922728],[28.120638,45.931921],[28.11405,45.935973],[28.118283,45.943744],[28.114942,45.953416],[28.104437,45.963725],[28.10846,45.968717],[28.10151,45.972969],[28.106349,45.976163],[28.106597,45.978887],[28.098103,45.978879],[28.098205,45.981444],[28.103754,45.985242],[28.105006,45.989109],[28.098954,45.991229],[28.09414,46.001211],[28.085482,46.008836],[28.095442,46.014808],[28.094766,46.017199],[28.08768,46.020165],[28.090025,46.034309],[28.097183,46.043385],[28.103084,46.043112],[28.100278,46.047594],[28.104722,46.053276],[28.101178,46.05448],[28.093541,46.053338],[28.089072,46.057476],[28.089073,46.059519],[28.097025,46.060199],[28.100316,46.063795],[28.099441,46.065315],[28.089147,46.068537],[28.093226,46.074699],[28.092135,46.078399],[28.092892,46.079427],[28.096689,46.078482],[28.099719,46.081261],[28.104921,46.078151],[28.108807,46.0785],[28.106816,46.083676],[28.111237,46.087441],[28.104847,46.090005],[28.106674,46.095981],[28.101981,46.098754],[28.10675,46.098482],[28.109601,46.1039],[28.11763,46.102283],[28.122484,46.104944],[28.116067,46.107572],[28.115662,46.109952],[28.117962,46.112972],[28.123938,46.111545],[28.124277,46.126311],[28.128753,46.125538],[28.134069,46.130399],[28.128179,46.131655],[28.124664,46.137674],[28.128881,46.143843],[28.128331,46.145468],[28.123502,46.14737],[28.123921,46.151443],[28.126195,46.155615],[28.13192,46.154379],[28.136142,46.162572],[28.142526,46.164381],[28.137883,46.171024],[28.12945,46.174834],[28.127764,46.177875],[28.12948,46.179469],[28.138122,46.176314],[28.142766,46.177213],[28.143804,46.179785],[28.133011,46.181666],[28.130457,46.185381],[28.133486,46.186485],[28.140082,46.183386],[28.141089,46.192575],[28.137467,46.192287],[28.133425,46.196152],[28.118359,46.191989],[28.117088,46.195809],[28.123081,46.199881],[28.125685,46.204913],[28.125101,46.209275],[28.12171,46.212099],[28.11848,46.212652],[28.115885,46.211283],[28.117454,46.205561],[28.114648,46.2027],[28.1127,46.202476],[28.109364,46.205478],[28.114493,46.211665],[28.107455,46.214983],[28.110524,46.216699],[28.110757,46.219928],[28.106061,46.222385],[28.11113,46.232614],[28.109357,46.242468],[28.113287,46.2463],[28.115527,46.24095],[28.118531,46.238788],[28.118566,46.243045],[28.12044,46.241433],[28.122265,46.241874],[28.13282,46.251184],[28.138117,46.248207],[28.146146,46.251888],[28.14139,46.257795],[28.130618,46.256381],[28.126145,46.262248],[28.135842,46.264951],[28.134399,46.267315],[28.136859,46.27143],[28.136649,46.280738],[28.139886,46.285368],[28.146822,46.286172],[28.1435,46.278771],[28.151398,46.278413],[28.153109,46.282625],[28.148546,46.290996],[28.151702,46.292926],[28.155824,46.286441],[28.164419,46.28648],[28.162193,46.281921],[28.169313,46.28283],[28.168886,46.294471],[28.171599,46.298097],[28.176459,46.295266],[28.171922,46.29075],[28.180626,46.285575],[28.178708,46.290563],[28.18469,46.290393],[28.186848,46.29416],[28.179745,46.295889],[28.178552,46.300843],[28.181985,46.299853],[28.187547,46.303045],[28.194937,46.303112],[28.203473,46.312184],[28.208997,46.320649],[28.201344,46.320522],[28.199323,46.327311],[28.197064,46.328604],[28.192943,46.323085],[28.186223,46.327097],[28.19222,46.330464],[28.183925,46.333223],[28.188207,46.33775],[28.193326,46.334124],[28.196942,46.33432],[28.194891,46.338554],[28.19953,46.343914],[28.19448,46.347756],[28.193958,46.342874],[28.188083,46.345222],[28.182568,46.352812],[28.187689,46.35401],[28.188017,46.352953],[28.184363,46.352289],[28.185189,46.35139],[28.194975,46.349587],[28.19634,46.350787],[28.190703,46.356318],[28.192112,46.359562],[28.191734,46.357711],[28.197599,46.356642],[28.203053,46.35699],[28.208316,46.359292],[28.205481,46.361023],[28.200739,46.359363],[28.199051,46.365375],[28.20538,46.364678],[28.203681,46.366667],[28.206866,46.369613],[28.197254,46.370038],[28.200837,46.374518],[28.208338,46.372693],[28.211527,46.380471],[28.213934,46.381714],[28.217062,46.380862],[28.220975,46.381936],[28.217678,46.382836],[28.223488,46.389073],[28.21605,46.392078],[28.217098,46.395919],[28.223997,46.392074],[28.234785,46.390005],[28.242685,46.395364],[28.237442,46.401073],[28.227279,46.398636],[28.22433,46.399981],[28.22544,46.403056],[28.234685,46.404019],[28.238426,46.407227],[28.230359,46.408322],[28.229738,46.414854],[28.23207,46.416728],[28.23742,46.41739],[28.249663,46.416141],[28.249907,46.421106],[28.254924,46.423139],[28.257867,46.426581],[28.254453,46.433233],[28.260366,46.437866],[28.256425,46.447674],[28.242119,46.447785],[28.239981,46.452272],[28.248222,46.457339],[28.256125,46.459539],[28.257654,46.462573],[28.245273,46.463896],[28.251362,46.46761],[28.244467,46.469692],[28.246128,46.475695],[28.241836,46.479449],[28.239276,46.47972],[28.234805,46.47615],[28.224548,46.479411],[28.225092,46.481025],[28.231578,46.483835],[28.228088,46.488534],[28.230312,46.495269],[28.223278,46.495417],[28.221071,46.503351],[28.215638,46.499341],[28.211372,46.49971],[28.214165,46.503416],[28.209224,46.506303],[28.215228,46.513079],[28.22254,46.511327],[28.218811,46.519421],[28.214909,46.522748],[28.218731,46.523418],[28.224792,46.521013],[28.229395,46.525122],[28.230155,46.528156],[28.229817,46.531093],[28.225309,46.530116],[28.226498,46.5366],[28.22417,46.536868],[28.223015,46.533623],[28.215137,46.53647],[28.214958,46.53784],[28.223055,46.544134],[28.220497,46.546366],[28.226048,46.553669],[28.235614,46.55155],[28.232862,46.557294],[28.232632,46.563839],[28.225373,46.563674],[28.227692,46.568131],[28.222876,46.580287],[28.240791,46.581759],[28.232819,46.58594],[28.238591,46.588344],[28.240521,46.59168],[28.237817,46.5962],[28.240462,46.601094],[28.250012,46.604185],[28.243724,46.607826],[28.25194,46.612497],[28.249148,46.615992],[28.251352,46.620405],[28.248639,46.626824],[28.246198,46.628606],[28.240774,46.627891],[28.23855,46.630048],[28.242589,46.633577],[28.243955,46.639574],[28.238532,46.64298],[28.238336,46.644701],[28.245548,46.64582],[28.23717,46.652588],[28.236211,46.664991],[28.234144,46.666102],[28.238888,46.666591],[28.239232,46.66908],[28.234704,46.674618],[28.235748,46.678522],[28.233074,46.681674],[28.229144,46.681383],[28.231331,46.676311],[28.22978,46.673673],[28.224366,46.675945],[28.220188,46.690136],[28.218183,46.690518],[28.214848,46.688186],[28.213897,46.683103],[28.207449,46.686546],[28.211977,46.687308],[28.214501,46.6943],[28.212034,46.697458],[28.201973,46.700255],[28.20961,46.704297],[28.209042,46.712222],[28.20572,46.71583],[28.201148,46.71676],[28.202318,46.721688],[28.194983,46.720217],[28.195937,46.716589],[28.189583,46.719787],[28.193757,46.721571],[28.193643,46.722913],[28.186646,46.723688],[28.186141,46.725745],[28.188935,46.729036],[28.194898,46.729973],[28.194604,46.734458],[28.191417,46.736525],[28.185134,46.734133],[28.183051,46.73465],[28.178573,46.742976],[28.179747,46.744016],[28.183873,46.743497],[28.183888,46.746565],[28.181012,46.747954],[28.177032,46.747365],[28.176483,46.751024],[28.172907,46.750944],[28.175147,46.75642],[28.181626,46.755687],[28.18476,46.760667],[28.178126,46.759737],[28.177703,46.771548],[28.171471,46.768651],[28.166995,46.770623],[28.172428,46.775931],[28.164847,46.774245],[28.160224,46.777369],[28.16144,46.778464],[28.175383,46.777503],[28.175889,46.77909],[28.170797,46.78285],[28.165167,46.784257],[28.16507,46.79126],[28.160747,46.791322],[28.16218,46.786079],[28.160203,46.78492],[28.154228,46.792216],[28.148378,46.794416],[28.152208,46.800074],[28.146843,46.799219],[28.143363,46.802584],[28.135696,46.801976],[28.128263,46.806855],[28.127539,46.809238],[28.130411,46.813053],[28.122932,46.814593],[28.125,46.823221],[28.118977,46.819194],[28.113926,46.822816],[28.115732,46.82836],[28.114947,46.836692],[28.106903,46.842809],[28.109195,46.84455],[28.113117,46.841416],[28.116062,46.848713],[28.118899,46.850152],[28.123301,46.847391],[28.12681,46.852729],[28.117293,46.853686],[28.117022,46.855156],[28.122923,46.856925],[28.106703,46.866244],[28.111332,46.869961],[28.097982,46.870963],[28.100809,46.873824],[28.10861,46.873461],[28.114032,46.877413],[28.118337,46.878073],[28.111701,46.882718],[28.11343,46.892708],[28.109238,46.895692],[28.107989,46.889854],[28.102635,46.896349],[28.096174,46.892389],[28.092867,46.896965],[28.085284,46.895264],[28.085051,46.897372],[28.088645,46.900452],[28.082711,46.902407],[28.086832,46.907551],[28.095179,46.905393],[28.094354,46.910647],[28.102642,46.910091],[28.111114,46.922265],[28.110966,46.923401],[28.096168,46.928772],[28.099393,46.930388],[28.105163,46.928604],[28.103782,46.932361],[28.08422,46.934294],[28.080907,46.937439],[28.084215,46.938605],[28.087918,46.935258],[28.090002,46.936948],[28.087501,46.941894],[28.091753,46.939721],[28.096178,46.941496],[28.097916,46.949363],[28.095562,46.950591],[28.091394,46.947247],[28.089545,46.948102],[28.093287,46.956966],[28.083963,46.957352],[28.078216,46.963039],[28.08,46.964804],[28.085231,46.96543],[28.084848,46.972498],[28.093447,46.975106],[28.096044,46.97869],[28.085467,46.984919],[28.077827,46.985558],[28.081809,46.989336],[28.081035,46.990747],[28.05432,46.999887],[28.055537,47.003557],[28.053931,47.005488],[28.050804,47.005724],[28.053069,47.002473],[28.050498,47.001524],[28.039327,47.007422],[28.042771,47.009298],[28.039274,47.012182],[28.036979,47.012527],[28.034728,47.010442],[28.031646,47.011613],[28.035699,47.017119],[28.040533,47.019415],[28.045672,47.018423],[28.052925,47.013885],[28.052101,47.019507],[28.047944,47.024936],[28.045703,47.024722],[28.043551,47.02098],[28.041345,47.020569],[28.035334,47.030225],[28.026466,47.030341],[28.023391,47.027813],[28.0229,47.024172],[28.019868,47.023192],[27.994677,47.029388],[27.995753,47.034832],[27.992814,47.037459],[27.989452,47.038586],[27.986396,47.034904],[27.983263,47.034895],[27.977527,47.037905],[27.975086,47.043388],[27.972479,47.044805],[27.967186,47.044769],[27.958386,47.042215],[27.958357,47.046481],[27.963345,47.047834],[27.963616,47.049721],[27.950867,47.047299],[27.94463,47.050429],[27.946644,47.053373],[27.952502,47.0548],[27.956726,47.053937],[27.959845,47.056034],[27.955969,47.058694],[27.944983,47.060729],[27.93967,47.066379],[27.937663,47.063102],[27.931583,47.062549],[27.922501,47.068193],[27.915682,47.067563],[27.905227,47.077059],[27.897596,47.073664],[27.893976,47.086389],[27.888376,47.091094],[27.883185,47.090307],[27.879432,47.092027],[27.883151,47.099422],[27.873006,47.103577],[27.866394,47.102997],[27.867607,47.104671],[27.873351,47.105329],[27.874607,47.107965],[27.864559,47.108509],[27.862964,47.107657],[27.863533,47.104593],[27.859097,47.104087],[27.854144,47.108362],[27.856235,47.113017],[27.833647,47.11582],[27.825891,47.121483],[27.825854,47.123355],[27.833969,47.125491],[27.838434,47.130219],[27.841825,47.128682],[27.844609,47.122966],[27.849669,47.124476],[27.850545,47.130652],[27.842633,47.135614],[27.832285,47.133323],[27.828831,47.135049],[27.831087,47.138506],[27.829869,47.139082],[27.822759,47.135507],[27.815197,47.138567],[27.799055,47.138545],[27.781136,47.142358],[27.780515,47.144099],[27.784338,47.144856],[27.798883,47.142083],[27.799801,47.144335],[27.794905,47.149427],[27.792084,47.149599],[27.786916,47.147061],[27.784136,47.148169],[27.783889,47.150249],[27.789302,47.154127],[27.80019,47.151828],[27.801155,47.156348],[27.810608,47.163732],[27.810909,47.166214],[27.803556,47.166859],[27.796237,47.170645],[27.798569,47.180941],[27.803382,47.18852],[27.80089,47.191372],[27.793848,47.188281],[27.786626,47.190841],[27.786746,47.200757],[27.790243,47.207778],[27.786214,47.208571],[27.779577,47.204396],[27.777244,47.204664],[27.77835,47.208067],[27.785823,47.215125],[27.785046,47.219755],[27.769751,47.22156],[27.77412,47.22683],[27.774526,47.231075],[27.769403,47.232207],[27.761331,47.230344],[27.754903,47.230702],[27.754228,47.233424],[27.758904,47.239863],[27.757328,47.240539],[27.752391,47.238043],[27.746075,47.241801],[27.745856,47.246886],[27.74914,47.249223],[27.754361,47.246543],[27.756336,47.247853],[27.756466,47.25146],[27.751206,47.255166],[27.745085,47.251256],[27.742309,47.256871],[27.74727,47.258143],[27.754679,47.25589],[27.75849,47.258078],[27.744785,47.26471],[27.747683,47.277163],[27.745354,47.277979],[27.737503,47.276266],[27.737841,47.285343],[27.731643,47.293365],[27.726809,47.295744],[27.718571,47.293987],[27.712319,47.299174],[27.704371,47.300302],[27.702352,47.297687],[27.705888,47.29008],[27.690468,47.292163],[27.688067,47.28649],[27.685468,47.28494],[27.682463,47.288845],[27.684093,47.297294],[27.680764,47.29762],[27.679282,47.299626],[27.678894,47.309644],[27.674076,47.309429],[27.676301,47.304467],[27.673678,47.300001],[27.669611,47.300511],[27.662753,47.30855],[27.658633,47.304903],[27.654598,47.308102],[27.645774,47.30701],[27.648407,47.300606],[27.645913,47.299963],[27.632873,47.303482],[27.638171,47.311785],[27.635302,47.31307],[27.630619,47.309758],[27.627772,47.310646],[27.627024,47.318992],[27.62179,47.326273],[27.616128,47.319636],[27.605646,47.317235],[27.605028,47.318705],[27.610171,47.322943],[27.610447,47.326208],[27.607842,47.328714],[27.603677,47.329024],[27.59861,47.323328],[27.601393,47.319075],[27.599376,47.317385],[27.592232,47.321066],[27.596287,47.325077],[27.594739,47.32746],[27.580808,47.32791],[27.580914,47.330366],[27.586798,47.332198],[27.594039,47.332278],[27.597076,47.329338],[27.600449,47.32914],[27.614878,47.339609],[27.613321,47.34238],[27.608754,47.338958],[27.60479,47.3396],[27.606527,47.345584],[27.604962,47.349992],[27.597203,47.34647],[27.594623,47.347734],[27.600747,47.367102],[27.596849,47.369048],[27.596302,47.372209],[27.593067,47.371992],[27.59287,47.367386],[27.58842,47.365015],[27.581626,47.368658],[27.575206,47.367818],[27.573098,47.368836],[27.573786,47.371181],[27.583021,47.37504],[27.581234,47.378801],[27.572979,47.372472],[27.570036,47.372289],[27.568159,47.373855],[27.566933,47.380556],[27.569388,47.383432],[27.567676,47.386869],[27.568698,47.394404],[27.573574,47.397997],[27.581487,47.399316],[27.584,47.408454],[27.581307,47.410691],[27.578645,47.408455],[27.574641,47.409572],[27.574547,47.419255],[27.570161,47.421895],[27.569539,47.424508],[27.562786,47.422868],[27.555362,47.426674],[27.552518,47.43367],[27.560513,47.438562],[27.556784,47.447093],[27.566227,47.448207],[27.571071,47.452106],[27.573468,47.457844],[27.571779,47.464754],[27.569525,47.466187],[27.562642,47.462838],[27.558465,47.464334],[27.555984,47.470573],[27.547678,47.473303],[27.543376,47.47695],[27.539659,47.487189],[27.536717,47.488984],[27.533683,47.488342],[27.531366,47.48496],[27.536286,47.481842],[27.536134,47.478702],[27.532482,47.478441],[27.521147,47.482497],[27.518865,47.477198],[27.514906,47.474067],[27.512048,47.476284],[27.512207,47.483176],[27.515527,47.488713],[27.514267,47.490221],[27.506916,47.485035],[27.508425,47.480466],[27.504731,47.47862],[27.492078,47.481069],[27.491325,47.484293],[27.49544,47.487128],[27.493598,47.488863],[27.474242,47.485796],[27.467202,47.494247],[27.467449,47.49969],[27.456871,47.504708],[27.453847,47.508265],[27.456683,47.513743],[27.455989,47.519477],[27.466763,47.527064],[27.464006,47.52784],[27.454017,47.521852],[27.451401,47.521916],[27.450439,47.525888],[27.443682,47.531196],[27.453825,47.533424],[27.456008,47.536969],[27.453422,47.537573],[27.447516,47.535248],[27.443588,47.53583],[27.439365,47.540849],[27.433436,47.542159],[27.42966,47.545187],[27.431024,47.547801],[27.437986,47.547513],[27.437915,47.550222],[27.423326,47.554029],[27.431617,47.563347],[27.420014,47.563633],[27.416075,47.57152],[27.427421,47.580269],[27.42698,47.583249],[27.422786,47.584291],[27.411057,47.582741],[27.403933,47.583261],[27.396797,47.587551],[27.373719,47.596473],[27.370061,47.600291],[27.373216,47.602449],[27.368653,47.60439],[27.364313,47.609712],[27.362229,47.618132],[27.35791,47.621025],[27.332454,47.627796],[27.322419,47.638739],[27.314791,47.643223],[27.314459,47.650035],[27.307211,47.660627],[27.294435,47.662352],[27.292426,47.667549],[27.295638,47.672444],[27.295432,47.680849],[27.28096,47.682874],[27.272906,47.689363],[27.273303,47.691305],[27.278138,47.693471],[27.281778,47.701191],[27.278288,47.701577],[27.273825,47.699474],[27.270751,47.700462],[27.26689,47.703764],[27.268415,47.707413],[27.266175,47.71252],[27.2522,47.717447],[27.249577,47.720925],[27.254222,47.721887],[27.25893,47.730217],[27.26488,47.733263],[27.267342,47.732168],[27.267915,47.72685],[27.276875,47.729231],[27.285154,47.723857],[27.293198,47.724349],[27.293997,47.7289],[27.285297,47.730488],[27.280527,47.736276],[27.285884,47.745026],[27.297463,47.747345],[27.297273,47.751548],[27.293386,47.753132],[27.28792,47.74898],[27.27996,47.749891],[27.278785,47.752233],[27.285262,47.755807],[27.27941,47.764279],[27.268057,47.759834],[27.26487,47.760301],[27.263992,47.763308],[27.267645,47.767942],[27.264715,47.777054],[27.265785,47.780084],[27.26204,47.781127],[27.25618,47.778657],[27.252858,47.778935],[27.253552,47.784395],[27.248255,47.787915],[27.248606,47.794321],[27.230749,47.79928],[27.230259,47.806263],[27.240679,47.812585],[27.240855,47.815904],[27.236719,47.817128],[27.229279,47.814201],[27.221466,47.81454],[27.21421,47.820402],[27.214804,47.825071],[27.222209,47.831993],[27.226574,47.830968],[27.230519,47.825796],[27.233992,47.82551],[27.246308,47.830622],[27.24636,47.835921],[27.240597,47.838075],[27.229305,47.838152],[27.227026,47.839758],[27.230826,47.843592],[27.227786,47.84529],[27.223974,47.844766],[27.219539,47.838963],[27.212973,47.837985],[27.207444,47.83894],[27.200907,47.841678],[27.194862,47.84787],[27.194682,47.849714],[27.198205,47.851589],[27.21179,47.849216],[27.217007,47.853525],[27.21573,47.858269],[27.2047,47.861538],[27.202362,47.868812],[27.196405,47.874059],[27.196671,47.877297],[27.208912,47.888162],[27.210572,47.891713],[27.210622,47.894223],[27.203018,47.903189],[27.192061,47.910784],[27.166979,47.918111],[27.159095,47.917906],[27.148764,47.914061],[27.143761,47.914805],[27.141638,47.91667],[27.142491,47.920286],[27.150966,47.920905],[27.155844,47.922949],[27.162842,47.930506],[27.172127,47.936782],[27.179818,47.946145],[27.178045,47.9525],[27.155995,47.955375],[27.139657,47.966067],[27.142882,47.969761],[27.153181,47.972978],[27.154176,47.987768],[27.166758,47.9908],[27.165632,47.995031],[27.134739,47.991571],[27.121263,47.994699],[27.116516,47.999797],[27.128018,48.010761],[27.127034,48.014208],[27.124891,48.015029],[27.114175,48.014024],[27.098727,48.007164],[27.093968,48.007222],[27.090405,48.009069],[27.088855,48.01248],[27.09291,48.023103],[27.101942,48.025866],[27.106216,48.030451],[27.105415,48.032179],[27.102294,48.034377],[27.09234,48.033936],[27.084749,48.035354],[27.081389,48.039343],[27.082262,48.048519],[27.078043,48.053812],[27.045474,48.069593],[27.040303,48.082982],[27.025725,48.089689],[27.026115,48.091642],[27.03634,48.098387],[27.039836,48.103163],[27.0389,48.109677],[27.032994,48.117344],[27.038862,48.12947],[27.034656,48.130164],[27.027825,48.124174],[27.023082,48.125129],[27.021497,48.127541],[27.027494,48.133846],[27.027913,48.136788],[27.019956,48.138643],[27.013611,48.13518],[27.004242,48.12335],[26.99974,48.122225],[26.98286,48.12926],[26.967808,48.129967],[26.955989,48.136072],[26.950295,48.144932],[26.950613,48.14971],[26.954,48.151879],[26.957266,48.15242],[26.966587,48.147619],[26.980032,48.143996],[26.988824,48.146733],[26.99088,48.151744],[26.982878,48.158401],[26.972199,48.1618],[26.946394,48.16081],[26.934838,48.164295],[26.932933,48.170691],[26.944949,48.179055],[26.949772,48.185391],[26.94795,48.191373],[26.942818,48.196301],[26.929773,48.200082],[26.913559,48.198793],[26.912566,48.196651],[26.919498,48.187326],[26.920527,48.182928],[26.918499,48.180992],[26.905317,48.179893],[26.897681,48.184169],[26.892056,48.191433],[26.893087,48.193783],[26.902222,48.194555],[26.904937,48.196186],[26.908377,48.199365],[26.908063,48.20183],[26.88925,48.201111],[26.883661,48.202698],[26.873035,48.211171],[26.860147,48.218309],[26.856141,48.230495],[26.850771,48.234374],[26.845887,48.232865],[26.840568,48.228288],[26.834273,48.226327],[26.830649,48.227014],[26.826188,48.244101],[26.815037,48.247413],[26.814666,48.249446],[26.80771,48.254535],[26.802566,48.25369],[26.796937,48.249928],[26.78538,48.249683],[26.785037,48.24468],[26.782874,48.243371],[26.76491,48.248401],[26.758409,48.247308],[26.753421,48.248197],[26.737406,48.245202],[26.733751,48.246129],[26.733242,48.248143],[26.739248,48.251189],[26.74199,48.255064],[26.729091,48.258876],[26.725964,48.25652],[26.730599,48.248776],[26.727107,48.24686],[26.722205,48.246623],[26.707956,48.253345],[26.703489,48.264058],[26.699627,48.265415],[26.694995,48.262659],[26.690935,48.254308],[26.682935,48.249608],[26.667769,48.247208],[26.662862,48.249776],[26.666138,48.259745],[26.664215,48.263356],[26.65866,48.263897],[26.654991,48.256491],[26.651034,48.253924],[26.644872,48.252709],[26.642247,48.258296],[26.633623,48.262246],[26.630237,48.259406],[26.632741,48.254779],[26.632772,48.250489],[26.630696,48.248809],[26.618403,48.252456],[26.617377,48.248863],[26.624071,48.241259],[26.620901,48.239521],[26.610643,48.240507],[26.597597,48.239476],[26.591685,48.24561],[26.588549,48.246157],[26.585683,48.24456],[26.582783,48.238964],[26.573718,48.233406],[26.576824,48.225201],[26.573431,48.222049],[26.554906,48.226233],[26.551998,48.224693],[26.550311,48.215347],[26.541838,48.214904],[26.529811,48.209542],[26.526258,48.210224],[26.524975,48.213705],[26.514448,48.211081],[26.50366,48.217519],[26.48906,48.217594],[26.485192,48.21615],[26.47863,48.217408],[26.474009,48.220454],[26.469693,48.216594],[26.459968,48.212243],[26.459545,48.207142],[26.457265,48.205737],[26.442884,48.204692],[26.436448,48.202012],[26.424484,48.200332],[26.418952,48.195524],[26.401991,48.187895],[26.387464,48.186995],[26.382215,48.190643],[26.38539,48.194376],[26.384338,48.198183],[26.377898,48.197388],[26.373961,48.195275],[26.366974,48.186871],[26.363027,48.185734],[26.360129,48.185914],[26.355247,48.190989],[26.352114,48.19139],[26.347565,48.183369],[26.338857,48.184482],[26.333954,48.186786],[26.317556,48.187146],[26.30876,48.190022],[26.298255,48.188596],[26.294939,48.18935],[26.297442,48.194275],[26.297052,48.200553],[26.288692,48.202994],[26.278566,48.201966],[26.274086,48.204519],[26.271658,48.203815],[26.259023,48.206479],[26.247602,48.211887],[26.22132,48.206907],[26.221089,48.213669],[26.203629,48.218143],[26.196294,48.22216],[26.187903,48.224293],[26.185677,48.226811],[26.183746,48.236399],[26.177491,48.242301],[26.178434,48.244363],[26.18866,48.246771],[26.18811,48.250607],[26.167392,48.249952],[26.158828,48.25522],[26.155798,48.25376],[26.150437,48.245533],[26.143487,48.247346],[26.134321,48.239634],[26.129339,48.244139],[26.122335,48.245638],[26.121194,48.243967],[26.123575,48.237185],[26.120132,48.235013],[26.114854,48.22668],[26.109401,48.225267],[26.095509,48.212196],[26.08741,48.208792],[26.084322,48.205179],[26.084986,48.201472],[26.069508,48.195535],[26.070463,48.186218],[26.050082,48.179598],[26.041204,48.172159],[26.048189,48.162427],[26.046238,48.154631],[26.056235,48.146326],[26.051449,48.133756],[26.059772,48.130699],[26.06234,48.125796],[26.066605,48.12386],[26.069039,48.118304],[26.080945,48.115872],[26.081122,48.109276],[26.072487,48.091849],[26.083577,48.084843],[26.095268,48.08128],[26.10352,48.068289],[26.110622,48.045698],[26.109051,48.045359],[26.109931,48.039471],[26.115382,48.031172],[26.120008,48.028468],[26.117325,48.02605],[26.119174,48.007549],[26.124056,48.003763],[26.130673,47.985157],[26.135036,47.982763],[26.136226,47.966467],[26.140358,47.965027],[26.143096,47.960668],[26.151186,47.958735],[26.15541,47.948574],[26.173362,47.936335],[26.179757,47.926388],[26.203317,47.912621],[26.198986,47.904457],[26.189044,47.905904],[26.191009,47.90883],[26.182766,47.911784],[26.185833,47.916885],[26.182398,47.92027],[26.17718,47.921054],[26.170351,47.919344],[26.165286,47.92027],[26.166577,47.922925],[26.164462,47.929391],[26.161411,47.930783],[26.153187,47.926116],[26.147104,47.924724],[26.145002,47.926433],[26.148645,47.934825],[26.145149,47.937108],[26.141692,47.936968],[26.140259,47.934691],[26.140885,47.927741],[26.135978,47.928296],[26.131879,47.934665],[26.124796,47.933728],[26.086999,47.918974],[26.087848,47.916003],[26.092412,47.913303],[26.094334,47.908299],[26.098737,47.905503],[26.100836,47.900944],[26.109505,47.895909],[26.114129,47.887057],[26.120677,47.884293],[26.123693,47.881177],[26.121066,47.875836],[26.122975,47.87193],[26.130819,47.866999],[26.132332,47.862241],[26.142109,47.860232],[26.146264,47.851222],[26.165074,47.836312],[26.164169,47.831362],[26.166939,47.827426],[26.183606,47.82349],[26.189433,47.81274],[26.212057,47.803648],[26.230498,47.801958],[26.235251,47.79763],[26.23953,47.78305],[26.247114,47.773937],[26.251559,47.771501],[26.248474,47.762651],[26.249279,47.754668],[26.244537,47.75088],[26.246071,47.745181],[26.255235,47.736178],[26.263293,47.717054],[26.274078,47.718509],[26.28732,47.715426],[26.299458,47.718817],[26.295774,47.70825],[26.304479,47.685952],[26.295895,47.668202],[26.301268,47.662494],[26.295292,47.650762],[26.299011,47.650798],[26.308508,47.647387],[26.308314,47.643675],[26.300411,47.643203],[26.299316,47.641898],[26.302755,47.639692],[26.306742,47.639995],[26.313927,47.637697],[26.317272,47.633763],[26.320128,47.624528],[26.322594,47.623144],[26.326817,47.623964],[26.329524,47.622968],[26.33432,47.617862],[26.332497,47.614576],[26.334886,47.61087],[26.342977,47.610354],[26.345492,47.608944],[26.346797,47.604786],[26.351961,47.60442],[26.357266,47.600322],[26.364044,47.599441],[26.373863,47.595781],[26.37953,47.596116],[26.382467,47.598519],[26.388269,47.595609],[26.400284,47.596815],[26.40275,47.604117],[26.406016,47.605168],[26.41202,47.6035],[26.413201,47.598548],[26.417797,47.59768],[26.429859,47.604196],[26.449914,47.6013],[26.46089,47.593999],[26.457057,47.588581],[26.457909,47.586612],[26.461272,47.586525],[26.46379,47.588514],[26.469034,47.587627],[26.466653,47.582385],[26.474617,47.578506],[26.474069,47.577329],[26.469559,47.577011],[26.469128,47.575074],[26.475741,47.572849],[26.477855,47.567709],[26.485963,47.569232],[26.489975,47.563609],[26.493651,47.563297],[26.49172,47.560425],[26.479296,47.556421],[26.470994,47.557298],[26.423114,47.550599],[26.417487,47.554311],[26.406641,47.558251],[26.386329,47.55594],[26.356742,47.559986],[26.34001,47.559008],[26.334677,47.557792],[26.327871,47.550323],[26.335764,47.537522],[26.335577,47.534063],[26.309202,47.543244],[26.298191,47.548944],[26.283179,47.544426],[26.272965,47.546157],[26.269005,47.543877],[26.264791,47.536479],[26.267857,47.528901],[26.27853,47.519606],[26.284274,47.516961],[26.279928,47.514482],[26.270726,47.5132],[26.258855,47.513695],[26.252948,47.519898],[26.248691,47.519016],[26.24638,47.520428],[26.24433,47.526671],[26.238989,47.529522],[26.235035,47.534683],[26.236124,47.541585],[26.233719,47.548198],[26.22655,47.55096],[26.223462,47.555115],[26.212306,47.558709],[26.20806,47.561652],[26.185939,47.562653],[26.182961,47.566869],[26.17943,47.564342],[26.182203,47.556309],[26.178034,47.55472],[26.167032,47.556966],[26.161569,47.556327],[26.145196,47.551341],[26.147574,47.544094],[26.152231,47.541698],[26.146683,47.540841],[26.137503,47.535834],[26.136471,47.532387],[26.132444,47.530742],[26.118122,47.528404],[26.111443,47.520506],[26.10987,47.516289],[26.122643,47.500739],[26.131711,47.492268],[26.149925,47.482468],[26.1541,47.477742],[26.13896,47.468446],[26.132849,47.460866],[26.129253,47.460487],[26.124819,47.463817],[26.109133,47.465425],[26.101391,47.468271],[26.096344,47.475759],[26.078582,47.483856],[26.075111,47.481225],[26.053008,47.484816],[26.048232,47.482456],[26.047047,47.478424],[26.039285,47.471127],[26.030244,47.466008],[26.018429,47.462148],[26.001473,47.460208],[25.993617,47.462206],[25.989378,47.457951],[25.971269,47.46333],[25.953491,47.461449],[25.942201,47.464288],[25.902312,47.453468],[25.898154,47.454462],[25.892335,47.459298],[25.869075,47.461464],[25.859074,47.448993],[25.843246,47.44342],[25.840444,47.439244],[25.84433,47.426998],[25.84418,47.421256],[25.8412,47.415314],[25.858373,47.405814],[25.858297,47.393366],[25.868943,47.376634],[25.852253,47.363215],[25.840418,47.361317],[25.833865,47.357901],[25.832451,47.337814],[25.823828,47.326372],[25.81013,47.318719],[25.801907,47.315974],[25.795133,47.318983],[25.779005,47.320725],[25.767241,47.319365],[25.744273,47.309105],[25.728795,47.305993],[25.718117,47.306719],[25.703257,47.317867],[25.689161,47.32421],[25.675337,47.343596],[25.670733,47.356997],[25.673719,47.367769],[25.661525,47.384799],[25.645303,47.387683],[25.624398,47.387835],[25.617434,47.398366],[25.618199,47.409026],[25.626367,47.411549],[25.630465,47.415068],[25.629912,47.424547],[25.626765,47.43088],[25.603015,47.446611],[25.592777,47.449593],[25.584319,47.454183],[25.577409,47.4543],[25.56383,47.450586],[25.546448,47.434603],[25.542845,47.428852],[25.544844,47.423749],[25.552143,47.420806],[25.551991,47.404723],[25.546188,47.404972],[25.542073,47.408975],[25.539003,47.409205],[25.535278,47.404811],[25.535157,47.39347],[25.54145,47.37556],[25.531914,47.367581],[25.529058,47.359342],[25.531823,47.333489],[25.528317,47.327677],[25.493265,47.310003],[25.482141,47.309228],[25.476412,47.307148],[25.469942,47.29276],[25.46253,47.285272],[25.4537,47.282633],[25.432839,47.281865],[25.421971,47.279506],[25.421785,47.276449],[25.424888,47.272938],[25.435846,47.265171],[25.454874,47.255701],[25.475161,47.25086],[25.494334,47.239786],[25.509409,47.238044],[25.543423,47.224122],[25.563661,47.223382],[25.571587,47.225315],[25.584295,47.230949],[25.593744,47.237937],[25.601526,47.23869],[25.608168,47.241449],[25.615654,47.242095],[25.621453,47.238988],[25.617908,47.231686],[25.598538,47.225916],[25.596804,47.218804],[25.594405,47.21537],[25.588395,47.213178],[25.579756,47.20164],[25.57523,47.191756],[25.560814,47.190385],[25.556828,47.188189],[25.556043,47.184865],[25.548668,47.177437],[25.54577,47.168508],[25.521961,47.158068],[25.517493,47.15285],[25.515794,47.146892],[25.521153,47.134695],[25.530566,47.131892],[25.539764,47.12482],[25.54467,47.118638],[25.555763,47.113469],[25.569413,47.11178],[25.581686,47.113378],[25.594104,47.118789],[25.596601,47.130384],[25.600021,47.134419],[25.606004,47.132866],[25.617183,47.125484],[25.640089,47.114661],[25.647639,47.106165],[25.649806,47.098212],[25.655252,47.092049],[25.665221,47.088537],[25.679476,47.089298],[25.701099,47.081882],[25.728851,47.07479],[25.738106,47.06932],[25.744301,47.053769],[25.768888,47.037104],[25.775722,47.011378],[25.781393,47.006414],[25.789709,46.994472],[25.789657,46.984661],[25.792073,46.978604],[25.795999,46.977153],[25.801338,46.966986],[25.805551,46.965411],[25.81929,46.978287],[25.824327,46.975548],[25.83925,46.959977],[25.841915,46.946058],[25.854343,46.925404],[25.881599,46.919199],[25.899384,46.901803],[25.906458,46.897378],[25.919347,46.895421],[25.92282,46.885046],[25.930327,46.88016],[25.940283,46.869449],[25.94708,46.869189],[25.962301,46.873661],[25.971054,46.852253],[25.984213,46.836066],[25.982321,46.831517],[25.977989,46.829662],[25.984695,46.820936],[26.001391,46.805695],[26.001451,46.790932],[26.006285,46.783513],[26.019315,46.781523],[26.030355,46.775899],[26.038529,46.761429],[26.046648,46.755874],[26.051496,46.742045],[26.060645,46.733716],[26.06846,46.721556],[26.098683,46.71884],[26.105323,46.715521],[26.112557,46.707087],[26.120213,46.686111],[26.124002,46.684069],[26.125874,46.674748],[26.130937,46.668086],[26.139495,46.6659],[26.140418,46.660468],[26.146843,46.656773],[26.148676,46.653026],[26.15309,46.650254],[26.151556,46.646556],[26.158012,46.642108],[26.157503,46.631003],[26.161488,46.625764],[26.165335,46.607659],[26.164643,46.603093],[26.146734,46.596166],[26.144747,46.593198],[26.139772,46.591475],[26.136713,46.577015],[26.13422,46.572165],[26.128305,46.567819],[26.126975,46.559332],[26.121787,46.555214],[26.101676,46.549006],[26.091075,46.541846],[26.087763,46.533869],[26.067069,46.528175],[26.066357,46.525749],[26.073328,46.52575],[26.08166,46.512069],[26.090091,46.507305],[26.078375,46.497968],[26.079139,46.485591],[26.08649,46.482438],[26.090963,46.47426],[26.110963,46.469196],[26.104666,46.445771],[26.109327,46.442361],[26.113976,46.441645],[26.1189,46.438057],[26.129361,46.4344],[26.134481,46.435374],[26.138345,46.434372],[26.144667,46.436081],[26.151384,46.435353],[26.15848,46.438419],[26.166522,46.447733],[26.171141,46.449979],[26.174854,46.449809],[26.179636,46.452277],[26.187739,46.453495],[26.189514,46.452584],[26.192518,46.453518],[26.197015,46.451256],[26.221625,46.455313],[26.217886,46.439803],[26.207849,46.424605],[26.210654,46.413387],[26.237206,46.392124],[26.239626,46.391795],[26.240527,46.393715],[26.241991,46.392669],[26.24788,46.396126],[26.251981,46.394175],[26.2544,46.396502],[26.257448,46.395183],[26.259349,46.395986],[26.260586,46.397986],[26.262792,46.398107],[26.263708,46.39649],[26.273382,46.39751],[26.275784,46.386955],[26.272693,46.382875],[26.272322,46.378371],[26.273588,46.376734],[26.285663,46.376884],[26.29394,46.370191],[26.293002,46.367417],[26.285106,46.364373],[26.282385,46.357558],[26.285002,46.355313],[26.285068,46.343088],[26.29285,46.332342],[26.289642,46.329268],[26.287994,46.323455],[26.283544,46.321272],[26.279803,46.305229],[26.277411,46.304166],[26.278013,46.299501],[26.272323,46.296036],[26.271518,46.292026],[26.274479,46.287952],[26.268957,46.28728],[26.261194,46.279573],[26.253496,46.277951],[26.252373,46.272442],[26.254094,46.270389],[26.252359,46.268342],[26.25685,46.265864],[26.2584,46.260904],[26.264282,46.256278],[26.260483,46.255682],[26.258283,46.250116],[26.262029,46.249336],[26.262044,46.246721],[26.280337,46.24691],[26.309492,46.239097],[26.31376,46.241743],[26.322279,46.243137],[26.328808,46.241613],[26.326803,46.230209],[26.332842,46.218875],[26.337823,46.216531],[26.341601,46.201636],[26.393411,46.198548],[26.40531,46.193153],[26.419202,46.191348],[26.413452,46.183276],[26.4098,46.173698],[26.409913,46.165912],[26.406097,46.152667],[26.420874,46.157593],[26.421703,46.162201],[26.435017,46.168079],[26.456807,46.160826],[26.487817,46.147576],[26.496379,46.146099],[26.495634,46.138346],[26.501305,46.123854],[26.501505,46.115816],[26.496482,46.090242],[26.505822,46.081707],[26.505259,46.077],[26.496516,46.065857],[26.501094,46.059481],[26.484277,46.034002],[26.485189,46.028722],[26.491052,46.023739],[26.488956,46.017671],[26.482673,46.007526],[26.472398,46.002482],[26.461022,45.986626],[26.458749,45.97756],[26.459195,45.968826],[26.463488,45.960008],[26.47133,45.951024],[26.468303,45.94235],[26.455175,45.933796],[26.450181,45.920126],[26.445698,45.89496],[26.437858,45.887781],[26.430884,45.875652],[26.424438,45.87309],[26.416314,45.864903],[26.403701,45.859418],[26.384538,45.840278],[26.390882,45.834219],[26.409893,45.828721],[26.419493,45.829036],[26.421773,45.821503],[26.430428,45.818029],[26.431877,45.815127],[26.440161,45.812392],[26.444093,45.8079],[26.44494,45.801106],[26.448541,45.79797],[26.443177,45.790567],[26.430792,45.781847],[26.428777,45.776236],[26.42225,45.768937],[26.428224,45.763367],[26.440448,45.764788],[26.44471,45.75325],[26.439575,45.747321],[26.436559,45.740056],[26.442215,45.735152],[26.441549,45.730709],[26.456492,45.725911],[26.465863,45.719163],[26.465163,45.709511],[26.467871,45.70323],[26.481912,45.701219],[26.484395,45.696677],[26.488896,45.693957],[26.487253,45.690512],[26.495319,45.674001],[26.50416,45.669509],[26.511016,45.663807],[26.51925,45.650593],[26.524691,45.647672],[26.530224,45.641005],[26.536027,45.642528],[26.540967,45.641589],[26.546427,45.633397],[26.55499,45.629097],[26.563515,45.628521],[26.572127,45.633172],[26.594514,45.620912],[26.611008,45.628262],[26.618487,45.628475],[26.632687,45.652319],[26.640669,45.653266],[26.645663,45.650102],[26.648856,45.652458],[26.654189,45.649027],[26.670929,45.651114],[26.680095,45.658497],[26.691155,45.656954],[26.696962,45.659464],[26.701694,45.663794],[26.710402,45.66472],[26.744722,45.663802],[26.758423,45.665694],[26.758206,45.668643],[26.761897,45.674373],[26.767297,45.677271],[26.77965,45.676993],[26.800298,45.679642],[26.818495,45.686889],[26.840368,45.709499],[26.852718,45.73375],[26.86829,45.744165],[26.871658,45.743266],[26.879049,45.734538],[26.883862,45.732542],[26.90625,45.729924],[26.924903,45.731939],[26.957334,45.717889],[26.967819,45.716593],[26.974352,45.712125],[26.985099,45.712937],[26.99222,45.717561],[27.020271,45.747273],[27.03901,45.752869],[27.046248,45.758122],[27.051209,45.758532],[27.07044,45.747601],[27.07532,45.742804],[27.106225,45.734512],[27.12209,45.72372],[27.118639,45.720779],[27.118625,45.715885],[27.130281,45.695881],[27.127499,45.692169],[27.130015,45.688496],[27.135057,45.687751],[27.147989,45.675429],[27.155419,45.674408],[27.154351,45.668066],[27.157047,45.666637],[27.164818,45.667498],[27.172548,45.666092],[27.181776,45.661989],[27.180304,45.65978],[27.181854,45.657828],[27.204064,45.65183],[27.21398,45.660922],[27.213345,45.662273],[27.208781,45.66221],[27.208508,45.665666],[27.211045,45.664229],[27.216333,45.664815],[27.224096,45.661873],[27.231133,45.661895],[27.232224,45.659529],[27.237498,45.65975],[27.24023,45.657309],[27.24364,45.657289],[27.245088,45.652712],[27.253389,45.651966],[27.256967,45.647619],[27.260372,45.649598],[27.264765,45.648116],[27.266216,45.651924],[27.275486,45.652357],[27.278094,45.656695],[27.28636,45.658268],[27.285431,45.656116],[27.293925,45.649529],[27.297552,45.644449],[27.297658,45.633827],[27.303418,45.628957],[27.316148,45.626648],[27.320156,45.631593],[27.324721,45.633569],[27.332355,45.633108],[27.340247,45.627007],[27.345562,45.6255],[27.346232,45.630392],[27.34361,45.634001],[27.337361,45.635231],[27.336389,45.63702],[27.344871,45.637489],[27.350155,45.636091],[27.353038,45.62538],[27.359281,45.621446],[27.368184,45.619567],[27.393581,45.610193],[27.409501,45.613328],[27.414282,45.612476],[27.418929,45.606334],[27.418887,45.599407],[27.431999,45.598815],[27.441105,45.596655],[27.444953,45.58425],[27.463554,45.569423],[27.466574,45.565315],[27.469088,45.550736],[27.464348,45.54619],[27.466132,45.543407],[27.475925,45.537251],[27.475502,45.534914],[27.466083,45.534789],[27.469058,45.529599],[27.472776,45.528927],[27.478487,45.532831],[27.491107,45.530178],[27.486437,45.52388],[27.488676,45.51905],[27.501109,45.515899],[27.504666,45.512717],[27.505846,45.508373],[27.51207,45.506595],[27.514332,45.507462],[27.514205,45.512913],[27.519774,45.514244],[27.533495,45.505825],[27.538645,45.505109],[27.543766,45.51393],[27.546073,45.51414],[27.5477,45.512157],[27.54551,45.503361],[27.547045,45.498476],[27.559764,45.501043],[27.565319,45.488751],[27.573159,45.482435],[27.606574,45.463609],[27.616079,45.461537],[27.641411,45.472014],[27.654367,45.474519],[27.665962,45.473472],[27.678679,45.480564],[27.689187,45.479659],[27.691313,45.477719],[27.693287,45.465299],[27.707848,45.460136],[27.71952,45.449029],[27.723298,45.447952],[27.732838,45.451395],[27.736831,45.451464],[27.74413,45.446397],[27.742344,45.428213],[27.736192,45.422187],[27.737862,45.415765],[27.745507,45.415496],[27.751095,45.417986],[27.772295,45.421123],[27.779229,45.418236],[27.788392,45.407595],[27.799448,45.404609],[27.812504,45.395741],[27.81944,45.396307],[27.821726,45.399347],[27.824861,45.418124],[27.827363,45.419484],[27.833063,45.414058],[27.843758,45.416222],[27.844217,45.414708],[27.83069,45.404069],[27.833347,45.398127],[27.841296,45.398341],[27.849125,45.395655],[27.852344,45.396281],[27.857516,45.401558],[27.865185,45.41301],[27.868572,45.413944],[27.878595,45.411257],[27.882426,45.412814],[27.881686,45.418196],[27.884628,45.419223],[27.901865,45.415194],[27.910713,45.408579],[27.923991,45.40517],[27.942112,45.40548],[27.959122,45.401479],[27.9684,45.397134],[27.975034,45.395792],[27.977823,45.391443],[27.97841,45.383685],[27.98062,45.382547],[27.985784,45.391131],[28.001708,45.397332],[28.012761,45.400015],[28.019825,45.397732],[28.028033,45.397547],[28.030179,45.40448],[28.038193,45.415698],[28.088114,45.440071],[28.107408,45.442359],[28.133741,45.437031],[28.172239,45.418146],[28.183976,45.413829],[28.189624,45.414809],[28.192944,45.421075],[28.19541,45.446491],[28.201094,45.454731],[28.225314,45.463853]]]},"properties":{"key":"HIST-MOLDOVA","countryCode":"ROU"}},{"type":"Feature","geometry":{"type":"Polygon","coordinates":[[[24.268919,45.550543],[24.265611,45.551044],[24.26454,45.55431],[24.266577,45.556578],[24.274088,45.555379],[24.285151,45.561899],[24.314212,45.570639],[24.333988,45.58076],[24.342197,45.579219],[24.35783,45.583002],[24.385134,45.585148],[24.396479,45.583214],[24.421204,45.584195],[24.43271,45.582171],[24.437887,45.588299],[24.449052,45.589992],[24.458726,45.58197],[24.463006,45.581055],[24.473308,45.582769],[24.478016,45.581531],[24.479305,45.574489],[24.482734,45.573366],[24.508894,45.585945],[24.513134,45.586063],[24.52428,45.581325],[24.529282,45.581209],[24.533455,45.583947],[24.554973,45.587496],[24.562556,45.582087],[24.567191,45.581482],[24.588733,45.590511],[24.593125,45.59442],[24.622081,45.600313],[24.625466,45.604188],[24.63777,45.603495],[24.643836,45.604675],[24.64902,45.60254],[24.655696,45.6033],[24.659615,45.596868],[24.669144,45.595546],[24.674935,45.596216],[24.683651,45.604411],[24.694916,45.605431],[24.698604,45.60321],[24.714698,45.605043],[24.71569,45.607694],[24.721672,45.607736],[24.730297,45.607572],[24.735259,45.603876],[24.766664,45.610746],[24.777699,45.608888],[24.793441,45.603649],[24.800234,45.604248],[24.80767,45.607968],[24.82716,45.60455],[24.834219,45.593439],[24.843516,45.591714],[24.858556,45.591882],[24.868696,45.594067],[24.899906,45.594875],[24.91652,45.59358],[24.93533,45.583503],[24.946868,45.586332],[24.958249,45.592518],[24.967072,45.593796],[24.978208,45.591231],[24.983492,45.586421],[24.990729,45.588073],[25.002538,45.586695],[25.016181,45.587382],[25.033776,45.590736],[25.050735,45.586107],[25.099517,45.583127],[25.125875,45.572429],[25.130118,45.563188],[25.14404,45.558606],[25.149225,45.544988],[25.175599,45.535486],[25.181451,45.525737],[25.189577,45.523374],[25.209582,45.526661],[25.217863,45.526413],[25.23502,45.518275],[25.243744,45.499337],[25.237893,45.480484],[25.242476,45.472133],[25.251174,45.469096],[25.265536,45.449404],[25.278162,45.444149],[25.27601,45.434833],[25.278671,45.430899],[25.294879,45.437435],[25.317548,45.423673],[25.318478,45.419017],[25.313229,45.401466],[25.3203,45.38818],[25.321001,45.380901],[25.373595,45.391174],[25.392119,45.387927],[25.406006,45.387367],[25.410441,45.395517],[25.407535,45.412848],[25.410682,45.427453],[25.428957,45.438027],[25.436591,45.437463],[25.444838,45.440457],[25.451012,45.440346],[25.456337,45.446011],[25.468629,45.447833],[25.480393,45.456725],[25.492086,45.460049],[25.501655,45.467616],[25.513633,45.470362],[25.510059,45.474164],[25.509616,45.486721],[25.514076,45.489425],[25.507207,45.492692],[25.509946,45.496215],[25.526106,45.499208],[25.538133,45.510102],[25.545707,45.514107],[25.558338,45.510467],[25.573395,45.511331],[25.580485,45.51029],[25.586993,45.506819],[25.592519,45.507246],[25.598924,45.511874],[25.630827,45.49688],[25.650175,45.520356],[25.651281,45.526797],[25.63983,45.537345],[25.641658,45.540655],[25.646851,45.542392],[25.659029,45.532253],[25.660014,45.52878],[25.66882,45.5261],[25.676596,45.526106],[25.678629,45.519739],[25.690572,45.507943],[25.699655,45.504629],[25.699246,45.491735],[25.701733,45.480658],[25.708078,45.478737],[25.710887,45.475475],[25.715352,45.474222],[25.726577,45.465756],[25.741553,45.467954],[25.765085,45.466064],[25.770379,45.468692],[25.772063,45.474146],[25.782183,45.478868],[25.785855,45.483954],[25.798788,45.471313],[25.809108,45.469063],[25.81313,45.459756],[25.818215,45.455323],[25.821068,45.447438],[25.82733,45.440828],[25.82746,45.435291],[25.82368,45.434003],[25.824067,45.430534],[25.852669,45.427589],[25.857834,45.425421],[25.860465,45.421411],[25.864192,45.421456],[25.867541,45.423923],[25.869156,45.43],[25.867097,45.433821],[25.874913,45.441648],[25.889706,45.446813],[25.890488,45.459342],[25.887092,45.466067],[25.896049,45.476562],[25.895415,45.48245],[25.89155,45.483144],[25.890618,45.488397],[25.896843,45.496748],[25.907189,45.500752],[25.918539,45.514354],[25.920776,45.521918],[25.927195,45.521286],[25.930868,45.519358],[25.935589,45.513485],[25.962347,45.510898],[25.970047,45.506485],[25.971364,45.510039],[25.977683,45.51211],[25.993887,45.513539],[26.007738,45.505961],[26.013731,45.489413],[26.019738,45.48948],[26.025506,45.487648],[26.041786,45.477713],[26.046795,45.47847],[26.048745,45.481778],[26.054656,45.4849],[26.064535,45.48618],[26.067816,45.496763],[26.064448,45.50312],[26.073111,45.505562],[26.072253,45.50633],[26.082495,45.515383],[26.09326,45.516592],[26.097576,45.528455],[26.112928,45.543671],[26.121627,45.548926],[26.123497,45.555886],[26.130291,45.563728],[26.137166,45.567835],[26.147749,45.586877],[26.155005,45.584536],[26.155001,45.577662],[26.159805,45.577515],[26.162508,45.569795],[26.168615,45.567492],[26.170584,45.562619],[26.179754,45.573728],[26.175709,45.576351],[26.175354,45.579992],[26.179265,45.592207],[26.185914,45.600187],[26.184205,45.60354],[26.185796,45.60821],[26.194126,45.609495],[26.195364,45.611318],[26.208705,45.617159],[26.212531,45.621563],[26.230647,45.623499],[26.234388,45.622406],[26.249165,45.610671],[26.271629,45.61421],[26.275276,45.618183],[26.282376,45.622081],[26.285957,45.619191],[26.286521,45.615139],[26.290319,45.615526],[26.294759,45.609727],[26.30612,45.607057],[26.308423,45.603843],[26.321248,45.600054],[26.323257,45.596626],[26.326173,45.596629],[26.335598,45.591514],[26.351842,45.611903],[26.353754,45.619012],[26.35352,45.638903],[26.366686,45.645584],[26.367864,45.648501],[26.374378,45.651774],[26.399875,45.647779],[26.404126,45.648906],[26.406655,45.652551],[26.406337,45.661083],[26.423766,45.670794],[26.420397,45.68122],[26.421784,45.69098],[26.420188,45.698873],[26.417878,45.701194],[26.418516,45.721324],[26.407616,45.73787],[26.413654,45.753088],[26.414466,45.770026],[26.416419,45.770505],[26.419366,45.767491],[26.42225,45.768937],[26.428777,45.776236],[26.430792,45.781847],[26.443177,45.790567],[26.448541,45.79797],[26.44494,45.801106],[26.444093,45.8079],[26.440161,45.812392],[26.431877,45.815127],[26.430428,45.818029],[26.421773,45.821503],[26.419493,45.829036],[26.409893,45.828721],[26.390882,45.834219],[26.384538,45.840278],[26.403701,45.859418],[26.416314,45.864903],[26.424438,45.87309],[26.430884,45.875652],[26.437858,45.887781],[26.445698,45.89496],[26.450181,45.920126],[26.455175,45.933796],[26.468303,45.94235],[26.47133,45.951024],[26.463488,45.960008],[26.459195,45.968826],[26.458749,45.97756],[26.461022,45.986626],[26.472398,46.002482],[26.482673,46.007526],[26.488956,46.017671],[26.491052,46.023739],[26.485189,46.028722],[26.484277,46.034002],[26.501094,46.059481],[26.496516,46.065857],[26.505259,46.077],[26.505822,46.081707],[26.496482,46.090242],[26.501505,46.115816],[26.501305,46.123854],[26.495634,46.138346],[26.496379,46.146099],[26.487817,46.147576],[26.456807,46.160826],[26.435017,46.168079],[26.421703,46.162201],[26.420874,46.157593],[26.406097,46.152667],[26.409913,46.165912],[26.4098,46.173698],[26.413452,46.183276],[26.419202,46.191348],[26.40531,46.193153],[26.393411,46.198548],[26.341601,46.201636],[26.337823,46.216531],[26.332842,46.218875],[26.326803,46.230209],[26.328808,46.241613],[26.322279,46.243137],[26.31376,46.241743],[26.309492,46.239097],[26.280337,46.24691],[26.262044,46.246721],[26.262029,46.249336],[26.258283,46.250116],[26.260483,46.255682],[26.264282,46.256278],[26.2584,46.260904],[26.25685,46.265864],[26.252359,46.268342],[26.254094,46.270389],[26.252373,46.272442],[26.253496,46.277951],[26.261194,46.279573],[26.268957,46.28728],[26.274479,46.287952],[26.271518,46.292026],[26.272323,46.296036],[26.278013,46.299501],[26.277411,46.304166],[26.279803,46.305229],[26.283544,46.321272],[26.287994,46.323455],[26.289642,46.329268],[26.29285,46.332342],[26.285068,46.343088],[26.285002,46.355313],[26.282385,46.357558],[26.285106,46.364373],[26.293002,46.367417],[26.29394,46.370191],[26.285663,46.376884],[26.273588,46.376734],[26.272322,46.378371],[26.272693,46.382875],[26.275784,46.386955],[26.273382,46.39751],[26.263708,46.39649],[26.262792,46.398107],[26.260586,46.397986],[26.259349,46.395986],[26.257448,46.395183],[26.2544,46.396502],[26.251981,46.394175],[26.24788,46.396126],[26.241991,46.392669],[26.240527,46.393715],[26.239626,46.391795],[26.237206,46.392124],[26.210654,46.413387],[26.207849,46.424605],[26.217886,46.439803],[26.221625,46.455313],[26.197015,46.451256],[26.192518,46.453518],[26.189514,46.452584],[26.187739,46.453495],[26.179636,46.452277],[26.174854,46.449809],[26.171141,46.449979],[26.166522,46.447733],[26.15848,46.438419],[26.151384,46.435353],[26.144667,46.436081],[26.138345,46.434372],[26.134481,46.435374],[26.129361,46.4344],[26.1189,46.438057],[26.113976,46.441645],[26.109327,46.442361],[26.104666,46.445771],[26.110963,46.469196],[26.090963,46.47426],[26.08649,46.482438],[26.079139,46.485591],[26.078375,46.497968],[26.090091,46.507305],[26.08166,46.512069],[26.073328,46.52575],[26.066357,46.525749],[26.067069,46.528175],[26.087763,46.533869],[26.091075,46.541846],[26.101676,46.549006],[26.121787,46.555214],[26.126975,46.559332],[26.128305,46.567819],[26.13422,46.572165],[26.136713,46.577015],[26.139772,46.591475],[26.144747,46.593198],[26.146734,46.596166],[26.164643,46.603093],[26.165335,46.607659],[26.161488,46.625764],[26.157503,46.631003],[26.158012,46.642108],[26.151556,46.646556],[26.15309,46.650254],[26.148676,46.653026],[26.146843,46.656773],[26.140418,46.660468],[26.139495,46.6659],[26.130937,46.668086],[26.125874,46.674748],[26.124002,46.684069],[26.120213,46.686111],[26.112557,46.707087],[26.105323,46.715521],[26.098683,46.71884],[26.06846,46.721556],[26.060645,46.733716],[26.051496,46.742045],[26.046648,46.755874],[26.038529,46.761429],[26.030355,46.775899],[26.019315,46.781523],[26.006285,46.783513],[26.001451,46.790932],[26.001391,46.805695],[25.984695,46.820936],[25.977989,46.829662],[25.982321,46.831517],[25.984213,46.836066],[25.971054,46.852253],[25.962301,46.873661],[25.94708,46.869189],[25.940283,46.869449],[25.930327,46.88016],[25.92282,46.885046],[25.919347,46.895421],[25.906458,46.897378],[25.899384,46.901803],[25.881599,46.919199],[25.854343,46.925404],[25.841915,46.946058],[25.83925,46.959977],[25.824327,46.975548],[25.81929,46.978287],[25.805551,46.965411],[25.801338,46.966986],[25.795999,46.977153],[25.792073,46.978604],[25.789657,46.984661],[25.789709,46.994472],[25.781393,47.006414],[25.775722,47.011378],[25.768888,47.037104],[25.744301,47.053769],[25.738106,47.06932],[25.728851,47.07479],[25.701099,47.081882],[25.679476,47.089298],[25.665221,47.088537],[25.655252,47.092049],[25.649806,47.098212],[25.647639,47.106165],[25.640089,47.114661],[25.617183,47.125484],[25.606004,47.132866],[25.600021,47.134419],[25.596601,47.130384],[25.594104,47.118789],[25.581686,47.113378],[25.569413,47.11178],[25.555763,47.113469],[25.54467,47.118638],[25.539764,47.12482],[25.530566,47.131892],[25.521153,47.134695],[25.519486,47.132834],[25.51443,47.131836],[25.501944,47.133885],[25.496816,47.141327],[25.490871,47.145925],[25.484737,47.147501],[25.482823,47.150133],[25.4745,47.15348],[25.455053,47.155661],[25.446845,47.154153],[25.43769,47.163017],[25.42536,47.171216],[25.425059,47.178434],[25.420045,47.181388],[25.408589,47.177831],[25.399435,47.180754],[25.387022,47.176892],[25.372855,47.175525],[25.356587,47.1793],[25.352802,47.175247],[25.33971,47.170861],[25.329175,47.162495],[25.295733,47.161375],[25.281625,47.166462],[25.27243,47.182359],[25.266409,47.188728],[25.253474,47.191506],[25.23411,47.189296],[25.227515,47.193809],[25.210837,47.197411],[25.199759,47.202192],[25.194514,47.202156],[25.174232,47.225741],[25.172503,47.231468],[25.152671,47.230219],[25.14054,47.233692],[25.127683,47.22901],[25.125076,47.239068],[25.118592,47.245515],[25.099221,47.250142],[25.086852,47.250679],[25.083235,47.254088],[25.05522,47.268228],[25.037462,47.283186],[25.029521,47.286312],[25.031367,47.29141],[25.043983,47.29936],[25.045756,47.303497],[25.052289,47.303467],[25.05838,47.305265],[25.060519,47.309345],[25.077641,47.312525],[25.078108,47.315317],[25.074211,47.32173],[25.076028,47.326046],[25.073032,47.328662],[25.072967,47.334744],[25.080287,47.344101],[25.090188,47.347632],[25.074781,47.366149],[25.06414,47.375268],[25.062463,47.379307],[25.052051,47.377678],[25.041263,47.379877],[25.035233,47.385035],[25.033627,47.393448],[25.02643,47.397659],[25.019579,47.404434],[25.006407,47.410585],[25.002655,47.413947],[24.997087,47.414981],[24.985443,47.423817],[24.974618,47.428636],[24.974931,47.430618],[24.97763,47.431778],[24.997311,47.43005],[25.009405,47.434464],[25.025218,47.435966],[25.030165,47.434598],[25.031848,47.430336],[25.035195,47.428811],[25.044333,47.427797],[25.061402,47.433694],[25.06164,47.441477],[25.06575,47.4508],[25.056095,47.466838],[25.0688,47.475704],[25.075519,47.478256],[25.078637,47.48567],[25.091949,47.493583],[25.094694,47.496904],[25.095935,47.510019],[25.100924,47.514708],[25.100025,47.518156],[25.092908,47.523926],[25.066513,47.530165],[25.056359,47.544986],[25.055342,47.555085],[25.050914,47.560394],[25.034244,47.561977],[25.022279,47.565465],[25.01967,47.567625],[25.015392,47.566968],[25.012868,47.568962],[25.007004,47.568901],[25.000496,47.575907],[24.994123,47.577151],[24.99037,47.580927],[24.988975,47.583656],[24.991566,47.585681],[24.978352,47.588955],[24.975701,47.591832],[24.960077,47.597352],[24.952305,47.596189],[24.91536,47.598733],[24.90426,47.602524],[24.897314,47.602552],[24.877136,47.597486],[24.873269,47.59472],[24.863508,47.594384],[24.860768,47.591659],[24.840961,47.597432],[24.825882,47.596253],[24.821643,47.59335],[24.815293,47.575344],[24.807008,47.566796],[24.797446,47.569987],[24.793701,47.574901],[24.787183,47.576974],[24.770794,47.572275],[24.766126,47.573681],[24.754629,47.571695],[24.734333,47.572324],[24.72491,47.575898],[24.713453,47.572595],[24.703311,47.567725],[24.69842,47.563139],[24.689952,47.558743],[24.664865,47.557708],[24.658594,47.560255],[24.652607,47.567237],[24.630857,47.57582],[24.603335,47.569116],[24.582087,47.571539],[24.573615,47.566331],[24.571595,47.562853],[24.560143,47.564197],[24.556759,47.571953],[24.551331,47.573894],[24.52101,47.577781],[24.514918,47.582417],[24.504386,47.581583],[24.49512,47.585601],[24.482569,47.588199],[24.472004,47.588024],[24.459173,47.59264],[24.456769,47.595211],[24.449292,47.591982],[24.439588,47.591294],[24.420703,47.597324],[24.413714,47.597413],[24.406803,47.601485],[24.392674,47.604474],[24.386669,47.608053],[24.372596,47.591082],[24.361866,47.585477],[24.362766,47.578344],[24.360114,47.574309],[24.348348,47.570885],[24.345446,47.567413],[24.338312,47.569936],[24.33103,47.570371],[24.326045,47.575734],[24.311645,47.581413],[24.307903,47.580716],[24.306311,47.578969],[24.309075,47.568626],[24.30554,47.565005],[24.306589,47.562248],[24.297803,47.557085],[24.297574,47.554041],[24.288479,47.550586],[24.286983,47.546894],[24.28059,47.545097],[24.277707,47.541913],[24.27678,47.527993],[24.269117,47.523948],[24.267673,47.517593],[24.264649,47.517671],[24.257466,47.520262],[24.255914,47.526367],[24.248998,47.528137],[24.247013,47.534557],[24.227494,47.540719],[24.222997,47.544235],[24.222869,47.546354],[24.217467,47.548505],[24.200872,47.547977],[24.196537,47.551081],[24.187169,47.560677],[24.191179,47.56651],[24.186352,47.571072],[24.188147,47.573081],[24.177103,47.579757],[24.174475,47.580504],[24.168859,47.579138],[24.165266,47.584487],[24.166837,47.588837],[24.155153,47.593455],[24.153625,47.601567],[24.134585,47.601849],[24.122244,47.596216],[24.11325,47.595159],[24.109733,47.603984],[24.113389,47.615404],[24.107384,47.618543],[24.102955,47.627823],[24.087332,47.628481],[24.082055,47.632432],[24.073464,47.635196],[24.072086,47.639535],[24.063772,47.643096],[24.060062,47.64729],[24.053589,47.657977],[24.047064,47.661327],[24.034755,47.660223],[24.03302,47.661159],[24.026482,47.673637],[24.018744,47.673447],[24.015523,47.67139],[24.009683,47.672286],[24.00318,47.668419],[23.987435,47.66684],[23.984284,47.66411],[23.983685,47.660154],[23.973013,47.659341],[23.960776,47.665393],[23.946007,47.666497],[23.923527,47.663689],[23.91415,47.660253],[23.907842,47.661127],[23.898257,47.65327],[23.905164,47.640997],[23.90552,47.628165],[23.909597,47.625507],[23.910535,47.62261],[23.908167,47.618086],[23.902414,47.61588],[23.892047,47.606277],[23.884138,47.603183],[23.884902,47.596978],[23.883312,47.594207],[23.873925,47.590409],[23.870631,47.582584],[23.857492,47.577937],[23.849972,47.571064],[23.850255,47.560443],[23.845154,47.554836],[23.804988,47.541024],[23.801217,47.535373],[23.79512,47.531506],[23.795545,47.522284],[23.798481,47.52076],[23.806898,47.503322],[23.800682,47.498322],[23.781448,47.49126],[23.774632,47.485174],[23.766864,47.470888],[23.758834,47.473057],[23.75469,47.470605],[23.746424,47.470499],[23.746477,47.461049],[23.72451,47.462386],[23.720164,47.455897],[23.722197,47.454984],[23.720453,47.451654],[23.707265,47.44589],[23.701512,47.441057],[23.701511,47.438381],[23.695226,47.43517],[23.691883,47.424176],[23.68654,47.423448],[23.682643,47.427277],[23.681952,47.431789],[23.686348,47.434117],[23.685298,47.435625],[23.675445,47.431823],[23.666561,47.430585],[23.665236,47.435417],[23.67024,47.436812],[23.663986,47.443414],[23.662201,47.443713],[23.660731,47.440832],[23.657047,47.442897],[23.649295,47.440085],[23.644386,47.443128],[23.642545,47.440213],[23.638363,47.440085],[23.637918,47.435277],[23.633569,47.434973],[23.631411,47.437864],[23.628225,47.433274],[23.624332,47.434961],[23.620466,47.433242],[23.608433,47.434966],[23.602707,47.437509],[23.599786,47.435225],[23.59299,47.434601],[23.584144,47.424163],[23.583933,47.412542],[23.574448,47.410974],[23.561579,47.404244],[23.556246,47.392005],[23.5522,47.390068],[23.548698,47.390158],[23.537018,47.395342],[23.519701,47.398231],[23.512092,47.398723],[23.505216,47.39571],[23.495655,47.402169],[23.482122,47.406497],[23.485205,47.390756],[23.49077,47.382423],[23.486243,47.379925],[23.468413,47.380929],[23.458317,47.379043],[23.440122,47.379836],[23.431261,47.383432],[23.424674,47.382842],[23.417136,47.390662],[23.405165,47.391721],[23.394669,47.39477],[23.374211,47.391819],[23.377309,47.387523],[23.377193,47.383623],[23.380808,47.380606],[23.373066,47.377738],[23.373247,47.376169],[23.377679,47.376114],[23.382042,47.373879],[23.360699,47.352119],[23.3574,47.32812],[23.337947,47.319024],[23.327832,47.307585],[23.323537,47.30638],[23.322874,47.297304],[23.335344,47.296218],[23.339317,47.298203],[23.345894,47.298097],[23.351136,47.302119],[23.358477,47.301861],[23.375285,47.312316],[23.382162,47.311449],[23.393813,47.315387],[23.397025,47.322738],[23.402115,47.322358],[23.413786,47.317495],[23.41908,47.308174],[23.426277,47.303403],[23.423466,47.301484],[23.422581,47.294724],[23.42019,47.292684],[23.413959,47.294622],[23.397098,47.290117],[23.384334,47.291574],[23.372769,47.29474],[23.368835,47.294766],[23.367137,47.29275],[23.376601,47.290111],[23.384057,47.284765],[23.397425,47.283003],[23.400957,47.27804],[23.409091,47.278697],[23.423864,47.269827],[23.430866,47.267946],[23.452442,47.271283],[23.459565,47.262081],[23.477394,47.256993],[23.476805,47.250314],[23.471548,47.249056],[23.47733,47.24265],[23.478659,47.238343],[23.488752,47.23674],[23.491592,47.229476],[23.500384,47.225575],[23.502104,47.22321],[23.500714,47.218542],[23.478833,47.210074],[23.477095,47.20075],[23.459975,47.193365],[23.450622,47.187311],[23.442934,47.186783],[23.426443,47.188519],[23.417437,47.193302],[23.39665,47.199208],[23.39347,47.202332],[23.384629,47.201207],[23.378448,47.198534],[23.365118,47.197404],[23.362974,47.195439],[23.363834,47.188562],[23.360774,47.18574],[23.362265,47.182108],[23.360176,47.17965],[23.360692,47.174945],[23.366131,47.172523],[23.365584,47.170019],[23.355587,47.161205],[23.355458,47.156368],[23.360829,47.144975],[23.360094,47.140299],[23.353533,47.137194],[23.353694,47.127783],[23.345981,47.124949],[23.342327,47.127449],[23.339249,47.125919],[23.343002,47.121901],[23.336668,47.120145],[23.327123,47.111505],[23.327282,47.098351],[23.325307,47.095549],[23.318306,47.09623],[23.315355,47.087828],[23.309922,47.087621],[23.304197,47.083915],[23.301754,47.085205],[23.301586,47.087725],[23.304105,47.092297],[23.299031,47.094727],[23.266307,47.086511],[23.261277,47.08755],[23.260815,47.092258],[23.241485,47.095415],[23.238,47.090014],[23.230821,47.089818],[23.219966,47.085723],[23.219792,47.0766],[23.214562,47.072338],[23.206295,47.071371],[23.202578,47.068422],[23.189487,47.065802],[23.177316,47.068591],[23.161648,47.060444],[23.156088,47.05952],[23.155808,47.048781],[23.165947,47.04547],[23.166279,47.042821],[23.160847,47.039269],[23.160521,47.034833],[23.143203,47.033461],[23.129848,47.029957],[23.120658,47.018439],[23.099747,47.014811],[23.100372,47.008143],[23.098728,47.005401],[23.092821,47.002009],[23.084566,47.005839],[23.064656,47.002385],[23.059854,47.004918],[23.051061,47.005366],[23.046546,46.999759],[23.035548,47.000413],[23.027358,47.007721],[23.026033,47.011479],[23.021547,47.009449],[23.018473,47.010162],[23.016097,47.007397],[23.013662,46.994558],[23.002133,46.993147],[22.999515,46.994554],[22.998014,47.002704],[22.980639,47.003964],[22.976883,47.006907],[22.973061,47.006847],[22.956228,47.00342],[22.946554,46.99607],[22.940524,46.987923],[22.923433,46.986167],[22.892064,46.974887],[22.879858,46.978553],[22.870883,46.977226],[22.859991,46.985314],[22.841663,46.979742],[22.825827,46.985412],[22.806179,46.98016],[22.794456,46.978666],[22.784724,46.98271],[22.784489,46.988457],[22.763997,46.997039],[22.752354,47.004297],[22.741229,47.00526],[22.733859,47.008262],[22.726768,47.007534],[22.725196,47.004156],[22.702101,46.990094],[22.69741,46.98325],[22.675147,46.970156],[22.679131,46.962138],[22.672447,46.949983],[22.679019,46.948154],[22.679392,46.945174],[22.686437,46.938797],[22.701432,46.937232],[22.715222,46.932932],[22.728645,46.921331],[22.734584,46.919139],[22.736561,46.915727],[22.746974,46.912882],[22.774172,46.911205],[22.77743,46.896911],[22.760982,46.879412],[22.753877,46.876616],[22.749551,46.867885],[22.744024,46.846815],[22.738953,46.841844],[22.725442,46.816656],[22.708795,46.812972],[22.704281,46.807134],[22.681151,46.804575],[22.660589,46.805696],[22.649705,46.804348],[22.641023,46.801744],[22.63816,46.799222],[22.647107,46.791228],[22.654624,46.778311],[22.661372,46.774981],[22.675424,46.768801],[22.692886,46.767532],[22.69888,46.765381],[22.71157,46.765365],[22.716141,46.761155],[22.717493,46.755801],[22.714753,46.747095],[22.7092,46.741024],[22.708872,46.738275],[22.711675,46.735807],[22.72303,46.73158],[22.730127,46.726451],[22.739005,46.716179],[22.743912,46.708531],[22.742371,46.704655],[22.748528,46.700412],[22.745439,46.693475],[22.749294,46.688253],[22.758469,46.682849],[22.770399,46.667408],[22.773868,46.652901],[22.775854,46.65042],[22.782283,46.648185],[22.792772,46.64098],[22.792679,46.63397],[22.78806,46.629715],[22.788349,46.627766],[22.804111,46.63175],[22.807048,46.635057],[22.818186,46.639285],[22.815523,46.634198],[22.808646,46.629371],[22.801893,46.618209],[22.806605,46.612676],[22.807124,46.589482],[22.815888,46.583865],[22.816055,46.566699],[22.821059,46.556467],[22.820019,46.553952],[22.801604,46.560826],[22.791304,46.557422],[22.780129,46.550071],[22.733402,46.548352],[22.727472,46.547001],[22.701903,46.530651],[22.700109,46.526062],[22.691234,46.518767],[22.677196,46.523358],[22.678168,46.515646],[22.675682,46.506791],[22.678994,46.493307],[22.671387,46.489153],[22.672061,46.484866],[22.678786,46.477288],[22.680372,46.467133],[22.690988,46.453212],[22.689811,46.440079],[22.700736,46.434886],[22.696423,46.427015],[22.697349,46.421265],[22.689036,46.413928],[22.676826,46.410578],[22.674324,46.406153],[22.677177,46.401632],[22.677522,46.396089],[22.68349,46.385853],[22.697628,46.380755],[22.699186,46.368788],[22.709101,46.364091],[22.728793,46.363196],[22.73448,46.3592],[22.742215,46.357155],[22.750689,46.350993],[22.74636,46.350278],[22.740963,46.34526],[22.732624,46.341959],[22.728221,46.335872],[22.692569,46.322803],[22.680951,46.323364],[22.67757,46.320282],[22.681988,46.306882],[22.68007,46.299076],[22.672119,46.291849],[22.671763,46.28455],[22.663763,46.27489],[22.659788,46.26311],[22.654186,46.255145],[22.661988,46.248044],[22.659209,46.242912],[22.660533,46.240474],[22.657003,46.235957],[22.64746,46.232829],[22.647293,46.229359],[22.634629,46.226206],[22.631317,46.230958],[22.628052,46.229131],[22.625428,46.23105],[22.619499,46.229109],[22.61546,46.222811],[22.601101,46.227104],[22.591273,46.227571],[22.589457,46.22461],[22.589558,46.2133],[22.594428,46.209937],[22.597314,46.201908],[22.587235,46.199992],[22.582174,46.201406],[22.576591,46.200631],[22.570862,46.198056],[22.559149,46.2014],[22.546241,46.201705],[22.534185,46.213856],[22.525796,46.217652],[22.515572,46.218228],[22.510983,46.220475],[22.501495,46.232657],[22.496139,46.24312],[22.493064,46.243227],[22.486746,46.236969],[22.469913,46.231935],[22.462504,46.226571],[22.462225,46.220888],[22.449772,46.218325],[22.446189,46.21667],[22.444455,46.211124],[22.439189,46.210497],[22.438319,46.207729],[22.447976,46.191218],[22.45361,46.175065],[22.451862,46.169454],[22.454683,46.162187],[22.466142,46.147388],[22.465739,46.144968],[22.456953,46.138602],[22.456348,46.130289],[22.450531,46.126354],[22.445452,46.117195],[22.442542,46.114997],[22.432465,46.113142],[22.430243,46.107406],[22.423186,46.107346],[22.421047,46.105173],[22.417906,46.105277],[22.411714,46.108669],[22.406428,46.094414],[22.409195,46.087825],[22.419343,46.081055],[22.429133,46.078131],[22.430131,46.073807],[22.428231,46.065716],[22.435069,46.049028],[22.428313,46.046185],[22.429117,46.038229],[22.427078,46.034679],[22.440339,46.026793],[22.436838,46.021043],[22.436962,46.0113],[22.433432,46.009709],[22.433628,46.002149],[22.430637,45.994976],[22.422166,45.984152],[22.42511,45.976799],[22.427342,45.955035],[22.422828,45.946219],[22.421961,45.937402],[22.426775,45.925659],[22.416735,45.924814],[22.412381,45.905438],[22.408542,45.901468],[22.392137,45.895808],[22.386548,45.89227],[22.381546,45.88855],[22.381945,45.885755],[22.389601,45.880308],[22.39037,45.875327],[22.396724,45.873675],[22.408065,45.860878],[22.414111,45.857224],[22.432319,45.855774],[22.440396,45.853164],[22.44678,45.848613],[22.45875,45.848506],[22.460369,45.840875],[22.467127,45.836965],[22.472834,45.838021],[22.475644,45.833766],[22.478239,45.809597],[22.4714,45.803905],[22.471087,45.800175],[22.478253,45.795321],[22.479866,45.787089],[22.488591,45.786895],[22.496101,45.784582],[22.508313,45.787602],[22.521425,45.795973],[22.521428,45.799114],[22.530898,45.801391],[22.534329,45.799878],[22.547474,45.78512],[22.546872,45.780499],[22.54957,45.776948],[22.546705,45.773156],[22.537605,45.769051],[22.537118,45.763775],[22.526283,45.75947],[22.512462,45.749057],[22.467224,45.730097],[22.463203,45.721216],[22.466028,45.699929],[22.463664,45.693854],[22.453687,45.684358],[22.441611,45.683181],[22.433466,45.68082],[22.425672,45.667757],[22.451404,45.659282],[22.456773,45.654483],[22.454003,45.647402],[22.459261,45.645734],[22.475194,45.628524],[22.48106,45.624159],[22.489915,45.62133],[22.503021,45.610106],[22.507001,45.605258],[22.505441,45.603427],[22.507282,45.598428],[22.517848,45.594861],[22.54335,45.595642],[22.544835,45.594403],[22.544055,45.586976],[22.532301,45.577482],[22.534119,45.572763],[22.532481,45.561095],[22.522684,45.558435],[22.514757,45.55022],[22.513995,45.522742],[22.524569,45.502285],[22.531289,45.49543],[22.531479,45.490235],[22.534246,45.485513],[22.542697,45.478972],[22.561678,45.469142],[22.567794,45.460094],[22.575989,45.453689],[22.578208,45.445751],[22.584951,45.439094],[22.594035,45.434169],[22.605736,45.432501],[22.621686,45.433335],[22.624257,45.425988],[22.631493,45.418481],[22.659703,45.401302],[22.667423,45.398256],[22.667509,45.383251],[22.656104,45.373946],[22.656559,45.369174],[22.666823,45.36378],[22.668103,45.356231],[22.679599,45.348791],[22.689639,45.330473],[22.694157,45.331204],[22.696229,45.32855],[22.693605,45.322738],[22.696053,45.314304],[22.694629,45.304212],[22.676709,45.282384],[22.673399,45.271982],[22.674127,45.257902],[22.681168,45.249961],[22.697815,45.254175],[22.702811,45.258013],[22.70976,45.25821],[22.72295,45.255032],[22.730149,45.255213],[22.739325,45.260308],[22.740847,45.266238],[22.757779,45.266306],[22.765768,45.270173],[22.77284,45.270239],[22.777005,45.267037],[22.777289,45.262279],[22.791344,45.269028],[22.815771,45.2733],[22.828921,45.28408],[22.835551,45.281752],[22.843476,45.27501],[22.864268,45.263194],[22.878653,45.26637],[22.895405,45.27346],[22.915337,45.278597],[22.929754,45.28008],[22.944338,45.27336],[22.95224,45.273774],[22.957246,45.272132],[22.975078,45.271151],[22.993,45.277654],[23.005742,45.280278],[23.020912,45.277729],[23.054964,45.280911],[23.084527,45.275903],[23.08581,45.282838],[23.092034,45.290136],[23.109134,45.288275],[23.134411,45.279516],[23.149367,45.289813],[23.166076,45.294796],[23.17807,45.293457],[23.194335,45.301606],[23.201104,45.298687],[23.217312,45.298572],[23.246706,45.307339],[23.257947,45.308396],[23.289308,45.30924],[23.310595,45.300837],[23.319867,45.304206],[23.331808,45.316169],[23.329421,45.321835],[23.33654,45.329341],[23.346682,45.337831],[23.354622,45.339412],[23.363516,45.336655],[23.381814,45.336174],[23.412539,45.325854],[23.41826,45.32132],[23.423269,45.309433],[23.43385,45.307124],[23.438645,45.30269],[23.44233,45.295567],[23.450111,45.297953],[23.462495,45.299104],[23.475524,45.303357],[23.479978,45.314023],[23.487989,45.314646],[23.509232,45.323908],[23.510332,45.328092],[23.5271,45.331307],[23.53785,45.340838],[23.551663,45.339195],[23.561239,45.344259],[23.565094,45.350203],[23.58917,45.35397],[23.586272,45.358475],[23.584836,45.366878],[23.586589,45.37202],[23.600444,45.378885],[23.598724,45.389489],[23.593425,45.394919],[23.588423,45.412303],[23.593153,45.417725],[23.591602,45.421045],[23.57809,45.422645],[23.575943,45.427149],[23.578063,45.43194],[23.584167,45.43518],[23.588193,45.447587],[23.595613,45.453716],[23.594027,45.461718],[23.598316,45.466747],[23.598136,45.472365],[23.592227,45.486865],[23.593157,45.492333],[23.584294,45.499419],[23.5829,45.504217],[23.57776,45.5076],[23.587634,45.510619],[23.607091,45.513278],[23.644468,45.524765],[23.651732,45.520454],[23.650172,45.517982],[23.651048,45.513532],[23.656182,45.508826],[23.668003,45.509831],[23.688333,45.519287],[23.699068,45.504971],[23.697841,45.491299],[23.699607,45.484321],[23.698012,45.476955],[23.694282,45.475491],[23.688263,45.469106],[23.691938,45.454394],[23.689657,45.445171],[23.697586,45.428868],[23.705047,45.426418],[23.739241,45.432215],[23.770861,45.447648],[23.77209,45.450513],[23.775068,45.450111],[23.783538,45.455027],[23.785347,45.460826],[23.801206,45.464903],[23.810316,45.470896],[23.812114,45.474884],[23.828796,45.476356],[23.836531,45.473099],[23.843304,45.473661],[23.848406,45.476219],[23.861691,45.47205],[23.877938,45.459617],[23.898382,45.457731],[23.907346,45.459828],[23.912254,45.457726],[23.931408,45.458384],[23.942188,45.490838],[23.950108,45.489206],[23.963813,45.491796],[23.977034,45.487307],[23.982444,45.491829],[23.985658,45.491448],[23.987598,45.493001],[23.988759,45.508048],[23.980686,45.53308],[23.993716,45.531815],[24.001299,45.527253],[24.010966,45.531791],[24.020892,45.531334],[24.03401,45.52354],[24.059179,45.518935],[24.080043,45.512375],[24.094127,45.513398],[24.104581,45.51126],[24.112974,45.512649],[24.11836,45.509181],[24.120595,45.513388],[24.127767,45.51461],[24.136296,45.515256],[24.145764,45.512713],[24.154792,45.517389],[24.156853,45.517164],[24.15651,45.514779],[24.15866,45.514175],[24.168126,45.515444],[24.171574,45.514533],[24.179471,45.520947],[24.182166,45.519507],[24.182976,45.521868],[24.205184,45.523882],[24.21312,45.528987],[24.212539,45.531315],[24.228531,45.547087],[24.238092,45.544986],[24.25801,45.544752],[24.268919,45.550543]]]},"properties":{"key":"HIST-TRANSYLVANIA","countryCode":"ROU"}},{"type":"Feature","geometry":{"type":"Polygon","coordinates":[[[22.470439,44.713831],[22.48302,44.708458],[22.490221,44.700882],[22.505563,44.692524],[22.519357,44.677588],[22.523368,44.676501],[22.553241,44.652772],[22.5617,44.648566],[22.564112,44.646469],[22.566505,44.639105],[22.574995,44.633637],[22.622007,44.614732],[22.637283,44.614689],[22.670186,44.619451],[22.678379,44.616902],[22.681132,44.61027],[22.685185,44.607413],[22.708953,44.602134],[22.753209,44.565237],[22.761212,44.554983],[22.76333,44.548073],[22.762912,44.540448],[22.757616,44.536436],[22.71116,44.519792],[22.695569,44.516819],[22.683944,44.520024],[22.654509,44.536116],[22.642093,44.544878],[22.634268,44.54648],[22.626344,44.550157],[22.614921,44.552662],[22.588678,44.551181],[22.576996,44.547026],[22.564692,44.536991],[22.562518,44.533408],[22.5602,44.52294],[22.560012,44.505396],[22.55482,44.490013],[22.547882,44.481961],[22.525872,44.473461],[22.51646,44.471898],[22.496137,44.477804],[22.473563,44.480858],[22.465291,44.479958],[22.460625,44.477706],[22.455634,44.470265],[22.455897,44.464821],[22.465103,44.443315],[22.471483,44.437012],[22.480755,44.432939],[22.501299,44.41747],[22.498514,44.411056],[22.499835,44.394914],[22.503391,44.380718],[22.516042,44.35899],[22.5233,44.339777],[22.547437,44.322881],[22.555208,44.311813],[22.563279,44.305751],[22.577813,44.303804],[22.617102,44.293486],[22.63658,44.294015],[22.644392,44.292839],[22.671533,44.283794],[22.675734,44.281184],[22.682883,44.271464],[22.685251,44.256457],[22.682601,44.248046],[22.672668,44.231979],[22.671401,44.222582],[22.673044,44.217054],[22.685611,44.208221],[22.699447,44.203817],[22.730173,44.201994],[22.74906,44.198084],[22.781814,44.172115],[22.80035,44.160734],[22.812853,44.154053],[22.840265,44.146708],[22.870654,44.13336],[22.898601,44.114931],[22.92512,44.102369],[22.935617,44.099991],[22.991197,44.098014],[23.012851,44.093913],[23.023991,44.08959],[23.036931,44.079824],[23.044158,44.068223],[23.045298,44.058128],[23.037458,44.044906],[23.022638,44.028065],[23.013538,44.020798],[23.016181,44.018857],[23.009696,44.013659],[23.003689,44.011341],[22.978247,44.006603],[22.97038,44.005945],[22.969395,44.008747],[22.928537,44.001475],[22.909305,43.994669],[22.893001,43.990851],[22.89138,43.992026],[22.87837,43.981796],[22.880074,43.980935],[22.872894,43.966287],[22.867899,43.947854],[22.859887,43.934003],[22.863181,43.933101],[22.8617,43.924128],[22.850643,43.909115],[22.847468,43.909399],[22.847307,43.90444],[22.837925,43.88692],[22.838561,43.874889],[22.841558,43.872988],[22.843929,43.864624],[22.842333,43.864029],[22.852608,43.850696],[22.862532,43.841139],[22.873124,43.835272],[22.906285,43.826109],[22.933594,43.823783],[22.948088,43.819037],[22.94667,43.817343],[22.952435,43.813429],[22.953659,43.814726],[22.974839,43.808753],[22.975948,43.810166],[22.984078,43.807531],[22.985202,43.80975],[23.007182,43.805771],[23.03411,43.803001],[23.033658,43.801084],[23.043451,43.798383],[23.042681,43.796516],[23.056457,43.796038],[23.130395,43.805541],[23.212565,43.833228],[23.228605,43.837618],[23.238603,43.837354],[23.267426,43.847041],[23.335859,43.850261],[23.373131,43.847763],[23.387327,43.850693],[23.414872,43.853025],[23.435843,43.850337],[23.463971,43.840324],[23.507101,43.834065],[23.520013,43.82841],[23.528718,43.820197],[23.544242,43.81166],[23.569159,43.803676],[23.567577,43.801022],[23.592036,43.795492],[23.593276,43.797493],[23.611933,43.791751],[23.631075,43.791565],[23.675751,43.801981],[23.694633,43.802859],[23.700424,43.80434],[23.755089,43.800333],[23.753364,43.798096],[23.764795,43.786091],[23.781362,43.779934],[23.809178,43.774179],[23.810058,43.775807],[23.831813,43.767721],[23.83075,43.766075],[23.863038,43.755277],[23.926084,43.745271],[23.966463,43.744791],[23.988291,43.739824],[24.019311,43.729373],[24.060439,43.719117],[24.06923,43.715247],[24.07304,43.712604],[24.07175,43.711165],[24.086079,43.702422],[24.123241,43.697542],[24.14114,43.693027],[24.158316,43.685807],[24.173003,43.682847],[24.186143,43.68259],[24.198528,43.684841],[24.218591,43.685774],[24.238313,43.69041],[24.255093,43.691623],[24.310454,43.700582],[24.348256,43.69759],[24.381217,43.712967],[24.378911,43.716038],[24.382505,43.719852],[24.393926,43.725329],[24.396382,43.728863],[24.408255,43.737137],[24.442255,43.74457],[24.444079,43.744783],[24.445716,43.742163],[24.497991,43.761791],[24.512566,43.765084],[24.512305,43.76274],[24.523836,43.760209],[24.558871,43.755076],[24.559499,43.756191],[24.577515,43.753777],[24.622737,43.742619],[24.640315,43.734346],[24.652766,43.725729],[24.668864,43.717587],[24.667541,43.716441],[24.683107,43.705191],[24.704463,43.694012],[24.720144,43.688285],[24.73401,43.685322],[24.752166,43.687319],[24.772211,43.694797],[24.79882,43.708101],[24.798103,43.709497],[24.81542,43.712578],[24.830237,43.713489],[24.847584,43.709322],[24.842366,43.715806],[24.831544,43.723371],[24.828966,43.74201],[24.816556,43.747918],[24.813323,43.752453],[24.809412,43.753905],[24.809463,43.747815],[24.807707,43.747113],[24.804338,43.748848],[24.800824,43.755561],[24.785859,43.75058],[24.777358,43.749689],[24.772927,43.754895],[24.770323,43.761936],[24.761115,43.766055],[24.761586,43.769195],[24.774833,43.771983],[24.778016,43.774768],[24.77778,43.778839],[24.776023,43.780201],[24.770301,43.779365],[24.767309,43.776702],[24.760273,43.775947],[24.756633,43.779106],[24.759053,43.789501],[24.745091,43.790631],[24.727996,43.797631],[24.729734,43.804183],[24.734759,43.807407],[24.732477,43.811436],[24.706061,43.82337],[24.699514,43.823314],[24.695046,43.819771],[24.700244,43.813253],[24.69556,43.807738],[24.688622,43.807247],[24.685944,43.811422],[24.688265,43.817682],[24.679577,43.833293],[24.679546,43.843646],[24.674926,43.848913],[24.670618,43.864657],[24.662859,43.868766],[24.659364,43.867166],[24.654933,43.868088],[24.653139,43.883644],[24.648815,43.885945],[24.642118,43.89598],[24.636947,43.896902],[24.629511,43.903292],[24.623242,43.912067],[24.628099,43.918521],[24.626999,43.922814],[24.62102,43.926901],[24.619096,43.933535],[24.622602,43.938228],[24.621227,43.943106],[24.604791,43.960362],[24.597952,43.975191],[24.59034,43.979078],[24.585432,43.984728],[24.587586,43.988246],[24.596246,43.993732],[24.59541,43.99861],[24.589688,44.004648],[24.589624,44.018701],[24.585261,44.022985],[24.577299,44.042873],[24.578344,44.051076],[24.575877,44.05595],[24.563665,44.057078],[24.56307,44.066836],[24.551287,44.070432],[24.55289,44.07551],[24.549341,44.078818],[24.541187,44.079967],[24.534324,44.093022],[24.528064,44.095151],[24.523119,44.104698],[24.503992,44.122785],[24.501186,44.137601],[24.496825,44.139732],[24.488685,44.137173],[24.48242,44.139298],[24.481533,44.161833],[24.487757,44.166729],[24.488539,44.171609],[24.481436,44.175685],[24.47947,44.184456],[24.474313,44.183269],[24.469128,44.185592],[24.466346,44.194748],[24.46086,44.201359],[24.4516,44.203081],[24.445579,44.208519],[24.439192,44.226427],[24.435981,44.229796],[24.430154,44.244208],[24.420815,44.2549],[24.412058,44.260132],[24.409092,44.257972],[24.405823,44.258349],[24.401963,44.26503],[24.407655,44.271943],[24.404113,44.275506],[24.397439,44.276408],[24.390948,44.280315],[24.392011,44.284204],[24.397553,44.287665],[24.396415,44.290576],[24.390558,44.295318],[24.388234,44.301032],[24.381406,44.30373],[24.381337,44.312304],[24.375529,44.323386],[24.377641,44.331578],[24.374908,44.332736],[24.369214,44.329596],[24.36702,44.331536],[24.367532,44.335433],[24.372407,44.338766],[24.372252,44.345351],[24.367673,44.351215],[24.360578,44.352547],[24.352108,44.351227],[24.347731,44.352772],[24.347506,44.35823],[24.350632,44.363505],[24.346527,44.365822],[24.345941,44.370302],[24.350511,44.379078],[24.347507,44.408879],[24.352375,44.413185],[24.353433,44.417279],[24.344953,44.420358],[24.339716,44.426761],[24.332311,44.431401],[24.322224,44.430768],[24.309118,44.432653],[24.305381,44.437723],[24.305034,44.457434],[24.30167,44.466374],[24.295674,44.465956],[24.291525,44.472164],[24.294504,44.474125],[24.300234,44.473958],[24.300987,44.480773],[24.306669,44.486057],[24.305774,44.494227],[24.296152,44.501183],[24.300898,44.519114],[24.304202,44.522554],[24.311309,44.521219],[24.318124,44.522223],[24.326743,44.535126],[24.328324,44.541365],[24.323895,44.548347],[24.321794,44.569343],[24.317892,44.578076],[24.32655,44.586868],[24.321855,44.592681],[24.32041,44.601426],[24.315141,44.60996],[24.313941,44.632413],[24.308315,44.649699],[24.301142,44.65635],[24.294239,44.666693],[24.296743,44.671805],[24.296574,44.677062],[24.286345,44.689838],[24.28683,44.696255],[24.292514,44.702308],[24.289736,44.706957],[24.288939,44.720178],[24.277105,44.727708],[24.277482,44.745206],[24.284277,44.749905],[24.279178,44.767562],[24.270475,44.77652],[24.273713,44.7812],[24.274217,44.785671],[24.268998,44.787587],[24.264303,44.791839],[24.264199,44.802132],[24.25888,44.81415],[24.263726,44.822332],[24.263667,44.828353],[24.250643,44.843627],[24.257048,44.847436],[24.251728,44.864607],[24.254157,44.875081],[24.254071,44.890763],[24.247521,44.902633],[24.246817,44.922101],[24.249821,44.929618],[24.2698,44.959484],[24.285603,44.988717],[24.291663,45.003747],[24.308018,45.020879],[24.309374,45.028917],[24.315661,45.038681],[24.325579,45.045918],[24.348143,45.054186],[24.358389,45.068097],[24.380795,45.085364],[24.396531,45.085535],[24.411859,45.090149],[24.42341,45.090594],[24.430453,45.094065],[24.435347,45.100747],[24.43354,45.116401],[24.437964,45.123655],[24.437811,45.130035],[24.434742,45.134442],[24.42688,45.137358],[24.411587,45.137965],[24.393803,45.142662],[24.382903,45.148338],[24.375941,45.157908],[24.366661,45.176423],[24.370837,45.181355],[24.378808,45.184244],[24.380964,45.199381],[24.370592,45.209496],[24.350974,45.219528],[24.342275,45.227395],[24.342533,45.233429],[24.345932,45.237058],[24.342155,45.246316],[24.333976,45.25812],[24.320826,45.261446],[24.321878,45.265883],[24.307527,45.278387],[24.303779,45.287259],[24.291391,45.295407],[24.291183,45.298534],[24.284962,45.300278],[24.288524,45.307287],[24.287126,45.309961],[24.270122,45.308178],[24.26907,45.30984],[24.278742,45.31469],[24.284476,45.319674],[24.283944,45.323544],[24.279585,45.328625],[24.28061,45.332126],[24.27502,45.337198],[24.278345,45.339954],[24.278263,45.342472],[24.264589,45.351433],[24.266366,45.354672],[24.269336,45.354867],[24.287152,45.349763],[24.297316,45.351859],[24.299207,45.354862],[24.296292,45.361504],[24.298631,45.375778],[24.295807,45.383166],[24.30488,45.389486],[24.306808,45.393789],[24.293403,45.418446],[24.299225,45.437618],[24.305229,45.440851],[24.306152,45.447244],[24.304745,45.449511],[24.294482,45.454798],[24.28796,45.464166],[24.294024,45.473127],[24.291388,45.478677],[24.293153,45.483446],[24.301085,45.488728],[24.303958,45.497879],[24.300636,45.501873],[24.290492,45.5016],[24.285661,45.504345],[24.284479,45.507808],[24.285958,45.510172],[24.282233,45.51783],[24.276462,45.520447],[24.272355,45.526637],[24.270811,45.539334],[24.267321,45.543537],[24.271438,45.547425],[24.268919,45.550543],[24.25801,45.544752],[24.238092,45.544986],[24.228531,45.547087],[24.212539,45.531315],[24.21312,45.528987],[24.205184,45.523882],[24.182976,45.521868],[24.182166,45.519507],[24.179471,45.520947],[24.171574,45.514533],[24.168126,45.515444],[24.15866,45.514175],[24.15651,45.514779],[24.156853,45.517164],[24.154792,45.517389],[24.145764,45.512713],[24.136296,45.515256],[24.127767,45.51461],[24.120595,45.513388],[24.11836,45.509181],[24.112974,45.512649],[24.104581,45.51126],[24.094127,45.513398],[24.080043,45.512375],[24.059179,45.518935],[24.03401,45.52354],[24.020892,45.531334],[24.010966,45.531791],[24.001299,45.527253],[23.993716,45.531815],[23.980686,45.53308],[23.988759,45.508048],[23.987598,45.493001],[23.985658,45.491448],[23.982444,45.491829],[23.977034,45.487307],[23.963813,45.491796],[23.950108,45.489206],[23.942188,45.490838],[23.931408,45.458384],[23.912254,45.457726],[23.907346,45.459828],[23.898382,45.457731],[23.877938,45.459617],[23.861691,45.47205],[23.848406,45.476219],[23.843304,45.473661],[23.836531,45.473099],[23.828796,45.476356],[23.812114,45.474884],[23.810316,45.470896],[23.801206,45.464903],[23.785347,45.460826],[23.783538,45.455027],[23.775068,45.450111],[23.77209,45.450513],[23.770861,45.447648],[23.739241,45.432215],[23.705047,45.426418],[23.697586,45.428868],[23.689657,45.445171],[23.691938,45.454394],[23.688263,45.469106],[23.694282,45.475491],[23.698012,45.476955],[23.699607,45.484321],[23.697841,45.491299],[23.699068,45.504971],[23.688333,45.519287],[23.668003,45.509831],[23.656182,45.508826],[23.651048,45.513532],[23.650172,45.517982],[23.651732,45.520454],[23.644468,45.524765],[23.607091,45.513278],[23.587634,45.510619],[23.57776,45.5076],[23.5829,45.504217],[23.584294,45.499419],[23.593157,45.492333],[23.592227,45.486865],[23.598136,45.472365],[23.598316,45.466747],[23.594027,45.461718],[23.595613,45.453716],[23.588193,45.447587],[23.584167,45.43518],[23.578063,45.43194],[23.575943,45.427149],[23.57809,45.422645],[23.591602,45.421045],[23.593153,45.417725],[23.588423,45.412303],[23.593425,45.394919],[23.598724,45.389489],[23.600444,45.378885],[23.586589,45.37202],[23.584836,45.366878],[23.586272,45.358475],[23.58917,45.35397],[23.565094,45.350203],[23.561239,45.344259],[23.551663,45.339195],[23.53785,45.340838],[23.5271,45.331307],[23.510332,45.328092],[23.509232,45.323908],[23.487989,45.314646],[23.479978,45.314023],[23.475524,45.303357],[23.462495,45.299104],[23.450111,45.297953],[23.44233,45.295567],[23.438645,45.30269],[23.43385,45.307124],[23.423269,45.309433],[23.41826,45.32132],[23.412539,45.325854],[23.381814,45.336174],[23.363516,45.336655],[23.354622,45.339412],[23.346682,45.337831],[23.33654,45.329341],[23.329421,45.321835],[23.331808,45.316169],[23.319867,45.304206],[23.310595,45.300837],[23.289308,45.30924],[23.257947,45.308396],[23.246706,45.307339],[23.217312,45.298572],[23.201104,45.298687],[23.194335,45.301606],[23.17807,45.293457],[23.166076,45.294796],[23.149367,45.289813],[23.134411,45.279516],[23.109134,45.288275],[23.092034,45.290136],[23.08581,45.282838],[23.084527,45.275903],[23.054964,45.280911],[23.020912,45.277729],[23.005742,45.280278],[22.993,45.277654],[22.975078,45.271151],[22.957246,45.272132],[22.95224,45.273774],[22.944338,45.27336],[22.929754,45.28008],[22.915337,45.278597],[22.895405,45.27346],[22.878653,45.26637],[22.864268,45.263194],[22.843476,45.27501],[22.835551,45.281752],[22.828921,45.28408],[22.815771,45.2733],[22.791344,45.269028],[22.777289,45.262279],[22.777005,45.267037],[22.77284,45.270239],[22.765768,45.270173],[22.757779,45.266306],[22.740847,45.266238],[22.739325,45.260308],[22.730149,45.255213],[22.72295,45.255032],[22.70976,45.25821],[22.702811,45.258013],[22.697815,45.254175],[22.681168,45.249961],[22.674122,45.246077],[22.670284,45.239393],[22.654625,45.234032],[22.646769,45.233771],[22.649322,45.224268],[22.624169,45.208531],[22.61124,45.209287],[22.601667,45.205428],[22.582663,45.188744],[22.561283,45.162335],[22.55926,45.157285],[22.561423,45.152594],[22.569234,45.144932],[22.58088,45.138047],[22.594411,45.133667],[22.600589,45.13789],[22.618033,45.133873],[22.627705,45.134807],[22.632912,45.131226],[22.647853,45.126885],[22.651239,45.123885],[22.65592,45.108774],[22.651558,45.102063],[22.638107,45.094522],[22.631707,45.088839],[22.625484,45.079641],[22.614824,45.073806],[22.609934,45.066869],[22.599257,45.058992],[22.599393,45.05549],[22.593751,45.053952],[22.592905,45.050562],[22.586525,45.046709],[22.586097,45.044925],[22.580348,45.044532],[22.569987,45.04085],[22.56667,45.035767],[22.561072,45.031646],[22.562813,45.029538],[22.554399,45.019245],[22.543571,45.011404],[22.536538,45.002645],[22.528242,44.99718],[22.523684,44.996594],[22.512118,44.990069],[22.51013,44.986797],[22.504476,44.985138],[22.491288,44.974058],[22.494176,44.971573],[22.510238,44.966474],[22.514934,44.96234],[22.515547,44.955077],[22.49101,44.945459],[22.485412,44.934819],[22.493452,44.922253],[22.490642,44.916892],[22.493856,44.914598],[22.492888,44.910228],[22.48303,44.90765],[22.482119,44.905031],[22.488849,44.896378],[22.486211,44.883155],[22.480571,44.879607],[22.471666,44.869702],[22.469782,44.860351],[22.456809,44.850414],[22.45882,44.846148],[22.452351,44.837818],[22.445471,44.83373],[22.445524,44.824415],[22.442195,44.817165],[22.429992,44.809368],[22.42764,44.804017],[22.422451,44.800601],[22.422013,44.79571],[22.42948,44.783242],[22.428331,44.765225],[22.432633,44.759089],[22.460786,44.746259],[22.464087,44.743191],[22.465,44.738053],[22.471353,44.732946],[22.474079,44.725424],[22.470439,44.713831]]]},"properties":{"key":"HIST-OLTENIA","countryCode":"ROU"}},{"type":"Feature","geometry":{"type":"Polygon","coordinates":[[[20.704879,46.161161],[20.694505,46.158864],[20.691727,46.150259],[20.683402,46.144907],[20.675546,46.146341],[20.671113,46.150029],[20.663267,46.151222],[20.653373,46.149009],[20.64908,46.144356],[20.648844,46.134902],[20.640204,46.127434],[20.634585,46.126728],[20.627161,46.130509],[20.624084,46.135702],[20.617901,46.140044],[20.614302,46.140322],[20.609373,46.146367],[20.593173,46.150309],[20.588774,46.154511],[20.577372,46.15945],[20.561748,46.16989],[20.553539,46.172255],[20.549089,46.177412],[20.535438,46.180855],[20.52315,46.181594],[20.501127,46.190163],[20.499795,46.188488],[20.496298,46.189066],[20.495091,46.186291],[20.497684,46.184754],[20.49151,46.181194],[20.496026,46.178449],[20.492857,46.17417],[20.494867,46.17137],[20.458803,46.143205],[20.444847,46.142062],[20.425968,46.145515],[20.40903,46.151407],[20.39695,46.157728],[20.393867,46.152838],[20.380664,46.158145],[20.377142,46.157996],[20.368077,46.153142],[20.355247,46.169831],[20.312252,46.150468],[20.308892,46.156654],[20.298783,46.152118],[20.296495,46.152419],[20.282744,46.142028],[20.27516,46.133807],[20.271289,46.133009],[20.26983,46.127416],[20.263893,46.126617],[20.264872,46.125283],[20.261552,46.121427],[20.263708,46.118321],[20.269944,46.11631],[20.27845,46.118404],[20.282472,46.11776],[20.275267,46.112924],[20.267038,46.112395],[20.264278,46.109598],[20.272816,46.098485],[20.301938,46.086847],[20.302763,46.083348],[20.310918,46.073891],[20.308907,46.072262],[20.345469,46.047658],[20.343002,46.047497],[20.338925,46.041793],[20.340236,46.036466],[20.357322,46.006071],[20.351758,46.003836],[20.352958,45.999883],[20.347908,45.999883],[20.405025,45.965466],[20.446912,45.970452],[20.48255,45.953638],[20.501392,45.910892],[20.51541,45.892304],[20.549261,45.900135],[20.546122,45.906127],[20.56896,45.910387],[20.578384,45.885187],[20.574235,45.884218],[20.576404,45.879521],[20.57489,45.878967],[20.581144,45.86958],[20.594053,45.87196],[20.598523,45.861936],[20.611352,45.864219],[20.660029,45.829371],[20.650223,45.812],[20.654449,45.807594],[20.656616,45.808254],[20.662301,45.794327],[20.680935,45.797532],[20.694258,45.767187],[20.690349,45.766511],[20.692599,45.760032],[20.696513,45.760727],[20.700027,45.751089],[20.70712,45.751545],[20.713603,45.749209],[20.717744,45.749681],[20.717582,45.752151],[20.732337,45.756111],[20.773727,45.754735],[20.783082,45.786116],[20.8227,45.775288],[20.817148,45.752314],[20.815553,45.749508],[20.807813,45.74867],[20.802283,45.738037],[20.800725,45.70221],[20.798414,45.702437],[20.802138,45.700104],[20.795765,45.687261],[20.802586,45.682235],[20.799665,45.672133],[20.804656,45.657467],[20.788496,45.645968],[20.778844,45.622746],[20.76527,45.612837],[20.7716,45.583013],[20.794941,45.587849],[20.813239,45.568328],[20.810943,45.566018],[20.822793,45.552103],[20.819256,45.550595],[20.832109,45.536074],[20.827524,45.534242],[20.806681,45.516045],[20.768361,45.500482],[20.776413,45.491287],[20.771034,45.488559],[20.770717,45.480288],[20.832577,45.480183],[20.860903,45.465428],[20.865835,45.465312],[20.872155,45.457224],[20.870009,45.456091],[20.878354,45.454894],[20.877189,45.450411],[20.880471,45.446606],[20.872482,45.446109],[20.874864,45.439077],[20.866235,45.436289],[20.868782,45.432909],[20.86442,45.432042],[20.874795,45.426132],[20.900056,45.417108],[20.919878,45.41748],[20.923764,45.407463],[20.927694,45.405172],[20.927931,45.402223],[20.931195,45.402283],[20.93532,45.392967],[20.929781,45.392557],[20.930941,45.387028],[20.941613,45.386693],[20.945612,45.383977],[20.947855,45.385762],[20.950496,45.375085],[20.959937,45.366954],[20.968876,45.364208],[20.981314,45.357559],[20.987057,45.350423],[20.995748,45.343501],[20.999198,45.341835],[21.009548,45.341512],[21.016223,45.32489],[21.063127,45.332202],[21.060894,45.316234],[21.070713,45.315338],[21.070525,45.314196],[21.080534,45.318012],[21.095969,45.296305],[21.109282,45.300958],[21.127551,45.304889],[21.144041,45.305079],[21.153786,45.312616],[21.149172,45.316163],[21.160005,45.324295],[21.161741,45.325332],[21.165835,45.320304],[21.175855,45.325469],[21.183513,45.320963],[21.180286,45.319108],[21.18356,45.316281],[21.179606,45.312663],[21.189231,45.294346],[21.190971,45.287037],[21.208331,45.27555],[21.202452,45.265667],[21.218605,45.25085],[21.223118,45.253218],[21.248809,45.244042],[21.274338,45.229933],[21.29181,45.242642],[21.305084,45.240313],[21.304753,45.239261],[21.319716,45.237807],[21.320484,45.240383],[21.325867,45.239821],[21.324981,45.236516],[21.332432,45.234736],[21.33322,45.236597],[21.338658,45.235816],[21.337617,45.233509],[21.343567,45.231993],[21.359774,45.222338],[21.369335,45.226281],[21.395061,45.21909],[21.402717,45.229387],[21.404423,45.228991],[21.410407,45.225035],[21.411719,45.221534],[21.43085,45.213025],[21.438376,45.203087],[21.482624,45.192234],[21.492806,45.17347],[21.507858,45.17047],[21.512769,45.171222],[21.518151,45.166555],[21.528535,45.147599],[21.527108,45.138156],[21.498273,45.125693],[21.486526,45.125583],[21.478047,45.121479],[21.477403,45.117292],[21.47427,45.111951],[21.471206,45.110192],[21.469384,45.104909],[21.48068,45.095659],[21.482915,45.091533],[21.4747,45.086751],[21.464558,45.074997],[21.459057,45.072183],[21.454886,45.063367],[21.450274,45.061214],[21.450452,45.059038],[21.447243,45.057741],[21.446733,45.05589],[21.447052,45.052944],[21.449821,45.05233],[21.455751,45.040663],[21.425942,45.03562],[21.42284,45.032696],[21.420378,45.036752],[21.409303,45.035912],[21.405451,45.037206],[21.400408,45.032041],[21.40103,45.030849],[21.396723,45.031692],[21.397305,45.029526],[21.393158,45.029879],[21.394563,45.028425],[21.392659,45.027387],[21.390463,45.027228],[21.388452,45.029414],[21.381637,45.027081],[21.382277,45.025817],[21.379076,45.028712],[21.376549,45.026957],[21.37365,45.028282],[21.372113,45.026096],[21.367982,45.025851],[21.359871,45.020608],[21.376672,45.006954],[21.377912,45.008443],[21.386474,45.004629],[21.382604,45.002064],[21.388069,44.998288],[21.406244,44.992675],[21.404692,44.990034],[21.414378,44.987018],[21.406388,44.978745],[21.437805,44.96079],[21.445137,44.962431],[21.468886,44.95869],[21.519375,44.938214],[21.527246,44.939488],[21.546313,44.930756],[21.546793,44.927742],[21.55233,44.924115],[21.549903,44.917178],[21.55781,44.906855],[21.559758,44.889235],[21.532286,44.882723],[21.510397,44.880273],[21.506436,44.876461],[21.49857,44.872735],[21.488134,44.871841],[21.485096,44.868389],[21.479183,44.871142],[21.476639,44.868789],[21.469163,44.871343],[21.463424,44.867638],[21.453782,44.873883],[21.451644,44.873436],[21.451499,44.870634],[21.449387,44.870605],[21.446537,44.874255],[21.440756,44.870228],[21.44406,44.867637],[21.441175,44.866716],[21.435084,44.871287],[21.431279,44.868455],[21.426476,44.871489],[21.420256,44.871532],[21.417608,44.87358],[21.412566,44.869359],[21.406437,44.86955],[21.405195,44.866658],[21.399639,44.86843],[21.395386,44.866863],[21.387375,44.869981],[21.383697,44.865559],[21.371717,44.867126],[21.366196,44.864479],[21.359913,44.852163],[21.357346,44.850537],[21.359407,44.848209],[21.357194,44.846874],[21.357581,44.844619],[21.361437,44.843881],[21.360995,44.840626],[21.352672,44.841042],[21.356429,44.835983],[21.359618,44.837134],[21.358616,44.834335],[21.355295,44.833214],[21.356208,44.83184],[21.362396,44.832588],[21.363854,44.829449],[21.356035,44.827369],[21.357894,44.821932],[21.376102,44.815504],[21.3819,44.809446],[21.385526,44.80348],[21.390647,44.784887],[21.395047,44.7803],[21.402997,44.776801],[21.418585,44.773764],[21.459472,44.777165],[21.503882,44.77138],[21.536566,44.772878],[21.559722,44.768376],[21.586001,44.759411],[21.595876,44.750001],[21.610895,44.727103],[21.61499,44.714652],[21.610651,44.701466],[21.611242,44.686507],[21.617606,44.672173],[21.622349,44.666545],[21.637482,44.659824],[21.652178,44.660594],[21.67535,44.665191],[21.688678,44.665497],[21.696145,44.663939],[21.715788,44.654699],[21.728418,44.65373],[21.790997,44.664277],[21.797165,44.662731],[21.8078,44.653135],[21.814228,44.650851],[21.824994,44.650819],[21.841835,44.654569],[21.895291,44.645017],[21.917057,44.647672],[21.9504,44.635347],[21.970987,44.633316],[21.979484,44.634324],[21.99128,44.633391],[21.996768,44.630337],[21.999234,44.626945],[22.004005,44.608234],[22.019681,44.597196],[22.024972,44.591186],[22.027968,44.583294],[22.027502,44.570306],[22.02501,44.566107],[22.035147,44.544433],[22.04455,44.537229],[22.056119,44.533096],[22.06958,44.524262],[22.082204,44.500829],[22.094514,44.495447],[22.124755,44.475777],[22.134264,44.471484],[22.140156,44.470624],[22.160753,44.47246],[22.181245,44.481345],[22.194783,44.510051],[22.204749,44.520333],[22.229871,44.561611],[22.240834,44.57103],[22.264143,44.596441],[22.271932,44.613151],[22.274028,44.62566],[22.299554,44.63889],[22.303077,44.653431],[22.308094,44.658944],[22.331285,44.675494],[22.338873,44.676745],[22.356895,44.672897],[22.367559,44.672492],[22.380397,44.67589],[22.39675,44.683644],[22.403892,44.688844],[22.417759,44.703428],[22.430441,44.710389],[22.442948,44.710572],[22.461058,44.715462],[22.470439,44.713831],[22.474079,44.725424],[22.471353,44.732946],[22.465,44.738053],[22.464087,44.743191],[22.460786,44.746259],[22.432633,44.759089],[22.428331,44.765225],[22.42948,44.783242],[22.422013,44.79571],[22.422451,44.800601],[22.42764,44.804017],[22.429992,44.809368],[22.442195,44.817165],[22.445524,44.824415],[22.445471,44.83373],[22.452351,44.837818],[22.45882,44.846148],[22.456809,44.850414],[22.469782,44.860351],[22.471666,44.869702],[22.480571,44.879607],[22.486211,44.883155],[22.488849,44.896378],[22.482119,44.905031],[22.48303,44.90765],[22.492888,44.910228],[22.493856,44.914598],[22.490642,44.916892],[22.493452,44.922253],[22.485412,44.934819],[22.49101,44.945459],[22.515547,44.955077],[22.514934,44.96234],[22.510238,44.966474],[22.494176,44.971573],[22.491288,44.974058],[22.504476,44.985138],[22.51013,44.986797],[22.512118,44.990069],[22.523684,44.996594],[22.528242,44.99718],[22.536538,45.002645],[22.543571,45.011404],[22.554399,45.019245],[22.562813,45.029538],[22.561072,45.031646],[22.56667,45.035767],[22.569987,45.04085],[22.580348,45.044532],[22.586097,45.044925],[22.586525,45.046709],[22.592905,45.050562],[22.593751,45.053952],[22.599393,45.05549],[22.599257,45.058992],[22.609934,45.066869],[22.614824,45.073806],[22.625484,45.079641],[22.631707,45.088839],[22.638107,45.094522],[22.651558,45.102063],[22.65592,45.108774],[22.651239,45.123885],[22.647853,45.126885],[22.632912,45.131226],[22.627705,45.134807],[22.618033,45.133873],[22.600589,45.13789],[22.594411,45.133667],[22.58088,45.138047],[22.569234,45.144932],[22.561423,45.152594],[22.55926,45.157285],[22.561283,45.162335],[22.582663,45.188744],[22.601667,45.205428],[22.61124,45.209287],[22.624169,45.208531],[22.649322,45.224268],[22.646769,45.233771],[22.654625,45.234032],[22.670284,45.239393],[22.674122,45.246077],[22.681168,45.249961],[22.674127,45.257902],[22.673399,45.271982],[22.676709,45.282384],[22.694629,45.304212],[22.696053,45.314304],[22.693605,45.322738],[22.696229,45.32855],[22.694157,45.331204],[22.689639,45.330473],[22.679599,45.348791],[22.668103,45.356231],[22.666823,45.36378],[22.656559,45.369174],[22.656104,45.373946],[22.667509,45.383251],[22.667423,45.398256],[22.659703,45.401302],[22.631493,45.418481],[22.624257,45.425988],[22.621686,45.433335],[22.605736,45.432501],[22.594035,45.434169],[22.584951,45.439094],[22.578208,45.445751],[22.575989,45.453689],[22.567794,45.460094],[22.561678,45.469142],[22.542697,45.478972],[22.534246,45.485513],[22.531479,45.490235],[22.531289,45.49543],[22.524569,45.502285],[22.513995,45.522742],[22.514757,45.55022],[22.522684,45.558435],[22.532481,45.561095],[22.534119,45.572763],[22.532301,45.577482],[22.544055,45.586976],[22.544835,45.594403],[22.54335,45.595642],[22.517848,45.594861],[22.507282,45.598428],[22.505441,45.603427],[22.507001,45.605258],[22.503021,45.610106],[22.489915,45.62133],[22.48106,45.624159],[22.475194,45.628524],[22.459261,45.645734],[22.454003,45.647402],[22.456773,45.654483],[22.451404,45.659282],[22.425672,45.667757],[22.433466,45.68082],[22.441611,45.683181],[22.453687,45.684358],[22.463664,45.693854],[22.466028,45.699929],[22.463203,45.721216],[22.467224,45.730097],[22.512462,45.749057],[22.526283,45.75947],[22.537118,45.763775],[22.537605,45.769051],[22.546705,45.773156],[22.54957,45.776948],[22.546872,45.780499],[22.547474,45.78512],[22.534329,45.799878],[22.530898,45.801391],[22.521428,45.799114],[22.521425,45.795973],[22.508313,45.787602],[22.496101,45.784582],[22.488591,45.786895],[22.479866,45.787089],[22.478253,45.795321],[22.471087,45.800175],[22.4714,45.803905],[22.478239,45.809597],[22.475644,45.833766],[22.472834,45.838021],[22.467127,45.836965],[22.460369,45.840875],[22.45875,45.848506],[22.44678,45.848613],[22.440396,45.853164],[22.432319,45.855774],[22.414111,45.857224],[22.408065,45.860878],[22.396724,45.873675],[22.39037,45.875327],[22.389601,45.880308],[22.381945,45.885755],[22.381546,45.88855],[22.386548,45.89227],[22.392137,45.895808],[22.408542,45.901468],[22.412381,45.905438],[22.416735,45.924814],[22.426775,45.925659],[22.421961,45.937402],[22.422828,45.946219],[22.427342,45.955035],[22.42511,45.976799],[22.422166,45.984152],[22.430637,45.994976],[22.433628,46.002149],[22.433432,46.009709],[22.432652,46.011362],[22.426942,46.012831],[22.404963,46.014625],[22.400304,46.012897],[22.401187,46.007824],[22.398512,46.005348],[22.386127,46.000245],[22.384502,45.995088],[22.356448,46.000555],[22.342148,45.994641],[22.331193,45.997735],[22.323978,45.997696],[22.321499,45.996372],[22.318441,45.989145],[22.312382,45.98812],[22.309779,45.990142],[22.310684,45.997213],[22.305598,45.996267],[22.295523,45.990701],[22.277617,45.986361],[22.275233,45.988908],[22.280656,45.996059],[22.28023,45.999263],[22.277331,46.001036],[22.264263,45.999367],[22.239326,46.003665],[22.226673,46.002461],[22.218394,46.004419],[22.191863,45.995716],[22.192975,45.989924],[22.189854,45.988656],[22.179709,45.98965],[22.175101,45.996349],[22.155756,45.996174],[22.147952,46.003031],[22.143116,46.001326],[22.139574,45.996439],[22.133376,45.9929],[22.124187,45.991704],[22.121763,45.994261],[22.122995,45.999102],[22.128277,46.003826],[22.127959,46.01229],[22.122476,46.014046],[22.117537,46.012634],[22.113708,46.009151],[22.109237,46.008319],[22.104402,46.009879],[22.099304,46.016353],[22.091805,46.018113],[22.088021,46.02506],[22.084612,46.027244],[22.078387,46.029964],[22.064027,46.031178],[22.060457,46.032908],[22.056335,46.038806],[22.056272,46.0461],[22.054503,46.048391],[22.04728,46.050729],[22.038293,46.049692],[22.03589,46.051631],[22.035107,46.068872],[22.030328,46.070862],[22.02113,46.07119],[22.017683,46.076369],[22.02021,46.079596],[22.009645,46.087062],[22.007927,46.094535],[22.000193,46.094267],[21.990198,46.085121],[21.986478,46.085316],[21.979792,46.088008],[21.976549,46.09121],[21.967421,46.092471],[21.952741,46.097468],[21.948923,46.095546],[21.946653,46.09098],[21.941979,46.087144],[21.935578,46.08813],[21.930534,46.10073],[21.926536,46.101512],[21.901744,46.090884],[21.89789,46.085601],[21.893433,46.085728],[21.890893,46.097861],[21.87255,46.099065],[21.867502,46.103083],[21.859493,46.101935],[21.856339,46.094105],[21.848551,46.089056],[21.846398,46.083174],[21.830318,46.077088],[21.821148,46.077684],[21.817683,46.081645],[21.818369,46.087409],[21.814039,46.089687],[21.805562,46.08668],[21.794654,46.087993],[21.789048,46.087184],[21.786001,46.084684],[21.786181,46.080801],[21.781356,46.07947],[21.777454,46.080833],[21.776749,46.08714],[21.784622,46.091696],[21.783774,46.094834],[21.776696,46.095884],[21.771055,46.096239],[21.766249,46.093698],[21.767531,46.084236],[21.763479,46.082675],[21.758844,46.083781],[21.756231,46.09199],[21.753241,46.094841],[21.756152,46.100253],[21.750537,46.103518],[21.726277,46.105358],[21.715341,46.102319],[21.69957,46.100493],[21.694215,46.095108],[21.678404,46.086946],[21.675811,46.080835],[21.676569,46.07736],[21.671991,46.075904],[21.665366,46.076681],[21.663219,46.084555],[21.6653,46.08931],[21.66338,46.092756],[21.655379,46.092937],[21.652018,46.090179],[21.650611,46.083824],[21.645729,46.081834],[21.642261,46.082399],[21.639137,46.088399],[21.646016,46.09125],[21.647363,46.095181],[21.644824,46.099282],[21.636901,46.102577],[21.63135,46.101231],[21.624788,46.096902],[21.619913,46.097451],[21.61483,46.105787],[21.611027,46.106387],[21.602547,46.10333],[21.593958,46.103775],[21.584584,46.094881],[21.583788,46.090001],[21.577341,46.085949],[21.582245,46.079274],[21.587683,46.075771],[21.588174,46.066317],[21.555568,46.054084],[21.540499,46.021371],[21.534916,46.021221],[21.5289,46.022507],[21.533526,46.027215],[21.534947,46.033325],[21.52072,46.056988],[21.517783,46.065897],[21.510753,46.066442],[21.486731,46.064112],[21.467453,46.058502],[21.443306,46.045961],[21.440379,46.048311],[21.438694,46.053608],[21.423683,46.059032],[21.417034,46.064925],[21.413859,46.065325],[21.413477,46.059971],[21.354357,46.049599],[21.352664,46.04251],[21.313802,46.04801],[21.312845,46.040448],[21.28069,46.044901],[21.27202,46.049277],[21.252196,46.052368],[21.240698,46.068585],[21.216273,46.066192],[21.204011,46.115661],[21.206563,46.119869],[21.19846,46.131244],[21.187856,46.132954],[21.188073,46.13515],[21.193257,46.136517],[21.193093,46.13919],[21.188559,46.140119],[21.176285,46.140239],[21.173921,46.135428],[21.168072,46.132394],[21.149274,46.137673],[21.108385,46.137365],[21.102901,46.140851],[21.095976,46.150622],[21.090644,46.151681],[21.045171,46.148626],[21.015505,46.149468],[21.006419,46.153067],[21.001376,46.152625],[21.000333,46.150718],[21.003728,46.140252],[20.996296,46.138934],[20.985829,46.144997],[20.982631,46.142046],[20.983341,46.139007],[20.988037,46.136344],[20.999695,46.13299],[20.998107,46.128614],[20.990654,46.127514],[20.97663,46.134648],[20.968065,46.136305],[20.967511,46.134578],[20.971995,46.129156],[20.96924,46.125285],[20.958254,46.128242],[20.952913,46.12705],[20.941274,46.109979],[20.938672,46.100634],[20.932439,46.097177],[20.922965,46.096155],[20.916206,46.093761],[20.914247,46.076078],[20.912464,46.074027],[20.887645,46.083389],[20.881113,46.084345],[20.868482,46.083277],[20.863349,46.084777],[20.856758,46.090219],[20.837813,46.090277],[20.83122,46.092061],[20.812757,46.102774],[20.804637,46.105837],[20.800997,46.110043],[20.798595,46.120821],[20.788665,46.124471],[20.782412,46.135092],[20.769068,46.145274],[20.748249,46.147592],[20.731217,46.145384],[20.725161,46.146183],[20.719207,46.14898],[20.716834,46.159046],[20.713835,46.160775],[20.704879,46.161161]]]},"properties":{"key":"HIST-BANAT","countryCode":"ROU"}},{"type":"Feature","geometry":{"type":"Polygon","coordinates":[[[25.521153,47.134695],[25.515794,47.146892],[25.517493,47.15285],[25.521961,47.158068],[25.54577,47.168508],[25.548668,47.177437],[25.556043,47.184865],[25.556828,47.188189],[25.560814,47.190385],[25.57523,47.191756],[25.579756,47.20164],[25.588395,47.213178],[25.594405,47.21537],[25.596804,47.218804],[25.598538,47.225916],[25.617908,47.231686],[25.621453,47.238988],[25.615654,47.242095],[25.608168,47.241449],[25.601526,47.23869],[25.593744,47.237937],[25.584295,47.230949],[25.571587,47.225315],[25.563661,47.223382],[25.543423,47.224122],[25.509409,47.238044],[25.494334,47.239786],[25.475161,47.25086],[25.454874,47.255701],[25.435846,47.265171],[25.424888,47.272938],[25.421785,47.276449],[25.421971,47.279506],[25.432839,47.281865],[25.4537,47.282633],[25.46253,47.285272],[25.469942,47.29276],[25.476412,47.307148],[25.482141,47.309228],[25.493265,47.310003],[25.528317,47.327677],[25.531823,47.333489],[25.529058,47.359342],[25.531914,47.367581],[25.54145,47.37556],[25.535157,47.39347],[25.535278,47.404811],[25.539003,47.409205],[25.542073,47.408975],[25.546188,47.404972],[25.551991,47.404723],[25.552143,47.420806],[25.544844,47.423749],[25.542845,47.428852],[25.546448,47.434603],[25.56383,47.450586],[25.577409,47.4543],[25.584319,47.454183],[25.592777,47.449593],[25.603015,47.446611],[25.626765,47.43088],[25.629912,47.424547],[25.630465,47.415068],[25.626367,47.411549],[25.618199,47.409026],[25.617434,47.398366],[25.624398,47.387835],[25.645303,47.387683],[25.661525,47.384799],[25.673719,47.367769],[25.670733,47.356997],[25.675337,47.343596],[25.689161,47.32421],[25.703257,47.317867],[25.718117,47.306719],[25.728795,47.305993],[25.744273,47.309105],[25.767241,47.319365],[25.779005,47.320725],[25.795133,47.318983],[25.801907,47.315974],[25.81013,47.318719],[25.823828,47.326372],[25.832451,47.337814],[25.833865,47.357901],[25.840418,47.361317],[25.852253,47.363215],[25.868943,47.376634],[25.858297,47.393366],[25.858373,47.405814],[25.8412,47.415314],[25.84418,47.421256],[25.84433,47.426998],[25.840444,47.439244],[25.843246,47.44342],[25.859074,47.448993],[25.869075,47.461464],[25.892335,47.459298],[25.898154,47.454462],[25.902312,47.453468],[25.942201,47.464288],[25.953491,47.461449],[25.971269,47.46333],[25.989378,47.457951],[25.993617,47.462206],[26.001473,47.460208],[26.018429,47.462148],[26.030244,47.466008],[26.039285,47.471127],[26.047047,47.478424],[26.048232,47.482456],[26.053008,47.484816],[26.075111,47.481225],[26.078582,47.483856],[26.096344,47.475759],[26.101391,47.468271],[26.109133,47.465425],[26.124819,47.463817],[26.129253,47.460487],[26.132849,47.460866],[26.13896,47.468446],[26.1541,47.477742],[26.149925,47.482468],[26.131711,47.492268],[26.122643,47.500739],[26.10987,47.516289],[26.111443,47.520506],[26.118122,47.528404],[26.132444,47.530742],[26.136471,47.532387],[26.137503,47.535834],[26.146683,47.540841],[26.152231,47.541698],[26.147574,47.544094],[26.145196,47.551341],[26.161569,47.556327],[26.167032,47.556966],[26.178034,47.55472],[26.182203,47.556309],[26.17943,47.564342],[26.182961,47.566869],[26.185939,47.562653],[26.20806,47.561652],[26.212306,47.558709],[26.223462,47.555115],[26.22655,47.55096],[26.233719,47.548198],[26.236124,47.541585],[26.235035,47.534683],[26.238989,47.529522],[26.24433,47.526671],[26.24638,47.520428],[26.248691,47.519016],[26.252948,47.519898],[26.258855,47.513695],[26.270726,47.5132],[26.279928,47.514482],[26.284274,47.516961],[26.27853,47.519606],[26.267857,47.528901],[26.264791,47.536479],[26.269005,47.543877],[26.272965,47.546157],[26.283179,47.544426],[26.298191,47.548944],[26.309202,47.543244],[26.335577,47.534063],[26.335764,47.537522],[26.327871,47.550323],[26.334677,47.557792],[26.34001,47.559008],[26.356742,47.559986],[26.386329,47.55594],[26.406641,47.558251],[26.417487,47.554311],[26.423114,47.550599],[26.470994,47.557298],[26.479296,47.556421],[26.49172,47.560425],[26.493651,47.563297],[26.489975,47.563609],[26.485963,47.569232],[26.477855,47.567709],[26.475741,47.572849],[26.469128,47.575074],[26.469559,47.577011],[26.474069,47.577329],[26.474617,47.578506],[26.466653,47.582385],[26.469034,47.587627],[26.46379,47.588514],[26.461272,47.586525],[26.457909,47.586612],[26.457057,47.588581],[26.46089,47.593999],[26.449914,47.6013],[26.429859,47.604196],[26.417797,47.59768],[26.413201,47.598548],[26.41202,47.6035],[26.406016,47.605168],[26.40275,47.604117],[26.400284,47.596815],[26.388269,47.595609],[26.382467,47.598519],[26.37953,47.596116],[26.373863,47.595781],[26.364044,47.599441],[26.357266,47.600322],[26.351961,47.60442],[26.346797,47.604786],[26.345492,47.608944],[26.342977,47.610354],[26.334886,47.61087],[26.332497,47.614576],[26.33432,47.617862],[26.329524,47.622968],[26.326817,47.623964],[26.322594,47.623144],[26.320128,47.624528],[26.317272,47.633763],[26.313927,47.637697],[26.306742,47.639995],[26.302755,47.639692],[26.299316,47.641898],[26.300411,47.643203],[26.308314,47.643675],[26.308508,47.647387],[26.299011,47.650798],[26.295292,47.650762],[26.301268,47.662494],[26.295895,47.668202],[26.304479,47.685952],[26.295774,47.70825],[26.299458,47.718817],[26.28732,47.715426],[26.274078,47.718509],[26.263293,47.717054],[26.255235,47.736178],[26.246071,47.745181],[26.244537,47.75088],[26.249279,47.754668],[26.248474,47.762651],[26.251559,47.771501],[26.247114,47.773937],[26.23953,47.78305],[26.235251,47.79763],[26.230498,47.801958],[26.212057,47.803648],[26.189433,47.81274],[26.183606,47.82349],[26.166939,47.827426],[26.164169,47.831362],[26.165074,47.836312],[26.146264,47.851222],[26.142109,47.860232],[26.132332,47.862241],[26.130819,47.866999],[26.122975,47.87193],[26.121066,47.875836],[26.123693,47.881177],[26.120677,47.884293],[26.114129,47.887057],[26.109505,47.895909],[26.100836,47.900944],[26.098737,47.905503],[26.094334,47.908299],[26.092412,47.913303],[26.087848,47.916003],[26.086999,47.918974],[26.124796,47.933728],[26.131879,47.934665],[26.135978,47.928296],[26.140885,47.927741],[26.140259,47.934691],[26.141692,47.936968],[26.145149,47.937108],[26.148645,47.934825],[26.145002,47.926433],[26.147104,47.924724],[26.153187,47.926116],[26.161411,47.930783],[26.164462,47.929391],[26.166577,47.922925],[26.165286,47.92027],[26.170351,47.919344],[26.17718,47.921054],[26.182398,47.92027],[26.185833,47.916885],[26.182766,47.911784],[26.191009,47.90883],[26.189044,47.905904],[26.198986,47.904457],[26.203317,47.912621],[26.179757,47.926388],[26.173362,47.936335],[26.15541,47.948574],[26.151186,47.958735],[26.143096,47.960668],[26.140358,47.965027],[26.136226,47.966467],[26.135036,47.982763],[26.130673,47.985157],[26.124056,48.003763],[26.119174,48.007549],[26.117325,48.02605],[26.120008,48.028468],[26.115382,48.031172],[26.109931,48.039471],[26.109051,48.045359],[26.110622,48.045698],[26.10352,48.068289],[26.095268,48.08128],[26.083577,48.084843],[26.072487,48.091849],[26.081122,48.109276],[26.080945,48.115872],[26.069039,48.118304],[26.066605,48.12386],[26.06234,48.125796],[26.059772,48.130699],[26.051449,48.133756],[26.056235,48.146326],[26.046238,48.154631],[26.048189,48.162427],[26.041204,48.172159],[26.050082,48.179598],[26.070463,48.186218],[26.069508,48.195535],[26.084986,48.201472],[26.084322,48.205179],[26.08741,48.208792],[26.095509,48.212196],[26.109401,48.225267],[26.114854,48.22668],[26.120132,48.235013],[26.123575,48.237185],[26.121194,48.243967],[26.122335,48.245638],[26.129339,48.244139],[26.134321,48.239634],[26.143487,48.247346],[26.150437,48.245533],[26.155798,48.25376],[26.158828,48.25522],[26.167392,48.249952],[26.18811,48.250607],[26.18866,48.246771],[26.178434,48.244363],[26.177491,48.242301],[26.183746,48.236399],[26.185677,48.226811],[26.187903,48.224293],[26.196294,48.22216],[26.203629,48.218143],[26.221089,48.213669],[26.22132,48.206907],[26.247602,48.211887],[26.259023,48.206479],[26.271658,48.203815],[26.274086,48.204519],[26.258061,48.217324],[26.263487,48.225735],[26.261182,48.235239],[26.250972,48.240004],[26.24578,48.248679],[26.234307,48.257465],[26.243602,48.26575],[26.233043,48.277124],[26.230327,48.283898],[26.210135,48.30656],[26.204189,48.308228],[26.181551,48.325541],[26.169578,48.337628],[26.168863,48.347537],[26.163359,48.358941],[26.163664,48.366716],[26.157498,48.377117],[26.133204,48.395361],[26.11643,48.39195],[26.106582,48.39586],[26.095201,48.396958],[26.085157,48.403329],[26.081445,48.407645],[26.070476,48.411912],[26.069658,48.416745],[26.064865,48.420863],[26.060684,48.430698],[26.063444,48.43862],[26.068407,48.445272],[26.065262,48.45822],[26.061112,48.460282],[26.057874,48.464934],[26.045616,48.472246],[26.0453,48.476112],[26.050784,48.480998],[26.050485,48.483946],[26.04242,48.487532],[26.030262,48.501942],[26.027081,48.503363],[26.025939,48.510641],[26.026401,48.5141],[26.033464,48.513682],[26.038803,48.518495],[26.033509,48.522688],[26.040515,48.530349],[26.038056,48.5322],[26.03976,48.538052],[26.037322,48.541622],[26.034597,48.541734],[26.034525,48.545503],[26.031041,48.549828],[26.039042,48.550219],[26.039497,48.552688],[26.034344,48.555011],[26.034316,48.556468],[26.050518,48.560471],[26.052898,48.562911],[26.051958,48.565359],[26.048451,48.56658],[26.05012,48.56869],[26.061306,48.571533],[26.051593,48.57697],[26.043702,48.584822],[26.045458,48.590416],[26.051873,48.593702],[26.065497,48.604935],[26.06505,48.610644],[26.058606,48.623082],[26.061686,48.635821],[26.056116,48.645909],[26.047022,48.649264],[26.033286,48.644848],[26.029774,48.639008],[26.028244,48.630663],[26.028923,48.619827],[26.024075,48.612799],[26.017667,48.609427],[26.010797,48.609855],[25.995504,48.617594],[25.976674,48.621662],[25.953496,48.607878],[25.934283,48.591309],[25.916377,48.586888],[25.902425,48.588472],[25.886264,48.594136],[25.876945,48.599966],[25.855514,48.59612],[25.84908,48.597848],[25.84728,48.602818],[25.856944,48.615278],[25.855814,48.619227],[25.823307,48.647426],[25.82127,48.652395],[25.80853,48.664931],[25.799891,48.669449],[25.783455,48.674662],[25.776145,48.674639],[25.760682,48.668144],[25.746663,48.649085],[25.746102,48.636225],[25.741259,48.633575],[25.733289,48.633683],[25.728847,48.635568],[25.725706,48.640967],[25.724309,48.649881],[25.718928,48.657756],[25.71224,48.662849],[25.703144,48.664716],[25.680414,48.664829],[25.626725,48.672181],[25.621707,48.668087],[25.621607,48.660975],[25.608508,48.654731],[25.58434,48.634988],[25.589641,48.611181],[25.587966,48.590393],[25.595169,48.577078],[25.602715,48.569882],[25.597889,48.566757],[25.598154,48.55872],[25.602451,48.551511],[25.599624,48.543515],[25.601068,48.540099],[25.604382,48.538389],[25.608791,48.528397],[25.60277,48.509545],[25.598646,48.504487],[25.601378,48.479553],[25.59749,48.471529],[25.605031,48.462497],[25.606917,48.452365],[25.604199,48.445839],[25.605871,48.438237],[25.610799,48.430722],[25.602681,48.412781],[25.604124,48.411255],[25.616663,48.413505],[25.619799,48.408618],[25.617683,48.401067],[25.619435,48.39648],[25.615721,48.392104],[25.618855,48.385046],[25.610533,48.380407],[25.601324,48.378299],[25.558104,48.381631],[25.540683,48.385576],[25.522047,48.39756],[25.508801,48.40087],[25.494655,48.402714],[25.464239,48.401623],[25.456172,48.402759],[25.445992,48.401761],[25.434862,48.396338],[25.413161,48.395755],[25.398473,48.392059],[25.379821,48.390256],[25.373168,48.386756],[25.355164,48.381842],[25.305919,48.358683],[25.293275,48.348169],[25.26522,48.33108],[25.255067,48.316588],[25.245141,48.315636],[25.229868,48.294357],[25.212991,48.281887],[25.204288,48.269789],[25.187793,48.253101],[25.174307,48.246414],[25.153858,48.248482],[25.142901,48.245353],[25.136951,48.240845],[25.126246,48.236037],[25.125779,48.232675],[25.10624,48.225689],[25.108051,48.222985],[25.117086,48.221077],[25.119209,48.218409],[25.119661,48.215828],[25.114083,48.212203],[25.114769,48.20971],[25.139358,48.19485],[25.136912,48.181835],[25.129698,48.177947],[25.112052,48.185464],[25.098224,48.186428],[25.086197,48.180979],[25.081374,48.172879],[25.093182,48.163205],[25.088353,48.160377],[25.073279,48.16055],[25.065245,48.157031],[25.065784,48.151821],[25.070818,48.147191],[25.071047,48.144546],[25.066601,48.138466],[25.06693,48.133491],[25.064567,48.131338],[25.058115,48.129801],[25.049388,48.130624],[25.038217,48.128498],[25.035361,48.125304],[25.03847,48.11449],[25.036406,48.112657],[25.028458,48.109903],[25.019973,48.111638],[25.007961,48.115423],[25.002643,48.119917],[24.990881,48.12012],[24.986865,48.117734],[24.9794,48.112452],[24.978297,48.109673],[24.985752,48.103081],[24.984572,48.100747],[24.987785,48.09544],[24.994733,48.092254],[24.993539,48.087598],[24.985766,48.078816],[24.973792,48.074574],[24.976083,48.071855],[24.967375,48.071148],[24.957334,48.06029],[24.94614,48.052362],[24.938,48.048794],[24.941032,48.045981],[24.935707,48.041671],[24.919432,48.034006],[24.92127,48.031464],[24.911008,48.027822],[24.911874,48.01401],[24.916255,48.01325],[24.919149,48.009865],[24.912209,48.003547],[24.912686,48.000177],[24.907611,47.997889],[24.907534,47.996169],[24.909564,47.994593],[24.909524,47.988947],[24.915829,47.974568],[24.913846,47.968838],[24.922278,47.965605],[24.92141,47.963738],[24.915492,47.963965],[24.917903,47.95608],[24.921822,47.956181],[24.927273,47.953932],[24.919937,47.953458],[24.917899,47.94767],[24.924972,47.93777],[24.931445,47.937337],[24.936108,47.934404],[24.936805,47.932102],[24.942916,47.930371],[24.945786,47.922237],[24.950534,47.922399],[24.955995,47.920384],[24.955876,47.912665],[24.959109,47.911486],[24.95615,47.906866],[24.959335,47.903364],[24.948866,47.903761],[24.94379,47.898956],[24.94722,47.895265],[24.947181,47.89109],[24.954648,47.887549],[24.956363,47.879137],[24.959782,47.877522],[24.970931,47.876608],[24.974946,47.871112],[24.984122,47.867667],[24.984819,47.86591],[24.980662,47.860276],[24.994551,47.857396],[24.996302,47.854279],[24.987889,47.843963],[24.985421,47.834404],[24.981796,47.832199],[24.983119,47.83014],[24.981536,47.827256],[24.973733,47.825183],[24.973385,47.821166],[24.963713,47.814251],[24.95566,47.8015],[24.948019,47.797558],[24.93812,47.773314],[24.937529,47.764212],[24.934593,47.758468],[24.927143,47.751484],[24.922459,47.735278],[24.920641,47.730858],[24.923173,47.724432],[24.933487,47.718411],[24.939379,47.719014],[24.946913,47.717363],[24.95301,47.713002],[24.952659,47.705626],[24.959096,47.705731],[24.977535,47.697764],[24.992098,47.685909],[25.000143,47.683396],[25.007846,47.676808],[25.016662,47.674748],[25.02128,47.666755],[25.038338,47.664285],[25.040271,47.661008],[25.050799,47.659108],[25.054008,47.656304],[25.053688,47.651035],[25.055872,47.648274],[25.053244,47.646375],[25.052344,47.641943],[25.056482,47.63866],[25.054657,47.635059],[25.057295,47.630683],[25.06482,47.624503],[25.062847,47.622098],[25.064001,47.618881],[25.073312,47.610558],[25.071401,47.598919],[25.076518,47.593882],[25.076783,47.588257],[25.075957,47.585167],[25.073673,47.584164],[25.075608,47.575407],[25.071093,47.574376],[25.069067,47.572196],[25.069436,47.569294],[25.072309,47.567189],[25.064572,47.564602],[25.061788,47.561912],[25.052387,47.561893],[25.050914,47.560394],[25.055342,47.555085],[25.056359,47.544986],[25.066513,47.530165],[25.092908,47.523926],[25.100025,47.518156],[25.100924,47.514708],[25.095935,47.510019],[25.094694,47.496904],[25.091949,47.493583],[25.078637,47.48567],[25.075519,47.478256],[25.0688,47.475704],[25.056095,47.466838],[25.06575,47.4508],[25.06164,47.441477],[25.061402,47.433694],[25.044333,47.427797],[25.035195,47.428811],[25.031848,47.430336],[25.030165,47.434598],[25.025218,47.435966],[25.009405,47.434464],[24.997311,47.43005],[24.97763,47.431778],[24.974931,47.430618],[24.974618,47.428636],[24.985443,47.423817],[24.997087,47.414981],[25.002655,47.413947],[25.006407,47.410585],[25.019579,47.404434],[25.02643,47.397659],[25.033627,47.393448],[25.035233,47.385035],[25.041263,47.379877],[25.052051,47.377678],[25.062463,47.379307],[25.06414,47.375268],[25.074781,47.366149],[25.090188,47.347632],[25.080287,47.344101],[25.072967,47.334744],[25.073032,47.328662],[25.076028,47.326046],[25.074211,47.32173],[25.078108,47.315317],[25.077641,47.312525],[25.060519,47.309345],[25.05838,47.305265],[25.052289,47.303467],[25.045756,47.303497],[25.043983,47.29936],[25.031367,47.29141],[25.029521,47.286312],[25.037462,47.283186],[25.05522,47.268228],[25.083235,47.254088],[25.086852,47.250679],[25.099221,47.250142],[25.118592,47.245515],[25.125076,47.239068],[25.127683,47.22901],[25.14054,47.233692],[25.152671,47.230219],[25.172503,47.231468],[25.174232,47.225741],[25.194514,47.202156],[25.199759,47.202192],[25.210837,47.197411],[25.227515,47.193809],[25.23411,47.189296],[25.253474,47.191506],[25.266409,47.188728],[25.27243,47.182359],[25.281625,47.166462],[25.295733,47.161375],[25.329175,47.162495],[25.33971,47.170861],[25.352802,47.175247],[25.356587,47.1793],[25.372855,47.175525],[25.387022,47.176892],[25.399435,47.180754],[25.408589,47.177831],[25.420045,47.181388],[25.425059,47.178434],[25.42536,47.171216],[25.43769,47.163017],[25.446845,47.154153],[25.455053,47.155661],[25.4745,47.15348],[25.482823,47.150133],[25.484737,47.147501],[25.490871,47.145925],[25.496816,47.141327],[25.501944,47.133885],[25.51443,47.131836],[25.519486,47.132834],[25.521153,47.134695]]]},"properties":{"key":"HIST-BUCOVINA","countryCode":"ROU"}},{"type":"Feature","geometry":{"type":"Polygon","coordinates":[[[24.922459,47.735278],[24.915674,47.734391],[24.904064,47.735769],[24.893753,47.728331],[24.88587,47.729289],[24.886075,47.734156],[24.882403,47.736412],[24.880231,47.746209],[24.877205,47.749099],[24.877835,47.752895],[24.854921,47.766019],[24.854496,47.770944],[24.85102,47.774915],[24.835957,47.779919],[24.836231,47.793834],[24.821146,47.806545],[24.823538,47.814325],[24.827721,47.818228],[24.827387,47.820712],[24.808031,47.823432],[24.804242,47.822628],[24.794013,47.8253],[24.783759,47.823673],[24.778507,47.831493],[24.777755,47.837638],[24.771892,47.83752],[24.764921,47.839573],[24.75802,47.83733],[24.752607,47.829974],[24.740418,47.837129],[24.738922,47.841373],[24.734042,47.844091],[24.719427,47.839563],[24.705431,47.84036],[24.702555,47.852705],[24.691187,47.856402],[24.686498,47.856558],[24.680644,47.861685],[24.672579,47.86363],[24.670321,47.866146],[24.665425,47.876742],[24.667825,47.881457],[24.666918,47.885943],[24.673418,47.896615],[24.660605,47.909099],[24.652228,47.910897],[24.653466,47.914037],[24.651215,47.919354],[24.634676,47.92481],[24.636174,47.930028],[24.62947,47.934657],[24.631979,47.940022],[24.628021,47.948184],[24.623015,47.952008],[24.614363,47.951133],[24.610462,47.952083],[24.60133,47.945573],[24.59656,47.946591],[24.598117,47.950466],[24.59527,47.954657],[24.583738,47.960971],[24.582937,47.965106],[24.575033,47.967627],[24.562353,47.968641],[24.555765,47.964118],[24.555756,47.96154],[24.552018,47.95888],[24.536575,47.962168],[24.530684,47.960887],[24.526634,47.961778],[24.512009,47.952085],[24.501649,47.952522],[24.494081,47.95569],[24.487052,47.956125],[24.471383,47.963295],[24.4636,47.961931],[24.450301,47.963148],[24.435511,47.970748],[24.41538,47.959969],[24.409321,47.960313],[24.400819,47.95608],[24.393544,47.954538],[24.391777,47.948654],[24.382775,47.9402],[24.379972,47.934115],[24.38123,47.926823],[24.344264,47.914987],[24.338227,47.918498],[24.334373,47.918032],[24.324532,47.926135],[24.303473,47.917312],[24.297408,47.911709],[24.286993,47.909961],[24.279255,47.906243],[24.26512,47.907758],[24.255164,47.906957],[24.240051,47.899563],[24.227905,47.896719],[24.218176,47.897808],[24.21706,47.902996],[24.208471,47.909134],[24.201958,47.911003],[24.196313,47.916303],[24.181034,47.915216],[24.165108,47.920487],[24.160414,47.915019],[24.155421,47.917033],[24.14966,47.917103],[24.144712,47.913203],[24.138452,47.912186],[24.129929,47.916202],[24.111771,47.915106],[24.099821,47.928249],[24.098231,47.936749],[24.070721,47.947256],[24.061826,47.953639],[24.050029,47.953786],[24.031482,47.949512],[24.021526,47.96017],[24.009176,47.967353],[24.005606,47.967539],[23.996987,47.962294],[23.989712,47.963396],[23.981215,47.959593],[23.978944,47.961455],[23.979514,47.965549],[23.97557,47.96813],[23.970095,47.96666],[23.966315,47.962843],[23.958547,47.965128],[23.954043,47.964857],[23.94872,47.962526],[23.947953,47.956881],[23.941607,47.9487],[23.938266,47.947746],[23.929807,47.949012],[23.920791,47.945493],[23.911829,47.947149],[23.897401,47.945003],[23.893033,47.942852],[23.884021,47.94448],[23.878639,47.942587],[23.867694,47.932761],[23.862309,47.932434],[23.85092,47.936989],[23.847609,47.940631],[23.843688,47.941867],[23.842335,47.950733],[23.832232,47.960931],[23.833627,47.967789],[23.817918,47.975193],[23.817265,47.977629],[23.821181,47.979232],[23.819257,47.980708],[23.801371,47.986457],[23.789451,47.986647],[23.785805,47.989547],[23.775189,47.992396],[23.770736,47.995327],[23.760173,47.993081],[23.755543,47.993684],[23.753147,47.996769],[23.728705,47.993709],[23.720017,47.995167],[23.71822,47.99422],[23.718952,47.989524],[23.716035,47.98829],[23.711814,47.993444],[23.708089,47.994636],[23.68872,47.988054],[23.672564,47.986577],[23.669275,47.98445],[23.664298,47.983967],[23.658672,47.987925],[23.645995,47.991466],[23.641825,47.999969],[23.637176,48.0022],[23.629957,48.004098],[23.622997,48.002857],[23.61139,48.008331],[23.602162,48.006472],[23.593156,48.008574],[23.586532,48.004115],[23.577751,48.00567],[23.572592,48.003493],[23.565966,48.003306],[23.55533,48.007865],[23.541223,48.009498],[23.53407,48.017254],[23.528694,48.020059],[23.52079,47.994693],[23.51673,47.992871],[23.511948,47.985803],[23.504881,47.980836],[23.502424,47.974493],[23.504441,47.971861],[23.503176,47.970614],[23.500684,47.968929],[23.493237,47.968063],[23.480069,47.973498],[23.461207,47.974078],[23.449345,47.976452],[23.445839,47.981483],[23.436163,47.983276],[23.433197,47.990748],[23.430313,47.989391],[23.422637,47.989193],[23.417044,47.986884],[23.404593,47.992075],[23.401263,47.99526],[23.403054,47.999205],[23.398993,48.00145],[23.394506,48.000994],[23.387198,48.004632],[23.37547,48.003816],[23.376379,48.007142],[23.372993,48.01008],[23.365811,48.011175],[23.361949,48.014557],[23.356921,48.014549],[23.350187,48.020498],[23.338085,48.018455],[23.334913,48.02127],[23.331725,48.02088],[23.32812,48.026338],[23.330463,48.032802],[23.338201,48.03508],[23.337126,48.036627],[23.332182,48.038638],[23.324702,48.036325],[23.321959,48.040473],[23.314063,48.044909],[23.30243,48.042322],[23.300016,48.04426],[23.29158,48.045232],[23.28759,48.047027],[23.287432,48.050161],[23.28379,48.050656],[23.276433,48.057878],[23.27651,48.060511],[23.282731,48.064015],[23.285551,48.070749],[23.290247,48.071042],[23.291667,48.073729],[23.286942,48.075701],[23.280637,48.08214],[23.269131,48.085387],[23.267452,48.100367],[23.251459,48.101013],[23.246032,48.092149],[23.241594,48.094373],[23.235195,48.092194],[23.1888,48.097976],[23.18929,48.100005],[23.185014,48.103884],[23.187639,48.104565],[23.186335,48.108667],[23.188164,48.10894],[23.185939,48.111873],[23.18128,48.112179],[23.180797,48.117512],[23.173695,48.120281],[23.171461,48.118071],[23.166221,48.120257],[23.165195,48.11552],[23.150605,48.112853],[23.145987,48.1],[23.140291,48.097581],[23.138681,48.09495],[23.135944,48.096501],[23.129894,48.095908],[23.126801,48.092552],[23.118146,48.090356],[23.117875,48.08804],[23.113594,48.086463],[23.123209,48.082027],[23.121459,48.078863],[23.122937,48.077649],[23.120607,48.076324],[23.117619,48.076883],[23.113363,48.069663],[23.111151,48.069854],[23.106068,48.066138],[23.106255,48.063776],[23.112,48.062058],[23.108887,48.058289],[23.112007,48.054683],[23.097717,48.044438],[23.100674,48.04115],[23.108836,48.038534],[23.1088,48.035563],[23.101001,48.026238],[23.089474,48.019715],[23.089977,48.016716],[23.097513,48.016035],[23.091822,48.010629],[23.090658,48.005601],[23.083633,48.004847],[23.074171,48.008869],[23.065257,48.008019],[23.056621,48.003603],[23.030124,48.000662],[23.023911,47.991958],[23.01832,47.99238],[23.017164,47.990752],[23.01482,47.992059],[23.013245,47.990699],[23.010681,47.994147],[23.005926,47.995711],[22.996348,47.996203],[22.996151,47.999956],[22.992076,48.004792],[22.991663,48.003303],[22.986318,48.004109],[22.986482,48.005553],[22.976458,48.007048],[22.977383,48.010144],[22.962555,48.011835],[22.960874,48.007696],[22.945326,48.014595],[22.943884,48.016801],[22.926604,48.0194],[22.921533,48.014743],[22.919749,48.007103],[22.922739,48.002398],[22.928409,47.99978],[22.935487,47.998889],[22.939668,47.98941],[22.942388,47.972492],[22.947695,47.967525],[22.94169,47.965824],[22.941724,47.964361],[22.936633,47.964017],[22.929408,47.959564],[22.922972,47.960723],[22.919948,47.959713],[22.921294,47.958722],[22.918894,47.958788],[22.918536,47.957052],[22.916568,47.958],[22.916743,47.960713],[22.914095,47.957472],[22.91305,47.9602],[22.910786,47.960803],[22.910038,47.958643],[22.911809,47.957523],[22.909739,47.957413],[22.908073,47.960487],[22.905654,47.95936],[22.905677,47.957251],[22.903113,47.956402],[22.900409,47.957943],[22.901152,47.954977],[22.896026,47.954235],[22.894489,47.95212],[22.891285,47.953511],[22.886833,47.951899],[22.884824,47.945003],[22.87962,47.943725],[22.872326,47.936616],[22.87207,47.932613],[22.86604,47.929244],[22.865486,47.925229],[22.857524,47.920429],[22.856212,47.916828],[22.846611,47.908328],[22.84024,47.907955],[22.832063,47.909559],[22.825298,47.907911],[22.813905,47.900615],[22.8056,47.898457],[22.792631,47.891197],[22.782826,47.894052],[22.768774,47.893056],[22.766339,47.894964],[22.763179,47.893274],[22.76,47.895065],[22.757816,47.893691],[22.756537,47.890593],[22.759378,47.887596],[22.757902,47.886242],[22.768093,47.87883],[22.761696,47.867283],[22.765784,47.864399],[22.770745,47.864565],[22.772635,47.863331],[22.772226,47.859731],[22.77448,47.859016],[22.774073,47.856379],[22.777115,47.852357],[22.776344,47.843581],[22.765696,47.84217],[22.755678,47.834974],[22.73843,47.835117],[22.723308,47.838578],[22.71536,47.837294],[22.71056,47.834693],[22.708985,47.824151],[22.705332,47.823798],[22.703462,47.820653],[22.699295,47.818598],[22.701046,47.815234],[22.694855,47.808669],[22.684615,47.791829],[22.679856,47.78798],[22.670328,47.788456],[22.665754,47.787157],[22.659702,47.782105],[22.646288,47.779289],[22.636426,47.780962],[22.626628,47.776332],[22.615131,47.777506],[22.611176,47.772228],[22.550611,47.772905],[22.576782,47.766407],[22.592787,47.760849],[22.599078,47.755519],[22.610313,47.750354],[22.635551,47.742204],[22.648416,47.74717],[22.650808,47.743851],[22.655328,47.743433],[22.657676,47.745756],[22.663045,47.746933],[22.665857,47.744917],[22.665879,47.741879],[22.669542,47.741024],[22.673185,47.742918],[22.684929,47.731965],[22.692907,47.729099],[22.692961,47.721288],[22.695791,47.71638],[22.707675,47.706001],[22.713488,47.704718],[22.721642,47.706768],[22.726818,47.704905],[22.729415,47.701731],[22.705411,47.691678],[22.691064,47.680236],[22.682276,47.677894],[22.677582,47.673684],[22.676324,47.669485],[22.683235,47.664159],[22.681111,47.660826],[22.683714,47.65722],[22.682222,47.655624],[22.679,47.655757],[22.678808,47.652575],[22.644144,47.63944],[22.644158,47.637705],[22.648801,47.6366],[22.657212,47.630636],[22.658584,47.62008],[22.654965,47.616741],[22.645335,47.613961],[22.639803,47.608591],[22.638987,47.603672],[22.64073,47.600497],[22.646114,47.598406],[22.669924,47.598198],[22.673381,47.595028],[22.680441,47.596931],[22.6859,47.584081],[22.697655,47.588311],[22.7073,47.588341],[22.723127,47.593013],[22.737925,47.59103],[22.761962,47.584015],[22.761978,47.581125],[22.75813,47.579814],[22.757286,47.577644],[22.759654,47.575483],[22.751531,47.57286],[22.749829,47.570977],[22.753934,47.56492],[22.764625,47.567116],[22.775516,47.55459],[22.784926,47.556047],[22.787072,47.55277],[22.795563,47.555454],[22.801645,47.554439],[22.80713,47.551372],[22.805377,47.538452],[22.807224,47.533536],[22.805413,47.531483],[22.797824,47.531672],[22.786825,47.527356],[22.795161,47.519571],[22.817578,47.526591],[22.843409,47.517978],[22.857939,47.515328],[22.870933,47.515545],[22.876993,47.511471],[22.888133,47.510447],[22.90344,47.511767],[22.908277,47.507287],[22.908169,47.504441],[22.912491,47.50097],[22.913761,47.497501],[22.928081,47.492831],[22.932052,47.488358],[22.936872,47.486123],[22.941722,47.486335],[22.945322,47.490817],[22.952515,47.488581],[22.957618,47.490418],[22.963839,47.487145],[22.972032,47.487567],[22.987129,47.484106],[22.994996,47.483711],[23.017328,47.488625],[23.024869,47.486999],[23.045847,47.487448],[23.045216,47.499413],[23.042511,47.507115],[23.044866,47.517218],[23.050789,47.528285],[23.052888,47.55497],[23.058066,47.55733],[23.061396,47.565738],[23.069315,47.573843],[23.085944,47.582654],[23.11239,47.600085],[23.120257,47.61337],[23.147162,47.628291],[23.177875,47.626738],[23.191883,47.62285],[23.207531,47.623134],[23.21564,47.619949],[23.223205,47.620656],[23.229148,47.618202],[23.245113,47.617443],[23.264877,47.611614],[23.279537,47.612159],[23.280584,47.608977],[23.287453,47.604029],[23.288724,47.598786],[23.287129,47.585447],[23.282064,47.576887],[23.29142,47.570303],[23.328678,47.569312],[23.32636,47.561189],[23.331351,47.55041],[23.328899,47.54778],[23.318984,47.550877],[23.31318,47.546674],[23.31015,47.547515],[23.304927,47.545651],[23.30779,47.541839],[23.311536,47.542822],[23.311943,47.532482],[23.30361,47.52983],[23.302191,47.526459],[23.307478,47.524575],[23.318315,47.531277],[23.331096,47.525601],[23.329981,47.522131],[23.325023,47.520453],[23.324259,47.515994],[23.320832,47.513475],[23.320795,47.509277],[23.315907,47.507094],[23.311677,47.506556],[23.307131,47.507883],[23.306073,47.506442],[23.308084,47.502937],[23.314572,47.499848],[23.314562,47.497654],[23.307544,47.495307],[23.307384,47.491401],[23.310624,47.489199],[23.31467,47.492738],[23.31779,47.49281],[23.332687,47.48278],[23.33053,47.474988],[23.321467,47.471116],[23.320921,47.460979],[23.339968,47.453873],[23.344258,47.449031],[23.356182,47.445525],[23.358461,47.440284],[23.362685,47.438701],[23.365301,47.423454],[23.359982,47.419793],[23.35866,47.414932],[23.363092,47.401177],[23.371264,47.394637],[23.371174,47.392311],[23.374211,47.391819],[23.394669,47.39477],[23.405165,47.391721],[23.417136,47.390662],[23.424674,47.382842],[23.431261,47.383432],[23.440122,47.379836],[23.458317,47.379043],[23.468413,47.380929],[23.486243,47.379925],[23.49077,47.382423],[23.485205,47.390756],[23.482122,47.406497],[23.495655,47.402169],[23.505216,47.39571],[23.512092,47.398723],[23.519701,47.398231],[23.537018,47.395342],[23.548698,47.390158],[23.5522,47.390068],[23.556246,47.392005],[23.561579,47.404244],[23.574448,47.410974],[23.583933,47.412542],[23.584144,47.424163],[23.59299,47.434601],[23.599786,47.435225],[23.602707,47.437509],[23.608433,47.434966],[23.620466,47.433242],[23.624332,47.434961],[23.628225,47.433274],[23.631411,47.437864],[23.633569,47.434973],[23.637918,47.435277],[23.638363,47.440085],[23.642545,47.440213],[23.644386,47.443128],[23.649295,47.440085],[23.657047,47.442897],[23.660731,47.440832],[23.662201,47.443713],[23.663986,47.443414],[23.67024,47.436812],[23.665236,47.435417],[23.666561,47.430585],[23.675445,47.431823],[23.685298,47.435625],[23.686348,47.434117],[23.681952,47.431789],[23.682643,47.427277],[23.68654,47.423448],[23.691883,47.424176],[23.695226,47.43517],[23.701511,47.438381],[23.701512,47.441057],[23.707265,47.44589],[23.720453,47.451654],[23.722197,47.454984],[23.720164,47.455897],[23.72451,47.462386],[23.746477,47.461049],[23.746424,47.470499],[23.75469,47.470605],[23.758834,47.473057],[23.766864,47.470888],[23.774632,47.485174],[23.781448,47.49126],[23.800682,47.498322],[23.806898,47.503322],[23.798481,47.52076],[23.795545,47.522284],[23.79512,47.531506],[23.801217,47.535373],[23.804988,47.541024],[23.845154,47.554836],[23.850255,47.560443],[23.849972,47.571064],[23.857492,47.577937],[23.870631,47.582584],[23.873925,47.590409],[23.883312,47.594207],[23.884902,47.596978],[23.884138,47.603183],[23.892047,47.606277],[23.902414,47.61588],[23.908167,47.618086],[23.910535,47.62261],[23.909597,47.625507],[23.90552,47.628165],[23.905164,47.640997],[23.898257,47.65327],[23.907842,47.661127],[23.91415,47.660253],[23.923527,47.663689],[23.946007,47.666497],[23.960776,47.665393],[23.973013,47.659341],[23.983685,47.660154],[23.984284,47.66411],[23.987435,47.66684],[24.00318,47.668419],[24.009683,47.672286],[24.015523,47.67139],[24.018744,47.673447],[24.026482,47.673637],[24.03302,47.661159],[24.034755,47.660223],[24.047064,47.661327],[24.053589,47.657977],[24.060062,47.64729],[24.063772,47.643096],[24.072086,47.639535],[24.073464,47.635196],[24.082055,47.632432],[24.087332,47.628481],[24.102955,47.627823],[24.107384,47.618543],[24.113389,47.615404],[24.109733,47.603984],[24.11325,47.595159],[24.122244,47.596216],[24.134585,47.601849],[24.153625,47.601567],[24.155153,47.593455],[24.166837,47.588837],[24.165266,47.584487],[24.168859,47.579138],[24.174475,47.580504],[24.177103,47.579757],[24.188147,47.573081],[24.186352,47.571072],[24.191179,47.56651],[24.187169,47.560677],[24.196537,47.551081],[24.200872,47.547977],[24.217467,47.548505],[24.222869,47.546354],[24.222997,47.544235],[24.227494,47.540719],[24.247013,47.534557],[24.248998,47.528137],[24.255914,47.526367],[24.257466,47.520262],[24.264649,47.517671],[24.267673,47.517593],[24.269117,47.523948],[24.27678,47.527993],[24.277707,47.541913],[24.28059,47.545097],[24.286983,47.546894],[24.288479,47.550586],[24.297574,47.554041],[24.297803,47.557085],[24.306589,47.562248],[24.30554,47.565005],[24.309075,47.568626],[24.306311,47.578969],[24.307903,47.580716],[24.311645,47.581413],[24.326045,47.575734],[24.33103,47.570371],[24.338312,47.569936],[24.345446,47.567413],[24.348348,47.570885],[24.360114,47.574309],[24.362766,47.578344],[24.361866,47.585477],[24.372596,47.591082],[24.386669,47.608053],[24.392674,47.604474],[24.406803,47.601485],[24.413714,47.597413],[24.420703,47.597324],[24.439588,47.591294],[24.449292,47.591982],[24.456769,47.595211],[24.459173,47.59264],[24.472004,47.588024],[24.482569,47.588199],[24.49512,47.585601],[24.504386,47.581583],[24.514918,47.582417],[24.52101,47.577781],[24.551331,47.573894],[24.556759,47.571953],[24.560143,47.564197],[24.571595,47.562853],[24.573615,47.566331],[24.582087,47.571539],[24.603335,47.569116],[24.630857,47.57582],[24.652607,47.567237],[24.658594,47.560255],[24.664865,47.557708],[24.689952,47.558743],[24.69842,47.563139],[24.703311,47.567725],[24.713453,47.572595],[24.72491,47.575898],[24.734333,47.572324],[24.754629,47.571695],[24.766126,47.573681],[24.770794,47.572275],[24.787183,47.576974],[24.793701,47.574901],[24.797446,47.569987],[24.807008,47.566796],[24.815293,47.575344],[24.821643,47.59335],[24.825882,47.596253],[24.840961,47.597432],[24.860768,47.591659],[24.863508,47.594384],[24.873269,47.59472],[24.877136,47.597486],[24.897314,47.602552],[24.90426,47.602524],[24.91536,47.598733],[24.952305,47.596189],[24.960077,47.597352],[24.975701,47.591832],[24.978352,47.588955],[24.991566,47.585681],[24.988975,47.583656],[24.99037,47.580927],[24.994123,47.577151],[25.000496,47.575907],[25.007004,47.568901],[25.012868,47.568962],[25.015392,47.566968],[25.01967,47.567625],[25.022279,47.565465],[25.034244,47.561977],[25.050914,47.560394],[25.052387,47.561893],[25.061788,47.561912],[25.064572,47.564602],[25.072309,47.567189],[25.069436,47.569294],[25.069067,47.572196],[25.071093,47.574376],[25.075608,47.575407],[25.073673,47.584164],[25.075957,47.585167],[25.076783,47.588257],[25.076518,47.593882],[25.071401,47.598919],[25.073312,47.610558],[25.064001,47.618881],[25.062847,47.622098],[25.06482,47.624503],[25.057295,47.630683],[25.054657,47.635059],[25.056482,47.63866],[25.052344,47.641943],[25.053244,47.646375],[25.055872,47.648274],[25.053688,47.651035],[25.054008,47.656304],[25.050799,47.659108],[25.040271,47.661008],[25.038338,47.664285],[25.02128,47.666755],[25.016662,47.674748],[25.007846,47.676808],[25.000143,47.683396],[24.992098,47.685909],[24.977535,47.697764],[24.959096,47.705731],[24.952659,47.705626],[24.95301,47.713002],[24.946913,47.717363],[24.939379,47.719014],[24.933487,47.718411],[24.923173,47.724432],[24.920641,47.730858],[24.922459,47.735278]]]},"properties":{"key":"HIST-SATMAR-MARAMURES","countryCode":"ROU"}},{"type":"Feature","geometry":{"type":"Polygon","coordinates":[[[16.569144,49.741609],[16.571129,49.740515],[16.573387,49.74167],[16.573812,49.746237],[16.579431,49.748281],[16.581332,49.753635],[16.578849,49.75848],[16.580535,49.767444],[16.570596,49.779714],[16.564202,49.784139],[16.567945,49.793763],[16.567267,49.801204],[16.574641,49.809347],[16.570127,49.813687],[16.567761,49.834775],[16.584126,49.839469],[16.587936,49.843055],[16.604435,49.845295],[16.609242,49.848815],[16.613134,49.854992],[16.621513,49.858606],[16.625814,49.85679],[16.627208,49.859836],[16.641987,49.85921],[16.657655,49.852315],[16.660591,49.849625],[16.665962,49.849943],[16.661081,49.852363],[16.66442,49.855868],[16.660963,49.876526],[16.654625,49.880978],[16.645273,49.8924],[16.644996,49.895239],[16.658162,49.896741],[16.683213,49.902817],[16.680594,49.912763],[16.68473,49.916449],[16.684011,49.921752],[16.688365,49.922641],[16.695381,49.931878],[16.714215,49.937707],[16.710377,49.94115],[16.710372,49.946348],[16.723765,49.947179],[16.733296,49.951044],[16.732512,49.959697],[16.735971,49.967448],[16.729363,49.97194],[16.730163,49.976136],[16.725262,49.981731],[16.715272,49.988232],[16.714601,49.994938],[16.708505,50.002532],[16.711919,50.017016],[16.702799,50.023632],[16.706003,50.029449],[16.704535,50.035469],[16.69524,50.046032],[16.692573,50.051961],[16.698139,50.052796],[16.707416,50.051327],[16.73439,50.056125],[16.746381,50.053592],[16.762992,50.055423],[16.781047,50.047514],[16.7821,50.04877],[16.807973,50.052409],[16.813422,50.05663],[16.813571,50.059108],[16.799414,50.067025],[16.798397,50.069297],[16.810824,50.079985],[16.824312,50.085591],[16.817665,50.088476],[16.816456,50.094975],[16.799922,50.111672],[16.800514,50.12954],[16.816932,50.16239],[16.822564,50.167969],[16.822935,50.171944],[16.831108,50.181499],[16.836004,50.184614],[16.840595,50.184797],[16.838823,50.196519],[16.844779,50.206628],[16.835523,50.202741],[16.835178,50.197602],[16.831765,50.197824],[16.824453,50.194049],[16.822921,50.189182],[16.816277,50.19234],[16.80978,50.189677],[16.799727,50.179441],[16.7983,50.170576],[16.792739,50.160209],[16.7866,50.154116],[16.781216,50.151643],[16.782321,50.145318],[16.76684,50.140043],[16.754939,50.134034],[16.750004,50.135451],[16.744612,50.134875],[16.72853,50.116743],[16.723016,50.104856],[16.717904,50.101757],[16.706018,50.096809],[16.702503,50.096785],[16.689883,50.098801],[16.678313,50.103746],[16.655206,50.109846],[16.641216,50.11245],[16.632875,50.112062],[16.626519,50.120266],[16.614123,50.125971],[16.61261,50.132784],[16.603373,50.134909],[16.5966,50.14056],[16.581532,50.142531],[16.584532,50.145815],[16.581528,50.148617],[16.585654,50.153317],[16.579763,50.155122],[16.577277,50.158503],[16.561833,50.164606],[16.559242,50.17383],[16.564991,50.180046],[16.561276,50.18457],[16.558071,50.185025],[16.559958,50.189108],[16.55586,50.196644],[16.558289,50.199771],[16.557225,50.20325],[16.561414,50.204981],[16.562523,50.208313],[16.558854,50.213981],[16.554838,50.214957],[16.558327,50.220111],[16.551613,50.22335],[16.548501,50.229861],[16.540855,50.234599],[16.538461,50.23908],[16.528884,50.238066],[16.516745,50.243845],[16.514076,50.247429],[16.515012,50.251772],[16.508917,50.253144],[16.507002,50.260245],[16.503102,50.26159],[16.497848,50.260018],[16.490196,50.264174],[16.488842,50.269053],[16.481391,50.271912],[16.480037,50.276718],[16.46692,50.286557],[16.468021,50.290134],[16.464537,50.29385],[16.464976,50.295925],[16.449651,50.304377],[16.444394,50.313213],[16.438221,50.316331],[16.436521,50.321646],[16.430538,50.325149],[16.41644,50.324016],[16.410746,50.325005],[16.404688,50.319438],[16.40006,50.319155],[16.384955,50.328321],[16.375479,50.342553],[16.36185,50.350374],[16.361286,50.352921],[16.367159,50.357554],[16.365905,50.363263],[16.368294,50.366508],[16.363877,50.370843],[16.360901,50.379378],[16.357545,50.38017],[16.35324,50.378651],[16.348836,50.380508],[16.339172,50.378362],[16.325743,50.381844],[16.317365,50.379779],[16.307773,50.383253],[16.305199,50.382933],[16.298904,50.380464],[16.292766,50.373945],[16.29182,50.370313],[16.285637,50.367914],[16.278897,50.367556],[16.276097,50.377034],[16.266581,50.381714],[16.267838,50.385902],[16.264532,50.392675],[16.261389,50.394575],[16.250031,50.393349],[16.247147,50.395267],[16.253901,50.403326],[16.25156,50.406404],[16.241785,50.409716],[16.239616,50.413585],[16.236942,50.41446],[16.221098,50.407597],[16.210948,50.411521],[16.214555,50.41522],[16.209085,50.426829],[16.203289,50.429449],[16.196575,50.429821],[16.195837,50.43298],[16.205238,50.448453],[16.209909,50.449253],[16.212811,50.451625],[16.220012,50.451549],[16.220896,50.445949],[16.224222,50.442155],[16.231252,50.442835],[16.233259,50.449557],[16.230641,50.453891],[16.221887,50.457655],[16.224938,50.460354],[16.236063,50.460425],[16.232922,50.466458],[16.243871,50.463358],[16.256257,50.467154],[16.250604,50.471523],[16.249714,50.474879],[16.262867,50.479869],[16.270438,50.476442],[16.273759,50.476562],[16.269115,50.482805],[16.271948,50.484637],[16.274967,50.481579],[16.284412,50.479751],[16.289067,50.480818],[16.294263,50.478937],[16.300926,50.486569],[16.301292,50.490485],[16.308637,50.491797],[16.312447,50.494503],[16.308897,50.500979],[16.311012,50.504938],[16.31777,50.507103],[16.32186,50.506751],[16.331806,50.503563],[16.333815,50.500812],[16.344184,50.496169],[16.360707,50.501187],[16.373739,50.515995],[16.385674,50.519897],[16.401126,50.528424],[16.401471,50.529904],[16.396677,50.53283],[16.399112,50.534061],[16.38785,50.542327],[16.395564,50.543179],[16.411654,50.548312],[16.411078,50.557071],[16.404494,50.565569],[16.405678,50.56901],[16.419935,50.568158],[16.446086,50.579401],[16.440662,50.591798],[16.428514,50.600232],[16.423849,50.606533],[16.412455,50.611048],[16.407697,50.616691],[16.39456,50.619156],[16.379743,50.631621],[16.380292,50.636476],[16.374439,50.636577],[16.367215,50.643009],[16.365163,50.647667],[16.35276,50.647129],[16.3511,50.651916],[16.341761,50.66227],[16.321857,50.666925],[16.314775,50.665386],[16.307281,50.65992],[16.286447,50.660683],[16.283027,50.661286],[16.280742,50.668133],[16.277928,50.669049],[16.273916,50.667885],[16.263277,50.668948],[16.258299,50.667939],[16.234898,50.671662],[16.230652,50.669258],[16.223674,50.653844],[16.220271,50.650523],[16.219949,50.639719],[16.217836,50.638809],[16.220535,50.636362],[16.214747,50.632352],[16.205199,50.632716],[16.194227,50.630814],[16.18679,50.627304],[16.179559,50.628929],[16.180603,50.632503],[16.177231,50.639356],[16.170411,50.646018],[16.148613,50.65367],[16.138036,50.651617],[16.1337,50.656815],[16.127677,50.657932],[16.126395,50.660791],[16.113791,50.660082],[16.102771,50.66299],[16.099985,50.662143],[16.09941,50.658339],[16.094885,50.65337],[16.088445,50.652813],[16.085974,50.648315],[16.072782,50.640975],[16.066604,50.639984],[16.066975,50.636301],[16.062168,50.63154],[16.05692,50.617315],[16.058338,50.61307],[16.055749,50.61033],[16.042236,50.6145],[16.025115,50.599028],[16.018237,50.602077],[16.016118,50.605504],[16.008596,50.605392],[15.992437,50.609938],[15.986757,50.612972],[15.987745,50.615775],[15.996859,50.621892],[16.005684,50.623685],[16.022508,50.630192],[16.018395,50.633297],[16.008427,50.634909],[16.005635,50.642819],[16.001245,50.645171],[16.004792,50.648073],[16.004249,50.657193],[15.999736,50.667216],[16.00011,50.671598],[15.994077,50.673382],[15.989738,50.678732],[15.991785,50.682472],[15.989881,50.685265],[15.968603,50.691629],[15.958218,50.691735],[15.951697,50.690928],[15.941197,50.686651],[15.931863,50.687],[15.927593,50.681471],[15.91928,50.684865],[15.907761,50.680221],[15.884975,50.675619],[15.884816,50.671258],[15.862001,50.674794],[15.863746,50.680466],[15.862297,50.685249],[15.858458,50.696214],[15.853366,50.701379],[15.851497,50.708947],[15.847506,50.709329],[15.839593,50.717919],[15.830568,50.724207],[15.832313,50.743148],[15.820877,50.749063],[15.816415,50.755507],[15.790718,50.752457],[15.788681,50.747528],[15.779481,50.742845],[15.761908,50.744228],[15.746327,50.740214],[15.738419,50.736436],[15.734718,50.736328],[15.722497,50.740357],[15.70436,50.737319],[15.688761,50.742886],[15.681818,50.754221],[15.667401,50.756578],[15.659712,50.759977],[15.647497,50.760291],[15.622024,50.765137],[15.616201,50.773101],[15.600982,50.777178],[15.579859,50.778744],[15.561944,50.775678],[15.551139,50.779667],[15.54057,50.779939],[15.524051,50.776547],[15.511369,50.790623],[15.497229,50.788122],[15.479518,50.790792],[15.474233,50.796495],[15.464227,50.800431],[15.4531,50.802314],[15.450286,50.803861],[15.449611,50.806773],[15.439889,50.808804],[15.425138,50.806662],[15.408699,50.786222],[15.394843,50.77653],[15.385418,50.775202],[15.379512,50.777938],[15.374434,50.777265],[15.370333,50.781149],[15.373445,50.783786],[15.372275,50.7869],[15.374462,50.789598],[15.371727,50.791949],[15.372041,50.795869],[15.36647,50.802171],[15.374279,50.806741],[15.372311,50.808183],[15.374036,50.812325],[15.370658,50.815615],[15.376265,50.821314],[15.372408,50.823618],[15.368012,50.837717],[15.359233,50.844833],[15.353951,50.852006],[15.350477,50.851372],[15.346272,50.853959],[15.343653,50.853412],[15.343088,50.855529],[15.340698,50.855134],[15.339024,50.857255],[15.329292,50.856638],[15.329055,50.858918],[15.326213,50.858228],[15.315465,50.860127],[15.309049,50.862676],[15.293092,50.875851],[15.290502,50.881449],[15.277889,50.890669],[15.277207,50.899581],[15.271207,50.911104],[15.27098,50.916055],[15.267699,50.919392],[15.26961,50.92633],[15.268016,50.932143],[15.27082,50.93573],[15.277609,50.93866],[15.278675,50.941677],[15.289894,50.947012],[15.29252,50.95319],[15.285404,50.959641],[15.274887,50.962338],[15.277614,50.971743],[15.275968,50.978215],[15.27402,50.97963],[15.25875,50.981183],[15.250346,50.981324],[15.247341,50.979703],[15.239799,50.98568],[15.242962,50.988447],[15.240091,50.989907],[15.238091,50.994911],[15.242949,50.996885],[15.239114,50.998706],[15.218448,50.995447],[15.211395,50.992122],[15.203599,50.992492],[15.196092,50.988779],[15.198599,50.983546],[15.190797,50.980619],[15.173787,50.985709],[15.17186,50.986591],[15.175543,50.988627],[15.177532,50.994236],[15.17565,50.996172],[15.175401,51.010177],[15.171985,51.020298],[15.153833,51.014943],[15.143468,51.013432],[15.142122,51.007832],[15.134559,50.999547],[15.13246,50.994419],[15.138698,50.993814],[15.142118,50.991639],[15.13448,50.991961],[15.129193,50.990465],[15.120078,50.99362],[15.104684,50.991932],[15.100424,50.994976],[15.097129,51.002779],[15.106288,51.007315],[15.106901,51.01019],[15.096492,51.01366],[15.087742,51.013726],[15.085132,51.014954],[15.077338,51.014178],[15.075847,51.017508],[15.068615,51.018316],[15.068022,51.021375],[15.061191,51.023363],[15.05724,51.023243],[15.056518,51.012371],[15.036146,51.013045],[15.033864,51.01514],[15.035256,51.017177],[15.033078,51.02137],[15.023507,51.023388],[15.016234,51.021795],[15.014181,51.016658],[15.009898,51.016368],[15.001283,51.011515],[14.995443,51.00981],[14.985001,51.010874],[14.982884,51.005971],[14.968324,50.989889],[14.97587,50.986824],[14.988317,50.977532],[14.99357,50.981655],[15.006363,50.98573],[15.010034,50.982316],[15.014467,50.971859],[15.0215,50.96589],[15.017619,50.966777],[15.010745,50.961999],[15.015066,50.949706],[15.012274,50.943765],[15.013087,50.939937],[15.001169,50.928702],[14.995298,50.927275],[14.989576,50.922109],[14.99142,50.917887],[14.997843,50.912927],[14.99864,50.906797],[15.006434,50.906944],[14.996119,50.900516],[14.996175,50.894716],[14.993611,50.892341],[14.998078,50.889083],[15.00206,50.868851],[14.99461,50.869626],[14.978351,50.86834],[14.9702,50.864339],[14.959642,50.862065],[14.948721,50.864213],[14.939221,50.869323],[14.900141,50.875946],[14.897369,50.867607],[14.873499,50.877559],[14.866712,50.877139],[14.863764,50.870365],[14.853736,50.868637],[14.847539,50.870131],[14.839925,50.86923],[14.829831,50.872953],[14.822875,50.870478],[14.824497,50.867741],[14.820476,50.858538],[14.808055,50.847423],[14.802618,50.836115],[14.80195,50.825659],[14.795242,50.820718],[14.793475,50.82042],[14.794437,50.823557],[14.791681,50.824114],[14.779733,50.82026],[14.765787,50.819776],[14.764988,50.822231],[14.762132,50.822279],[14.759492,50.824753],[14.750197,50.824511],[14.744657,50.829535],[14.737425,50.829216],[14.732454,50.824898],[14.722139,50.822266],[14.717165,50.823533],[14.716132,50.825661],[14.719904,50.832363],[14.708776,50.840537],[14.687535,50.838806],[14.665003,50.848989],[14.661687,50.849868],[14.646978,50.848408],[14.630994,50.855067],[14.618798,50.85751],[14.61854,50.864403],[14.623189,50.867509],[14.631733,50.882778],[14.636412,50.897343],[14.652415,50.905385],[14.652298,50.92454],[14.650105,50.931012],[14.642782,50.930874],[14.627336,50.924804],[14.617724,50.925017],[14.611665,50.921748],[14.600563,50.920047],[14.581554,50.913241],[14.5725,50.916886],[14.564426,50.91821],[14.560865,50.924999],[14.571183,50.936261],[14.581551,50.9426],[14.585244,50.951112],[14.595665,50.962681],[14.592177,50.966482],[14.596897,50.969261],[14.596291,50.973601],[14.599738,50.97868],[14.598657,50.987453],[14.594525,50.987568],[14.582951,50.993149],[14.579555,50.999259],[14.566953,51.006033],[14.56525,51.009577],[14.560008,51.006942],[14.53575,51.00379],[14.533383,51.005732],[14.535794,51.009211],[14.5398,51.01019],[14.53959,51.012403],[14.53359,51.016022],[14.527338,51.018273],[14.504762,51.02037],[14.499617,51.021985],[14.501658,51.031181],[14.508715,51.041543],[14.507112,51.043799],[14.500127,51.046805],[14.491787,51.04371],[14.494547,51.035001],[14.492723,51.023144],[14.475688,51.024937],[14.475525,51.029057],[14.470912,51.030458],[14.465894,51.034883],[14.45372,51.035567],[14.433917,51.026017],[14.431707,51.023168],[14.421128,51.019297],[14.413047,51.018515],[14.403155,51.021673],[14.396029,51.022181],[14.385842,51.02614],[14.382366,51.038454],[14.373425,51.038949],[14.362151,51.045298],[14.347577,51.041794],[14.343116,51.03858],[14.33563,51.038946],[14.325908,51.048849],[14.313542,51.055796],[14.300937,51.055036],[14.295489,51.050629],[14.287799,51.039207],[14.273856,51.040492],[14.273627,51.037846],[14.279789,51.03633],[14.285816,51.031555],[14.285825,51.027075],[14.278174,51.019386],[14.281503,51.015498],[14.266237,51.008788],[14.261128,51.009782],[14.261556,51.005433],[14.268558,50.999685],[14.258987,50.992126],[14.258433,50.987366],[14.262468,50.984843],[14.275068,50.983246],[14.285983,50.976827],[14.289599,50.978463],[14.298649,50.978544],[14.312086,50.984378],[14.323903,50.984686],[14.329084,50.981753],[14.325928,50.979241],[14.328241,50.972763],[14.319898,50.971968],[14.314744,50.973147],[14.302134,50.96523],[14.317721,50.96003],[14.317916,50.958078],[14.311208,50.954039],[14.325765,50.949505],[14.34419,50.94888],[14.349616,50.944792],[14.355757,50.944276],[14.361675,50.941509],[14.369179,50.942308],[14.370285,50.938948],[14.375012,50.93858],[14.387772,50.941771],[14.393319,50.937143],[14.400919,50.93392],[14.399563,50.929918],[14.40115,50.92381],[14.390929,50.920407],[14.395272,50.918887],[14.394581,50.917726],[14.389002,50.918097],[14.389607,50.916479],[14.385517,50.916459],[14.388619,50.908179],[14.387673,50.899097],[14.373138,50.896519],[14.358082,50.899022],[14.354799,50.898278],[14.350078,50.900185],[14.350746,50.895078],[14.348358,50.892207],[14.338567,50.890041],[14.32139,50.889301],[14.303788,50.883826],[14.291068,50.885592],[14.282106,50.892632],[14.267912,50.895016],[14.251509,50.887458],[14.244275,50.886069],[14.232712,50.887158],[14.236182,50.882345],[14.236805,50.877045],[14.223503,50.859564],[14.217926,50.860219],[14.201859,50.851429],[14.19585,50.851702],[14.18979,50.848874],[14.161467,50.84724],[14.133254,50.833855],[14.125126,50.833677],[14.113429,50.829565],[14.104302,50.828987],[14.100081,50.825551],[14.089629,50.825909],[14.078533,50.817198],[14.077937,50.81149],[14.072832,50.810032],[14.061713,50.809195],[14.057042,50.811235],[14.04189,50.809857],[14.031391,50.803897],[14.016946,50.810666],[14.004368,50.809899],[14.002988,50.814693],[13.990362,50.819746],[13.984273,50.81565],[13.970777,50.81135],[13.956592,50.809088],[13.953367,50.806716],[13.954948,50.800732],[13.947877,50.796836],[13.945051,50.793063],[13.937958,50.78979],[13.917017,50.789693],[13.903715,50.794622],[13.896331,50.790994],[13.896102,50.787279],[13.899287,50.785041],[13.894012,50.779646],[13.892273,50.774443],[13.88667,50.770384],[13.889279,50.762577],[13.901522,50.753769],[13.897832,50.744801],[13.878433,50.737882],[13.868436,50.742738],[13.861308,50.742777],[13.861343,50.736343],[13.857832,50.729842],[13.854612,50.726741],[13.849466,50.725478],[13.844628,50.724854],[13.835731,50.726895],[13.828012,50.724062],[13.819454,50.728124],[13.816066,50.72823],[13.808448,50.73333],[13.796533,50.734334],[13.791134,50.73285],[13.788595,50.735451],[13.785143,50.733327],[13.778529,50.736347],[13.772664,50.733124],[13.764234,50.735489],[13.757365,50.735363],[13.749489,50.728851],[13.742046,50.72786],[13.72807,50.734082],[13.714111,50.725546],[13.70991,50.724762],[13.712398,50.718893],[13.707745,50.7165],[13.688827,50.719456],[13.682311,50.724461],[13.664718,50.731974],[13.643756,50.729715],[13.636506,50.725173],[13.62487,50.722544],[13.626249,50.715387],[13.610985,50.713593],[13.602278,50.710187],[13.587858,50.713295],[13.572944,50.713833],[13.568086,50.712676],[13.557388,50.714864],[13.544963,50.711361],[13.53719,50.705805],[13.525353,50.705096],[13.528056,50.697964],[13.539904,50.690231],[13.543988,50.677804],[13.538795,50.674874],[13.539818,50.668678],[13.531295,50.668899],[13.511813,50.654487],[13.515811,50.649405],[13.52528,50.648542],[13.524196,50.639932],[13.515538,50.635984],[13.503475,50.634617],[13.496855,50.631481],[13.493934,50.624755],[13.476996,50.615021],[13.477053,50.612403],[13.466293,50.606019],[13.465208,50.602486],[13.452358,50.606042],[13.441713,50.611165],[13.429875,50.610855],[13.425472,50.613149],[13.427302,50.614543],[13.425194,50.616615],[13.416235,50.616224],[13.412581,50.618672],[13.41364,50.621894],[13.405219,50.634626],[13.393114,50.642011],[13.391709,50.646433],[13.385548,50.646709],[13.382932,50.644961],[13.377008,50.649389],[13.37019,50.650835],[13.37677,50.627405],[13.370278,50.624875],[13.366512,50.618274],[13.361097,50.619145],[13.358476,50.616045],[13.338443,50.612933],[13.334612,50.607316],[13.324405,50.608428],[13.325534,50.605],[13.319811,50.601887],[13.322665,50.596799],[13.321219,50.589687],[13.323618,50.587968],[13.323066,50.58149],[13.309628,50.578866],[13.298884,50.57876],[13.291305,50.575416],[13.283753,50.586015],[13.284773,50.588098],[13.279498,50.592504],[13.26159,50.59235],[13.253185,50.595219],[13.24757,50.591478],[13.246536,50.586448],[13.24077,50.585006],[13.236015,50.579371],[13.232371,50.578641],[13.2351,50.570345],[13.222072,50.562849],[13.222876,50.558843],[13.227289,50.555135],[13.228141,50.549898],[13.221167,50.545863],[13.220964,50.541845],[13.208887,50.529757],[13.207324,50.522098],[13.194368,50.515948],[13.197171,50.505737],[13.195753,50.504264],[13.187883,50.505212],[13.175893,50.504298],[13.15439,50.508798],[13.144448,50.506252],[13.138264,50.506315],[13.139908,50.511966],[13.135317,50.5148],[13.13324,50.519305],[13.119273,50.514163],[13.103873,50.503863],[13.091811,50.502716],[13.085736,50.500538],[13.057713,50.50136],[13.043919,50.511591],[13.039037,50.509738],[13.031271,50.51012],[13.031531,50.500322],[13.022278,50.487214],[13.022781,50.482757],[13.019836,50.475818],[13.019139,50.460929],[13.02289,50.45371],[13.017867,50.445865],[12.994746,50.433557],[12.984049,50.420306],[12.965311,50.415043],[12.949385,50.413881],[12.94189,50.411611],[12.940639,50.407047],[12.947571,50.406518],[12.947923,50.404437],[12.937399,50.407255],[12.937276,50.411523],[12.915796,50.422293],[12.911803,50.423701],[12.90472,50.422308],[12.895345,50.429159],[12.84978,50.447245],[12.840432,50.452912],[12.818429,50.460468],[12.817366,50.450523],[12.806567,50.443428],[12.807591,50.439238],[12.811424,50.435693],[12.810195,50.431624],[12.795208,50.449357],[12.73557,50.43241],[12.731928,50.428641],[12.729865,50.422103],[12.720144,50.417559],[12.707331,50.408496],[12.706281,50.404631],[12.708492,50.401155],[12.706846,50.39755],[12.695766,50.401589],[12.69344,50.404929],[12.681704,50.409968],[12.673626,50.416691],[12.656195,50.411492],[12.64615,50.410429],[12.626423,50.416281],[12.616632,50.41605],[12.616345,50.41425],[12.606389,50.408219],[12.599611,50.406107],[12.592276,50.407737],[12.579967,50.407397],[12.574808,50.403291],[12.558163,50.399321],[12.551415,50.398942],[12.545795,50.400581],[12.543785,50.39849],[12.533403,50.399687],[12.528673,50.397115],[12.512055,50.397544],[12.509209,50.391381],[12.502372,50.386586],[12.496804,50.378991],[12.489207,50.374924],[12.487095,50.37067],[12.49188,50.355889],[12.48906,50.349511],[12.484158,50.346893],[12.481643,50.347392],[12.468663,50.355566],[12.460031,50.351328],[12.458118,50.34813],[12.449789,50.345909],[12.441925,50.341435],[12.44025,50.337379],[12.434649,50.333086],[12.437484,50.32938],[12.431948,50.323169],[12.425944,50.324355],[12.421397,50.322731],[12.416844,50.324216],[12.403717,50.323648],[12.398241,50.32126],[12.400621,50.317401],[12.398401,50.307967],[12.402439,50.302903],[12.400596,50.29427],[12.39442,50.289666],[12.383186,50.289087],[12.370409,50.28535],[12.369119,50.281925],[12.364398,50.280314],[12.361694,50.277246],[12.361131,50.269394],[12.351623,50.26286],[12.350724,50.251426],[12.358961,50.242861],[12.355394,50.242181],[12.350843,50.238588],[12.355564,50.237086],[12.349852,50.237298],[12.34933,50.236176],[12.340222,50.241139],[12.330461,50.242987],[12.332895,50.238772],[12.327952,50.234307],[12.331185,50.23354],[12.329776,50.225369],[12.334974,50.221577],[12.334988,50.217387],[12.326485,50.218748],[12.327173,50.210408],[12.323637,50.206084],[12.327631,50.20137],[12.332976,50.19958],[12.332635,50.197457],[12.338093,50.191951],[12.335677,50.188385],[12.329584,50.186258],[12.327765,50.182582],[12.322529,50.181521],[12.327447,50.179504],[12.328658,50.17534],[12.33691,50.173442],[12.334123,50.172134],[12.314377,50.172373],[12.302186,50.175645],[12.29567,50.175138],[12.290742,50.17678],[12.29173,50.184004],[12.289494,50.186727],[12.286496,50.185476],[12.284466,50.187227],[12.28434,50.190696],[12.281168,50.189171],[12.278877,50.190803],[12.27521,50.196964],[12.287872,50.202432],[12.288728,50.204912],[12.285522,50.206628],[12.288963,50.209294],[12.281792,50.20786],[12.28295,50.213198],[12.293001,50.220382],[12.285424,50.222442],[12.278669,50.222183],[12.282781,50.223754],[12.278863,50.224328],[12.287278,50.225256],[12.27545,50.232804],[12.266538,50.231438],[12.264077,50.23513],[12.253906,50.237439],[12.252344,50.241847],[12.239703,50.24616],[12.241968,50.250223],[12.250298,50.254199],[12.245771,50.25817],[12.252459,50.255287],[12.256144,50.251016],[12.259132,50.252138],[12.265634,50.249654],[12.264013,50.25309],[12.265418,50.259275],[12.261275,50.26183],[12.254152,50.270883],[12.246004,50.26824],[12.232285,50.27098],[12.216021,50.270087],[12.201632,50.273488],[12.202367,50.289268],[12.196362,50.293068],[12.201175,50.309396],[12.198324,50.307308],[12.194985,50.310036],[12.186664,50.312761],[12.183361,50.317292],[12.185061,50.322432],[12.163521,50.32121],[12.146654,50.321959],[12.130289,50.318994],[12.125148,50.31554],[12.114313,50.316344],[12.115354,50.320997],[12.110435,50.32015],[12.105598,50.321659],[12.100725,50.318061],[12.105682,50.314241],[12.114439,50.31279],[12.125311,50.307305],[12.125583,50.305573],[12.119493,50.299678],[12.122702,50.290934],[12.135234,50.283964],[12.139654,50.277244],[12.137827,50.274963],[12.12018,50.267119],[12.111645,50.267774],[12.106436,50.264273],[12.097763,50.262596],[12.102999,50.258153],[12.10306,50.25579],[12.099163,50.253768],[12.091102,50.252855],[12.091744,50.250707],[12.099749,50.246013],[12.106683,50.246475],[12.109364,50.237794],[12.128231,50.23293],[12.142448,50.230487],[12.142444,50.23313],[12.148033,50.235532],[12.151967,50.235293],[12.145009,50.23019],[12.15218,50.229489],[12.157843,50.22713],[12.15697,50.223252],[12.162645,50.223574],[12.160559,50.220048],[12.164456,50.218035],[12.157971,50.213504],[12.160644,50.210912],[12.164761,50.213053],[12.175068,50.212937],[12.177748,50.204],[12.182847,50.204897],[12.182812,50.203535],[12.185409,50.203451],[12.180928,50.200724],[12.183485,50.198557],[12.18778,50.20027],[12.190129,50.198263],[12.196641,50.198893],[12.197469,50.197933],[12.18919,50.19694],[12.188277,50.194908],[12.201229,50.187345],[12.203701,50.179461],[12.208043,50.173867],[12.206288,50.169083],[12.215289,50.167838],[12.211216,50.159851],[12.198863,50.151524],[12.202284,50.150353],[12.202344,50.1461],[12.195339,50.143613],[12.193675,50.139968],[12.196279,50.135619],[12.196566,50.122357],[12.201829,50.115997],[12.200138,50.109378],[12.206221,50.106343],[12.210593,50.101482],[12.221018,50.10279],[12.228118,50.101619],[12.226608,50.096319],[12.230921,50.093958],[12.244536,50.095982],[12.24544,50.091923],[12.252689,50.090324],[12.253294,50.086315],[12.258889,50.084328],[12.265747,50.078384],[12.274102,50.076229],[12.259307,50.063279],[12.260798,50.057642],[12.271683,50.061074],[12.278612,50.054956],[12.299481,50.058073],[12.311738,50.054694],[12.313903,50.052538],[12.318328,50.052502],[12.319877,50.049314],[12.316382,50.045795],[12.323672,50.039667],[12.325805,50.032614],[12.330059,50.032459],[12.338637,50.038846],[12.343738,50.037888],[12.348293,50.036042],[12.348948,50.030662],[12.365508,50.022188],[12.368121,50.017063],[12.378153,50.018845],[12.378726,50.014486],[12.386095,50.01211],[12.400428,50.014704],[12.402332,50.012219],[12.397037,50.008274],[12.402592,50.008091],[12.401588,50.005414],[12.417171,50.004084],[12.42399,50.000755],[12.430682,50.002632],[12.434597,49.998301],[12.435285,49.994274],[12.425259,49.990675],[12.431279,49.987889],[12.431649,49.984046],[12.441297,49.986119],[12.44564,49.989059],[12.453595,49.991225],[12.454665,49.993423],[12.460572,49.994443],[12.469903,49.990831],[12.468908,49.988284],[12.476487,49.980604],[12.489254,49.981117],[12.498653,49.971788],[12.493256,49.969423],[12.490737,49.958888],[12.480594,49.958297],[12.469425,49.948138],[12.470099,49.944565],[12.477375,49.936061],[12.478603,49.935171],[12.493064,49.936429],[12.492328,49.932917],[12.497383,49.932331],[12.502616,49.929341],[12.511577,49.926954],[12.522632,49.926811],[12.538738,49.924047],[12.547225,49.919448],[12.550295,49.91048],[12.549861,49.902545],[12.53942,49.891457],[12.534424,49.890457],[12.521463,49.881972],[12.518252,49.877597],[12.516916,49.866641],[12.511215,49.859378],[12.498212,49.857153],[12.498633,49.83821],[12.48976,49.839455],[12.488111,49.841813],[12.4828,49.841924],[12.472877,49.833398],[12.475666,49.825941],[12.474282,49.819525],[12.472214,49.814941],[12.4642,49.810598],[12.470322,49.801418],[12.46536,49.794476],[12.473836,49.790749],[12.472129,49.786185],[12.468387,49.786925],[12.405051,49.762716],[12.400808,49.754096],[12.405976,49.748134],[12.404391,49.745814],[12.40553,49.740896],[12.412453,49.735632],[12.412526,49.732441],[12.423928,49.730964],[12.426559,49.728994],[12.42888,49.72116],[12.440324,49.705799],[12.44545,49.702547],[12.458802,49.701566],[12.482678,49.693943],[12.485058,49.687436],[12.489187,49.68619],[12.496651,49.684952],[12.501293,49.685947],[12.504326,49.684338],[12.514075,49.687142],[12.521672,49.68563],[12.52168,49.678857],[12.529742,49.667022],[12.522498,49.659775],[12.525123,49.652319],[12.517696,49.646756],[12.519207,49.642471],[12.526232,49.641741],[12.528337,49.640079],[12.528039,49.637761],[12.522646,49.633106],[12.523246,49.628925],[12.525071,49.626741],[12.534469,49.626445],[12.532862,49.623951],[12.527338,49.622326],[12.529179,49.618221],[12.536824,49.617667],[12.54551,49.620711],[12.557264,49.620436],[12.561506,49.618945],[12.557168,49.614769],[12.563146,49.607176],[12.564646,49.596194],[12.576894,49.585649],[12.571527,49.569522],[12.574442,49.559336],[12.580393,49.555467],[12.583306,49.549508],[12.589651,49.543712],[12.594505,49.54193],[12.588274,49.537809],[12.605617,49.531064],[12.613396,49.529827],[12.614867,49.528207],[12.619008,49.529118],[12.621031,49.526371],[12.629282,49.527716],[12.631237,49.531329],[12.636644,49.532245],[12.644343,49.522482],[12.641913,49.51677],[12.643077,49.509306],[12.639687,49.501689],[12.642985,49.494095],[12.64315,49.487172],[12.632956,49.475995],[12.637192,49.475586],[12.642116,49.469083],[12.648144,49.467788],[12.650457,49.463551],[12.657279,49.450108],[12.655112,49.448559],[12.657175,49.438985],[12.655053,49.434454],[12.67747,49.425987],[12.708351,49.42429],[12.71486,49.413635],[12.732073,49.409827],[12.757416,49.394111],[12.760641,49.381454],[12.757694,49.375036],[12.768259,49.364777],[12.776895,49.363267],[12.780485,49.359746],[12.777723,49.35088],[12.778257,49.348331],[12.782892,49.346002],[12.798393,49.342149],[12.81259,49.340589],[12.837155,49.340426],[12.84552,49.344653],[12.852944,49.337898],[12.858854,49.338685],[12.875585,49.332492],[12.887615,49.33342],[12.886362,49.338927],[12.881432,49.343385],[12.879742,49.347953],[12.883185,49.350506],[12.896602,49.348497],[12.903996,49.348816],[12.919466,49.343206],[12.930061,49.344418],[12.939329,49.341815],[12.944129,49.34363],[12.950224,49.342301],[12.958275,49.336577],[12.963706,49.336808],[12.973274,49.333032],[12.988123,49.323382],[12.991986,49.318779],[13.002311,49.313656],[13.008141,49.305359],[13.028087,49.303945],[13.030032,49.287033],[13.025309,49.277914],[13.032715,49.265195],[13.047215,49.263431],[13.050606,49.264933],[13.054745,49.264028],[13.058383,49.259788],[13.057039,49.256432],[13.059917,49.250988],[13.067657,49.249477],[13.07169,49.24594],[13.081072,49.247225],[13.084912,49.243458],[13.087191,49.23688],[13.085819,49.228673],[13.113298,49.217943],[13.112613,49.211194],[13.109335,49.206147],[13.109971,49.202518],[13.123447,49.196701],[13.12867,49.196459],[13.136493,49.190376],[13.140555,49.189443],[13.147972,49.182299],[13.163026,49.173891],[13.171829,49.172409],[13.176253,49.162313],[13.169796,49.144099],[13.181986,49.134555],[13.205525,49.121481],[13.235137,49.113002],[13.260466,49.118567],[13.280377,49.120306],[13.287235,49.11883],[13.310705,49.104984],[13.324404,49.099573],[13.326835,49.096151],[13.335788,49.093546],[13.343881,49.088416],[13.347702,49.081513],[13.354714,49.078249],[13.36372,49.069108],[13.366731,49.069263],[13.370663,49.067146],[13.377791,49.056607],[13.384126,49.05703],[13.386612,49.052667],[13.39227,49.054049],[13.397377,49.050393],[13.397274,49.044544],[13.391339,49.042716],[13.391465,49.041474],[13.398136,49.037573],[13.405293,49.023427],[13.401175,49.021071],[13.399697,49.013248],[13.408565,49.004892],[13.402028,48.994547],[13.402065,48.987185],[13.424541,48.976774],[13.426715,48.971862],[13.433191,48.971523],[13.443564,48.96568],[13.460396,48.961768],[13.469092,48.954401],[13.483831,48.95096],[13.48549,48.947115],[13.496374,48.941146],[13.508308,48.942434],[13.506502,48.959703],[13.50785,48.969083],[13.516057,48.968675],[13.526929,48.973202],[13.533055,48.974005],[13.546248,48.967186],[13.55655,48.967026],[13.564031,48.970253],[13.572198,48.965682],[13.575659,48.969085],[13.580902,48.970618],[13.592599,48.961429],[13.590368,48.953611],[13.596899,48.946751],[13.610352,48.938142],[13.608491,48.943069],[13.615013,48.944407],[13.620377,48.948513],[13.628464,48.94904],[13.631015,48.94718],[13.623425,48.942139],[13.622169,48.939017],[13.637071,48.926647],[13.639026,48.916649],[13.641098,48.917078],[13.642919,48.914993],[13.654935,48.894151],[13.663031,48.893959],[13.669207,48.890562],[13.668095,48.887972],[13.670925,48.880613],[13.675676,48.878659],[13.684829,48.879359],[13.68836,48.87813],[13.700863,48.881736],[13.71743,48.878201],[13.726374,48.882195],[13.72974,48.886965],[13.736917,48.885216],[13.7374,48.879401],[13.749699,48.867087],[13.748763,48.860663],[13.764421,48.838514],[13.764838,48.835001],[13.77074,48.830373],[13.778829,48.832227],[13.792373,48.830054],[13.787859,48.824248],[13.797844,48.818705],[13.796747,48.81362],[13.814474,48.797462],[13.808604,48.784132],[13.804289,48.780917],[13.812494,48.774684],[13.832946,48.770366],[13.844085,48.772209],[13.847903,48.769714],[13.856255,48.771216],[13.872323,48.768159],[13.887516,48.759376],[13.899195,48.755069],[13.918073,48.741602],[13.921206,48.736695],[13.926289,48.735482],[13.927527,48.731212],[13.942451,48.721643],[13.94717,48.722165],[13.953388,48.719832],[13.956579,48.714204],[13.971506,48.712881],[13.978723,48.709034],[13.986686,48.710144],[14.004526,48.707622],[14.008565,48.705179],[14.009979,48.699473],[14.012818,48.698588],[14.009991,48.695114],[14.018142,48.695913],[14.015967,48.691702],[14.024184,48.688974],[14.027771,48.685099],[14.025494,48.685319],[14.024131,48.68301],[14.033415,48.679302],[14.034041,48.676109],[14.039334,48.675602],[14.043766,48.677219],[14.058963,48.673114],[14.059745,48.66455],[14.057759,48.658341],[14.053595,48.653607],[14.051683,48.652836],[14.039726,48.655021],[14.023625,48.652435],[14.02291,48.64571],[14.017236,48.643928],[14.013324,48.640378],[14.009859,48.639977],[14.023094,48.632303],[14.022021,48.630548],[14.02968,48.62775],[14.028712,48.625669],[14.041772,48.628049],[14.047331,48.62674],[14.044884,48.618634],[14.040313,48.617221],[14.04265,48.614936],[14.041125,48.612212],[14.05026,48.609715],[14.050081,48.607619],[14.054204,48.603422],[14.061432,48.606075],[14.069033,48.606418],[14.066017,48.601241],[14.06661,48.594349],[14.070021,48.595597],[14.072998,48.599357],[14.094202,48.598467],[14.096498,48.599382],[14.095413,48.591516],[14.105117,48.589123],[14.11415,48.588856],[14.126633,48.594124],[14.130501,48.597275],[14.142374,48.593539],[14.15357,48.595587],[14.158949,48.591868],[14.16213,48.592301],[14.163497,48.588824],[14.177918,48.590635],[14.177477,48.592338],[14.182112,48.593288],[14.194553,48.591879],[14.214857,48.586072],[14.227783,48.584759],[14.236491,48.581147],[14.239554,48.576801],[14.257532,48.581293],[14.27059,48.58046],[14.277037,48.574711],[14.295743,48.567598],[14.306547,48.566054],[14.312313,48.563309],[14.319652,48.562334],[14.323976,48.563259],[14.32631,48.554069],[14.332252,48.55153],[14.342892,48.554452],[14.346946,48.560235],[14.354073,48.562488],[14.353208,48.568109],[14.358585,48.574348],[14.36581,48.575345],[14.369223,48.569434],[14.374346,48.568896],[14.381234,48.568992],[14.388542,48.571567],[14.394345,48.577099],[14.391923,48.581834],[14.387954,48.583967],[14.386906,48.591547],[14.388575,48.592746],[14.41561,48.592156],[14.424709,48.587915],[14.431322,48.588254],[14.436544,48.598088],[14.4426,48.600082],[14.444999,48.607897],[14.449076,48.61306],[14.448076,48.619694],[14.452877,48.624333],[14.456921,48.624119],[14.453751,48.631682],[14.445231,48.638731],[14.444137,48.643342],[14.45432,48.644403],[14.457804,48.643113],[14.468823,48.646028],[14.469712,48.64737],[14.471919,48.643931],[14.476738,48.642027],[14.474941,48.640947],[14.476281,48.639136],[14.483167,48.634786],[14.492698,48.632019],[14.495184,48.626745],[14.49379,48.622389],[14.499334,48.620704],[14.503754,48.616113],[14.511753,48.618533],[14.518856,48.61882],[14.527518,48.614266],[14.547594,48.613299],[14.551364,48.610426],[14.5526,48.606146],[14.562478,48.602706],[14.565314,48.60503],[14.564933,48.607727],[14.568289,48.60801],[14.573371,48.611198],[14.576776,48.610842],[14.582319,48.616157],[14.591437,48.617148],[14.604406,48.627165],[14.611418,48.627157],[14.619984,48.61689],[14.624577,48.604626],[14.63089,48.602677],[14.647694,48.609066],[14.657573,48.597118],[14.663896,48.581097],[14.683035,48.582137],[14.689568,48.58514],[14.691625,48.583681],[14.695095,48.584878],[14.701008,48.582001],[14.70809,48.586629],[14.706862,48.591029],[14.712259,48.594166],[14.71204,48.596405],[14.721654,48.601647],[14.71499,48.617368],[14.723199,48.638705],[14.720767,48.639388],[14.719266,48.649362],[14.713156,48.650164],[14.719387,48.666799],[14.727064,48.677819],[14.727664,48.687252],[14.73433,48.695996],[14.741064,48.701108],[14.755325,48.703162],[14.760559,48.709873],[14.774768,48.711431],[14.786599,48.71803],[14.787851,48.721904],[14.792785,48.724704],[14.795298,48.729695],[14.800798,48.732826],[14.802775,48.731629],[14.808812,48.733963],[14.801195,48.747745],[14.811745,48.760669],[14.811446,48.766438],[14.806972,48.771054],[14.810147,48.772874],[14.808932,48.778591],[14.819733,48.780768],[14.824033,48.783091],[14.830031,48.780125],[14.84063,48.781602],[14.841788,48.783454],[14.845136,48.778766],[14.847029,48.778459],[14.848272,48.780554],[14.850334,48.777704],[14.857651,48.775221],[14.858315,48.776802],[14.862302,48.776723],[14.868245,48.780822],[14.879039,48.780009],[14.885703,48.776406],[14.884271,48.772301],[14.88703,48.770717],[14.896379,48.772407],[14.908511,48.766747],[14.916964,48.769083],[14.931656,48.765873],[14.939439,48.761367],[14.947197,48.762181],[14.951836,48.761085],[14.955218,48.758093],[14.96029,48.760417],[14.960953,48.762831],[14.965564,48.763274],[14.975257,48.767961],[14.980731,48.774398],[14.978279,48.781043],[14.955344,48.789254],[14.956387,48.793043],[14.953401,48.79596],[14.960221,48.803902],[14.958389,48.813048],[14.969622,48.822474],[14.968628,48.83678],[14.972549,48.839783],[14.972507,48.841928],[14.984815,48.842186],[14.984576,48.846274],[14.97847,48.851281],[14.978103,48.85368],[14.973923,48.853421],[14.973256,48.874402],[14.984464,48.8749],[14.983889,48.890965],[14.989663,48.89116],[14.989319,48.89571],[14.992099,48.897834],[14.993424,48.903868],[14.990595,48.91565],[14.985924,48.91963],[14.984872,48.92411],[14.980088,48.926965],[14.979706,48.930433],[14.984352,48.932082],[14.98656,48.935644],[14.985032,48.941507],[14.98097,48.943526],[14.976785,48.955836],[14.978307,48.960926],[14.976759,48.970923],[14.979179,48.979817],[14.980563,48.978167],[14.984575,48.986245],[14.994563,48.989393],[14.997795,48.992426],[14.995742,48.993511],[15.000485,49.004135],[14.993856,49.005228],[14.990232,49.009398],[14.994871,49.015018],[15.003717,49.012173],[15.011215,49.014],[15.020384,49.020611],[15.02854,49.015266],[15.039291,49.011411],[15.05499,49.015464],[15.064991,49.0142],[15.066948,49.007321],[15.063878,49.004295],[15.06411,49.000299],[15.066028,48.999319],[15.087236,48.997597],[15.101931,48.994351],[15.108381,48.99912],[15.114112,48.999377],[15.121803,48.997243],[15.124307,48.998732],[15.128926,48.997525],[15.132983,48.999462],[15.13511,48.997466],[15.154202,48.993913],[15.157861,48.989787],[15.157067,48.985487],[15.152602,48.985357],[15.149994,48.982662],[15.150525,48.980404],[15.161466,48.977462],[15.162509,48.975455],[15.158518,48.972183],[15.166093,48.969392],[15.168718,48.962977],[15.168117,48.960289],[15.162407,48.957951],[15.154664,48.947002],[15.160293,48.941764],[15.165667,48.943539],[15.168751,48.942538],[15.177298,48.947389],[15.189376,48.942899],[15.200636,48.952453],[15.206812,48.954012],[15.209603,48.957064],[15.216541,48.958559],[15.225213,48.95941],[15.23878,48.958066],[15.24529,48.959234],[15.261568,48.9533],[15.262361,48.957354],[15.268952,48.958019],[15.265473,48.964302],[15.266656,48.966403],[15.271939,48.966171],[15.281075,48.978693],[15.281472,48.980647],[15.275606,48.986651],[15.277218,48.99408],[15.289992,48.992146],[15.288526,48.998307],[15.29285,49.002381],[15.288305,49.00399],[15.287372,49.013339],[15.285102,49.01616],[15.276993,49.018769],[15.269666,49.023781],[15.267553,49.02802],[15.247845,49.029402],[15.24938,49.033554],[15.254259,49.035781],[15.256964,49.039341],[15.250781,49.047067],[15.237184,49.051121],[15.23132,49.050624],[15.229163,49.054016],[15.216679,49.055197],[15.208513,49.058432],[15.218912,49.064402],[15.218938,49.07181],[15.224258,49.076486],[15.225019,49.082233],[15.228032,49.084641],[15.234463,49.085257],[15.240752,49.082952],[15.246338,49.076518],[15.252118,49.074514],[15.258455,49.075901],[15.262656,49.074455],[15.264917,49.075431],[15.263769,49.077638],[15.249513,49.085836],[15.235355,49.088957],[15.237182,49.091266],[15.244323,49.092077],[15.250479,49.095579],[15.25402,49.113329],[15.259865,49.117059],[15.260955,49.121155],[15.257811,49.123269],[15.2582,49.127054],[15.255778,49.12872],[15.238682,49.133158],[15.231969,49.133498],[15.239202,49.139838],[15.232665,49.141477],[15.22436,49.146498],[15.228511,49.155019],[15.22767,49.160714],[15.234295,49.160711],[15.238943,49.169499],[15.23416,49.175873],[15.224775,49.176172],[15.215575,49.174393],[15.20722,49.176616],[15.206537,49.181454],[15.21526,49.186386],[15.218557,49.185962],[15.217629,49.190326],[15.221819,49.193122],[15.227901,49.192113],[15.229208,49.190617],[15.257625,49.195547],[15.267296,49.192875],[15.267661,49.194537],[15.262537,49.196741],[15.263141,49.19835],[15.275553,49.201089],[15.279351,49.195955],[15.282241,49.202865],[15.279102,49.204127],[15.263241,49.199671],[15.26305,49.19973],[15.256609,49.202197],[15.253258,49.20598],[15.252499,49.207395],[15.256307,49.211517],[15.254422,49.213074],[15.245165,49.212797],[15.229567,49.208132],[15.217557,49.211719],[15.210376,49.211696],[15.211016,49.208794],[15.201191,49.207369],[15.202883,49.205208],[15.201019,49.203104],[15.193808,49.199702],[15.189383,49.190649],[15.182994,49.187288],[15.187602,49.178227],[15.18749,49.175643],[15.18376,49.172577],[15.171116,49.175111],[15.172058,49.176603],[15.162864,49.178691],[15.164184,49.183279],[15.162669,49.188238],[15.151546,49.190082],[15.14845,49.187465],[15.140605,49.185657],[15.134189,49.188247],[15.133711,49.189911],[15.134975,49.192338],[15.133251,49.197297],[15.145877,49.198165],[15.15218,49.202627],[15.164021,49.202937],[15.168271,49.204434],[15.169248,49.206918],[15.165075,49.21083],[15.165617,49.216577],[15.176102,49.221278],[15.190232,49.231294],[15.191456,49.236164],[15.198447,49.234434],[15.206031,49.225058],[15.207307,49.226669],[15.216827,49.227569],[15.228325,49.223384],[15.233246,49.223447],[15.230602,49.224615],[15.229867,49.227781],[15.230044,49.23414],[15.232301,49.236294],[15.231047,49.23765],[15.233394,49.240108],[15.226604,49.242146],[15.226812,49.248846],[15.235409,49.255414],[15.264145,49.248374],[15.269382,49.248344],[15.270933,49.254613],[15.273838,49.254531],[15.274269,49.260303],[15.276611,49.260179],[15.276908,49.263585],[15.28314,49.270905],[15.280933,49.273224],[15.278214,49.271659],[15.275251,49.273671],[15.280618,49.277495],[15.292331,49.280335],[15.29882,49.283869],[15.300276,49.273421],[15.30981,49.277921],[15.321991,49.275595],[15.335066,49.270377],[15.337879,49.274024],[15.331399,49.280408],[15.330949,49.284332],[15.337685,49.30086],[15.346939,49.306584],[15.343728,49.313707],[15.350724,49.31698],[15.355615,49.314742],[15.368042,49.31572],[15.373306,49.311826],[15.376458,49.313588],[15.380642,49.312008],[15.387289,49.315975],[15.381847,49.323941],[15.387316,49.326398],[15.386439,49.32735],[15.370884,49.327995],[15.3708,49.33058],[15.356813,49.334931],[15.356975,49.33692],[15.378892,49.334239],[15.386911,49.335073],[15.392962,49.331587],[15.401767,49.329186],[15.409992,49.318219],[15.414993,49.317393],[15.422708,49.319858],[15.431542,49.328566],[15.439783,49.330384],[15.444002,49.334331],[15.444182,49.337517],[15.449256,49.337819],[15.453994,49.342986],[15.460653,49.343288],[15.463015,49.345245],[15.47074,49.346267],[15.470856,49.347952],[15.475303,49.34832],[15.473678,49.351641],[15.47622,49.355787],[15.481104,49.356053],[15.489527,49.359839],[15.487639,49.362459],[15.491658,49.364169],[15.489042,49.365254],[15.489416,49.367939],[15.494701,49.369895],[15.489107,49.371973],[15.492764,49.37455],[15.492535,49.378074],[15.498208,49.378168],[15.504276,49.380585],[15.499072,49.384905],[15.499839,49.38927],[15.497225,49.394342],[15.50167,49.395814],[15.504855,49.395036],[15.504956,49.399928],[15.510692,49.402952],[15.5155,49.403464],[15.515507,49.405838],[15.509603,49.405972],[15.513997,49.409975],[15.520307,49.407835],[15.526518,49.410009],[15.531544,49.409994],[15.53504,49.412393],[15.530548,49.415921],[15.549311,49.418226],[15.554868,49.414575],[15.55696,49.410656],[15.569978,49.413424],[15.574406,49.412952],[15.576814,49.407509],[15.583189,49.40519],[15.586773,49.40642],[15.584706,49.407494],[15.595198,49.418654],[15.59753,49.418124],[15.598378,49.423208],[15.607665,49.42651],[15.608737,49.428116],[15.602585,49.431524],[15.603436,49.432416],[15.61105,49.431977],[15.609952,49.430278],[15.614893,49.431104],[15.614672,49.427627],[15.617429,49.428361],[15.627081,49.424053],[15.629977,49.423439],[15.631525,49.424748],[15.635147,49.423268],[15.637711,49.424875],[15.641627,49.430728],[15.639074,49.433126],[15.644842,49.434089],[15.646996,49.436188],[15.634529,49.445566],[15.637681,49.446929],[15.640733,49.445268],[15.638066,49.447947],[15.641061,49.450475],[15.652724,49.45481],[15.663409,49.447119],[15.673781,49.442528],[15.675046,49.438317],[15.687887,49.430296],[15.692433,49.43145],[15.697377,49.440343],[15.697256,49.449092],[15.700307,49.450382],[15.708168,49.448127],[15.712715,49.449126],[15.716551,49.447679],[15.724656,49.44997],[15.728249,49.447063],[15.73194,49.450603],[15.73824,49.451747],[15.743236,49.450245],[15.744658,49.447394],[15.748229,49.448771],[15.752999,49.447231],[15.751844,49.451706],[15.758653,49.454752],[15.762739,49.452481],[15.779637,49.449992],[15.785838,49.450646],[15.789998,49.451956],[15.790301,49.456381],[15.783999,49.462149],[15.787061,49.465891],[15.790257,49.464962],[15.788513,49.465596],[15.790551,49.468335],[15.795243,49.46965],[15.798832,49.468326],[15.808245,49.468784],[15.813603,49.467089],[15.819735,49.468233],[15.824417,49.467002],[15.819437,49.479249],[15.824956,49.483804],[15.828326,49.492133],[15.84011,49.500848],[15.842443,49.505954],[15.84157,49.516209],[15.844609,49.519902],[15.854364,49.524882],[15.854313,49.533661],[15.858472,49.541478],[15.86049,49.543553],[15.867585,49.545438],[15.867542,49.548531],[15.872061,49.551577],[15.887598,49.554615],[15.88684,49.557276],[15.883595,49.5565],[15.885678,49.569317],[15.881471,49.568922],[15.880658,49.566316],[15.876604,49.566874],[15.87151,49.573482],[15.867708,49.574195],[15.872773,49.588455],[15.888132,49.589252],[15.891279,49.593477],[15.895379,49.59494],[15.928956,49.591676],[15.92996,49.593419],[15.933183,49.591642],[15.947839,49.592966],[15.948053,49.595146],[15.950598,49.595511],[15.954337,49.599751],[15.963124,49.602347],[15.962381,49.604002],[15.967609,49.606517],[15.970466,49.605754],[15.973729,49.608583],[15.979009,49.608802],[15.985733,49.611719],[15.992316,49.616472],[15.988171,49.619001],[15.987864,49.632131],[15.978201,49.633853],[15.97079,49.638714],[15.959189,49.639446],[15.952238,49.63757],[15.947116,49.637806],[15.931523,49.649367],[15.928105,49.650764],[15.924172,49.64974],[15.920564,49.650687],[15.922578,49.656255],[15.917773,49.661384],[15.918283,49.664845],[15.929386,49.67918],[15.938961,49.670674],[15.946316,49.667946],[15.949327,49.669225],[15.95472,49.665424],[15.964071,49.668741],[15.972898,49.668196],[15.980505,49.671931],[15.98243,49.674521],[15.981277,49.678118],[15.984375,49.679049],[15.987413,49.683226],[15.986016,49.684958],[15.9907,49.684705],[15.992592,49.69104],[15.996505,49.692602],[15.996877,49.695509],[16.002739,49.700046],[16.019094,49.706269],[16.035082,49.708976],[16.053154,49.707788],[16.0568,49.705472],[16.059408,49.698544],[16.061232,49.698735],[16.061104,49.69486],[16.064126,49.693295],[16.062906,49.690415],[16.069409,49.687598],[16.069291,49.685499],[16.073358,49.68287],[16.078071,49.685513],[16.079416,49.682246],[16.084078,49.680703],[16.08461,49.676154],[16.089998,49.670546],[16.096208,49.671842],[16.097527,49.679109],[16.10187,49.680528],[16.104211,49.684441],[16.10823,49.685283],[16.108871,49.686861],[16.112568,49.686186],[16.114164,49.688277],[16.1265,49.68686],[16.139916,49.691495],[16.147766,49.684845],[16.146782,49.678541],[16.148436,49.677755],[16.158395,49.681353],[16.16843,49.681951],[16.179451,49.675724],[16.18677,49.67412],[16.188642,49.677308],[16.193937,49.678423],[16.198753,49.672724],[16.204315,49.670102],[16.206168,49.666103],[16.211627,49.666976],[16.214805,49.665924],[16.217522,49.667328],[16.226095,49.663759],[16.225008,49.660346],[16.218799,49.658805],[16.229163,49.644475],[16.228998,49.642019],[16.224982,49.639199],[16.228791,49.638014],[16.228638,49.635306],[16.222496,49.631687],[16.223356,49.630031],[16.240984,49.630837],[16.246071,49.628044],[16.250379,49.6295],[16.258425,49.627502],[16.271335,49.629116],[16.28178,49.625835],[16.298997,49.625092],[16.309973,49.619197],[16.312752,49.618413],[16.315836,49.619585],[16.324821,49.615113],[16.347645,49.61257],[16.348897,49.608472],[16.357724,49.601674],[16.370323,49.601899],[16.375826,49.596452],[16.378087,49.590156],[16.389969,49.581126],[16.395603,49.579442],[16.398993,49.574666],[16.407161,49.572016],[16.406343,49.577647],[16.419225,49.584645],[16.415505,49.590882],[16.417716,49.595155],[16.421975,49.594776],[16.441695,49.585791],[16.445356,49.587526],[16.448261,49.596024],[16.457755,49.604933],[16.491303,49.599479],[16.494274,49.601136],[16.494589,49.608893],[16.496285,49.609565],[16.522647,49.605904],[16.531464,49.607814],[16.532711,49.609856],[16.530461,49.615841],[16.523312,49.621355],[16.52267,49.624159],[16.526158,49.628386],[16.518743,49.634273],[16.520253,49.6413],[16.515996,49.64581],[16.515458,49.654275],[16.498177,49.662101],[16.493665,49.661943],[16.490089,49.659246],[16.482851,49.660775],[16.482442,49.663613],[16.484902,49.666339],[16.479106,49.665818],[16.477467,49.667646],[16.47803,49.671494],[16.473676,49.678013],[16.475715,49.682582],[16.473695,49.685446],[16.469327,49.6859],[16.456651,49.692248],[16.446276,49.69961],[16.443695,49.698672],[16.429355,49.699567],[16.42308,49.701227],[16.399769,49.698885],[16.386356,49.705125],[16.374227,49.707791],[16.36309,49.707592],[16.363702,49.712819],[16.36902,49.716017],[16.376423,49.733885],[16.381658,49.739763],[16.386654,49.738981],[16.391305,49.754144],[16.388723,49.757974],[16.392157,49.758703],[16.404006,49.770804],[16.40965,49.773746],[16.405025,49.779258],[16.404527,49.784686],[16.410736,49.788669],[16.419972,49.79124],[16.436154,49.790063],[16.453377,49.786553],[16.460999,49.790986],[16.466777,49.79801],[16.48113,49.792763],[16.488025,49.793081],[16.492129,49.790921],[16.501439,49.789483],[16.507779,49.78453],[16.502878,49.773041],[16.507683,49.765872],[16.508194,49.75957],[16.520532,49.758879],[16.531703,49.755165],[16.530979,49.739774],[16.5382,49.742374],[16.562967,49.740639],[16.564041,49.743374],[16.566338,49.743409],[16.568924,49.741764],[16.569144,49.741609]]]},"properties":{"key":"HIST-BOHEMIA","countryCode":"CZE"}},{"type":"Feature","geometry":{"type":"MultiPolygon","coordinates":[[[[15.289992,48.992146],[15.293938,48.989076],[15.291751,48.983937],[15.305539,48.977809],[15.312111,48.980444],[15.321204,48.976221],[15.327019,48.97923],[15.331714,48.984148],[15.338441,48.982881],[15.348571,48.98453],[15.36709,48.981204],[15.38857,48.972282],[15.394116,48.964472],[15.402976,48.963032],[15.412754,48.956075],[15.424958,48.951318],[15.435186,48.949598],[15.443157,48.950782],[15.451216,48.948784],[15.457033,48.945017],[15.468864,48.951253],[15.478443,48.943831],[15.48282,48.943613],[15.501705,48.936476],[15.505818,48.922467],[15.516182,48.913213],[15.52958,48.911605],[15.557845,48.904871],[15.578053,48.895382],[15.599222,48.896855],[15.609376,48.895794],[15.613068,48.897503],[15.61491,48.896934],[15.620328,48.89465],[15.630762,48.884977],[15.63771,48.885406],[15.63659,48.887778],[15.653279,48.882626],[15.666385,48.87368],[15.672536,48.867077],[15.681342,48.863466],[15.690453,48.855323],[15.694223,48.855233],[15.698665,48.858466],[15.711085,48.860294],[15.714889,48.859581],[15.714344,48.857681],[15.740516,48.854499],[15.753974,48.851359],[15.770869,48.863024],[15.780125,48.875082],[15.80731,48.871891],[15.822041,48.873072],[15.828437,48.871381],[15.83267,48.872174],[15.836995,48.876415],[15.84128,48.877573],[15.843201,48.873594],[15.852282,48.867412],[15.849388,48.865013],[15.841978,48.862768],[15.841568,48.8603],[15.849332,48.857755],[15.857029,48.857459],[15.864305,48.852421],[15.875847,48.854415],[15.87583,48.858018],[15.872178,48.860287],[15.877821,48.859142],[15.880875,48.855422],[15.879977,48.846469],[15.884062,48.842395],[15.88884,48.841671],[15.895732,48.849016],[15.903272,48.84204],[15.904266,48.838776],[15.900354,48.838373],[15.897309,48.839531],[15.894117,48.843856],[15.892297,48.84338],[15.890783,48.838291],[15.894227,48.834348],[15.908164,48.835647],[15.919228,48.83866],[15.922317,48.834788],[15.929805,48.834028],[15.923337,48.824436],[15.934395,48.818773],[15.940837,48.819045],[15.940762,48.826581],[15.942337,48.8275],[15.947125,48.826792],[15.945174,48.823699],[15.947055,48.821979],[15.954061,48.823262],[15.95844,48.822514],[15.958992,48.820304],[15.950595,48.811967],[15.950484,48.80419],[15.960463,48.798342],[15.966969,48.797631],[15.987965,48.785214],[15.99591,48.778764],[16.052551,48.760508],[16.062359,48.755137],[16.06588,48.75498],[16.080887,48.748918],[16.097675,48.745144],[16.108288,48.744674],[16.112412,48.745331],[16.112459,48.747571],[16.116562,48.747438],[16.119035,48.745644],[16.137861,48.742299],[16.138887,48.745171],[16.148863,48.743375],[16.1526,48.745278],[16.152914,48.748316],[16.188924,48.742929],[16.246187,48.739492],[16.259484,48.737082],[16.262103,48.737042],[16.267226,48.740356],[16.27735,48.740947],[16.295168,48.738145],[16.301789,48.739304],[16.311433,48.733017],[16.330519,48.731137],[16.337553,48.734598],[16.339756,48.74131],[16.342153,48.742195],[16.342178,48.745744],[16.345582,48.740394],[16.350128,48.741888],[16.356949,48.737323],[16.351958,48.733598],[16.356781,48.729964],[16.359433,48.730566],[16.359946,48.728016],[16.376332,48.730485],[16.37649,48.728581],[16.37859,48.728412],[16.383638,48.730583],[16.384757,48.734014],[16.388684,48.735831],[16.389181,48.739089],[16.392466,48.738679],[16.39457,48.736372],[16.402241,48.741685],[16.404842,48.740814],[16.408106,48.741987],[16.415151,48.754882],[16.42245,48.761618],[16.431554,48.76293],[16.436156,48.766143],[16.43924,48.773144],[16.435821,48.774542],[16.435984,48.775983],[16.440144,48.782665],[16.44837,48.790403],[16.447253,48.795415],[16.44882,48.798732],[16.461985,48.805254],[16.462471,48.806665],[16.459275,48.808405],[16.464239,48.809543],[16.478816,48.801519],[16.500329,48.801033],[16.515333,48.802489],[16.518532,48.797997],[16.525459,48.801003],[16.533106,48.80976],[16.54023,48.813439],[16.554842,48.804675],[16.556716,48.800712],[16.565985,48.793725],[16.57702,48.793169],[16.593012,48.787847],[16.593644,48.781868],[16.608672,48.779831],[16.616088,48.781699],[16.628424,48.779775],[16.631708,48.781031],[16.634116,48.78482],[16.640513,48.78627],[16.661925,48.780918],[16.665824,48.773796],[16.673585,48.771398],[16.676846,48.768626],[16.680826,48.750439],[16.674196,48.743267],[16.673519,48.740018],[16.679538,48.734177],[16.6829,48.727631],[16.68797,48.728696],[16.700789,48.735789],[16.704291,48.735123],[16.70677,48.736881],[16.716376,48.737939],[16.723964,48.737362],[16.725958,48.73544],[16.729699,48.735261],[16.72759,48.733819],[16.728491,48.732471],[16.73215,48.733435],[16.734994,48.731907],[16.735734,48.729255],[16.747541,48.731415],[16.752187,48.724869],[16.752492,48.720838],[16.75761,48.718937],[16.756949,48.717417],[16.763767,48.718374],[16.775292,48.71174],[16.778341,48.713699],[16.782006,48.712336],[16.78941,48.713144],[16.797633,48.710554],[16.799728,48.705943],[16.806901,48.711716],[16.824875,48.710184],[16.834614,48.716106],[16.840945,48.711482],[16.868055,48.712151],[16.878797,48.722678],[16.885301,48.715894],[16.898206,48.716016],[16.901269,48.717638],[16.905702,48.715023],[16.902504,48.713844],[16.903732,48.710249],[16.910235,48.70698],[16.907206,48.705208],[16.916184,48.700736],[16.915542,48.696433],[16.917473,48.693528],[16.915529,48.689732],[16.917512,48.68825],[16.914364,48.686994],[16.915782,48.684858],[16.912696,48.684401],[16.909983,48.676845],[16.910902,48.674287],[16.922138,48.671043],[16.922388,48.668064],[16.920168,48.666344],[16.922954,48.665135],[16.920527,48.663955],[16.923267,48.658375],[16.921629,48.654736],[16.918855,48.654473],[16.921392,48.648771],[16.920471,48.646158],[16.923527,48.64352],[16.928058,48.642837],[16.926121,48.632478],[16.919554,48.626881],[16.918965,48.622573],[16.927274,48.619113],[16.9368,48.618557],[16.94025,48.616594],[16.945883,48.620606],[16.956551,48.623352],[16.957947,48.628226],[16.962677,48.632557],[16.963063,48.638024],[16.96795,48.642842],[16.968947,48.666593],[16.98404,48.684306],[16.996609,48.691627],[16.99905,48.710163],[17.009655,48.716983],[17.016172,48.731057],[17.031589,48.748284],[17.040049,48.755103],[17.044161,48.765818],[17.05777,48.77105],[17.073202,48.781024],[17.088535,48.785976],[17.090632,48.796791],[17.100073,48.803262],[17.105951,48.810411],[17.107056,48.816366],[17.105043,48.823927],[17.110134,48.831073],[17.143607,48.843044],[17.153479,48.844653],[17.161788,48.853116],[17.174002,48.858162],[17.186341,48.8706],[17.201814,48.878098],[17.219261,48.870413],[17.225582,48.871464],[17.235607,48.868262],[17.243792,48.868931],[17.25301,48.862908],[17.259991,48.86079],[17.269727,48.862016],[17.277879,48.861013],[17.281743,48.85516],[17.298859,48.84957],[17.303086,48.844975],[17.310737,48.843946],[17.321433,48.846134],[17.324352,48.838245],[17.331007,48.832216],[17.346625,48.826227],[17.349511,48.822863],[17.354304,48.821828],[17.361445,48.813615],[17.377952,48.819084],[17.397584,48.813809],[17.4034,48.820427],[17.411256,48.823526],[17.417998,48.828414],[17.427911,48.826357],[17.435212,48.840785],[17.443625,48.837583],[17.444178,48.841341],[17.451976,48.846385],[17.481614,48.840478],[17.504097,48.822692],[17.508726,48.820184],[17.510192,48.82156],[17.51115,48.818847],[17.514063,48.824972],[17.515749,48.824679],[17.518988,48.828854],[17.516147,48.817707],[17.520467,48.812728],[17.52751,48.812069],[17.538445,48.818868],[17.546919,48.816576],[17.552794,48.819548],[17.554979,48.822186],[17.547949,48.826853],[17.554774,48.831078],[17.562519,48.825852],[17.571321,48.823534],[17.589008,48.825295],[17.595667,48.828775],[17.59744,48.837486],[17.599919,48.839755],[17.604763,48.841278],[17.62149,48.841972],[17.621228,48.847402],[17.634035,48.855102],[17.647243,48.854245],[17.656953,48.855616],[17.666667,48.853988],[17.67394,48.857266],[17.679744,48.857969],[17.683233,48.86093],[17.691403,48.861779],[17.703879,48.860235],[17.714126,48.866514],[17.718729,48.873093],[17.73762,48.882057],[17.740896,48.887614],[17.746969,48.890606],[17.746595,48.893256],[17.754955,48.902213],[17.770404,48.912406],[17.782708,48.916082],[17.78169,48.925088],[17.811809,48.925032],[17.816462,48.925621],[17.817614,48.92716],[17.839216,48.926474],[17.853365,48.927554],[17.870456,48.92275],[17.875924,48.925481],[17.886518,48.927616],[17.886262,48.936044],[17.889583,48.943783],[17.898609,48.954393],[17.902198,48.96203],[17.899231,48.969122],[17.903922,48.983562],[17.912237,48.990145],[17.914878,48.996912],[17.912213,49.005169],[17.913642,49.010708],[17.922629,49.018125],[17.934061,49.022796],[17.945809,49.023025],[17.952403,49.024789],[17.97785,49.022621],[17.985958,49.027804],[17.988861,49.02811],[17.995116,49.027351],[18.009084,49.02114],[18.024145,49.02105],[18.030701,49.027005],[18.041162,49.027374],[18.066294,49.035966],[18.072479,49.041734],[18.081363,49.046693],[18.083068,49.052362],[18.09475,49.058882],[18.090415,49.064371],[18.090631,49.067006],[18.093357,49.069605],[18.096032,49.067704],[18.108004,49.084666],[18.115906,49.090964],[18.110832,49.110847],[18.111921,49.116643],[18.116205,49.119806],[18.120713,49.117602],[18.118256,49.124799],[18.108862,49.130549],[18.107612,49.135225],[18.11222,49.140944],[18.117983,49.14412],[18.117322,49.151033],[18.11907,49.152847],[18.137263,49.160822],[18.130434,49.16812],[18.131489,49.189485],[18.139929,49.194826],[18.146306,49.204788],[18.14872,49.205153],[18.147522,49.215041],[18.154686,49.216526],[18.153055,49.219637],[18.156243,49.229009],[18.144833,49.229125],[18.148153,49.237779],[18.147035,49.248602],[18.161009,49.254764],[18.163397,49.261707],[18.176229,49.265771],[18.184356,49.270504],[18.186285,49.281265],[18.184269,49.287613],[18.196817,49.290214],[18.202377,49.293599],[18.20829,49.292527],[18.212938,49.294533],[18.217084,49.293793],[18.221635,49.296018],[18.231276,49.294669],[18.237589,49.295883],[18.246455,49.295021],[18.258793,49.298632],[18.264418,49.298723],[18.270536,49.302271],[18.280173,49.304194],[18.296806,49.30426],[18.301709,49.306014],[18.301037,49.309668],[18.318972,49.313495],[18.328251,49.31838],[18.334378,49.318243],[18.363017,49.323136],[18.378709,49.329473],[18.390471,49.344254],[18.396658,49.348132],[18.404288,49.349392],[18.398753,49.355404],[18.410016,49.360896],[18.41537,49.368445],[18.404271,49.396946],[18.41213,49.399444],[18.434577,49.392941],[18.449299,49.393583],[18.451249,49.398851],[18.455064,49.401747],[18.475855,49.409159],[18.478796,49.41208],[18.47691,49.418528],[18.481915,49.421497],[18.482689,49.42458],[18.49535,49.428957],[18.49022,49.4331],[18.495728,49.435951],[18.501482,49.436398],[18.504694,49.442274],[18.522434,49.448482],[18.525652,49.457046],[18.532377,49.459285],[18.536751,49.464699],[18.543787,49.465013],[18.546429,49.46668],[18.547941,49.470388],[18.543869,49.473444],[18.541268,49.479467],[18.536521,49.482334],[18.534955,49.48686],[18.536185,49.490652],[18.542657,49.492822],[18.543571,49.494901],[18.538879,49.494144],[18.532506,49.49612],[18.52812,49.494261],[18.52769,49.482978],[18.525312,49.480206],[18.528568,49.473281],[18.525458,49.470479],[18.514324,49.46655],[18.506357,49.465669],[18.498088,49.460458],[18.48557,49.457318],[18.483828,49.458396],[18.47272,49.457369],[18.465212,49.45448],[18.452021,49.460791],[18.449204,49.463697],[18.443672,49.464397],[18.440253,49.467603],[18.44001,49.471542],[18.434713,49.475051],[18.432356,49.482069],[18.425729,49.486652],[18.422111,49.494493],[18.423658,49.507734],[18.414682,49.509959],[18.413012,49.514991],[18.405987,49.523334],[18.393529,49.531448],[18.395783,49.5387],[18.390598,49.542061],[18.387229,49.549708],[18.380231,49.553069],[18.37575,49.560817],[18.365742,49.563569],[18.364057,49.571985],[18.366719,49.576778],[18.36658,49.596118],[18.353614,49.615056],[18.356328,49.620205],[18.361584,49.619439],[18.366237,49.623347],[18.367054,49.628618],[18.364873,49.631033],[18.366839,49.640256],[18.363579,49.639761],[18.365835,49.641158],[18.36578,49.645007],[18.369859,49.651666],[18.366007,49.65747],[18.363639,49.657315],[18.359622,49.670981],[18.351517,49.673717],[18.344048,49.685174],[18.334125,49.68727],[18.329677,49.689731],[18.323279,49.706874],[18.314407,49.716409],[18.310038,49.726219],[18.303698,49.728945],[18.302124,49.738865],[18.295905,49.74481],[18.297918,49.750347],[18.307264,49.762494],[18.296535,49.77169],[18.29888,49.772379],[18.294667,49.781459],[18.292953,49.782803],[18.289756,49.782421],[18.288151,49.786998],[18.284403,49.787179],[18.278652,49.796622],[18.285938,49.807467],[18.289021,49.825026],[18.297477,49.833165],[18.292164,49.843951],[18.29437,49.849505],[18.288066,49.854552],[18.284889,49.860394],[18.280428,49.862322],[18.280365,49.869212],[18.269009,49.863907],[18.257077,49.863181],[18.251392,49.860464],[18.241002,49.860047],[18.236686,49.85635],[18.232231,49.848078],[18.222383,49.841734],[18.222318,49.82925],[18.217159,49.821399],[18.216892,49.816177],[18.220785,49.805494],[18.210754,49.788299],[18.204462,49.783072],[18.196585,49.780075],[18.191426,49.773711],[18.192404,49.772737],[18.190579,49.772454],[18.193798,49.769197],[18.189697,49.767278],[18.195155,49.766169],[18.193063,49.764409],[18.195292,49.76328],[18.189764,49.758781],[18.191016,49.757245],[18.180017,49.752049],[18.178538,49.753166],[18.178118,49.750996],[18.162967,49.742845],[18.155406,49.734971],[18.150769,49.733516],[18.148181,49.734245],[18.143824,49.730866],[18.140926,49.731243],[18.141864,49.729419],[18.138935,49.729613],[18.129322,49.724543],[18.130991,49.722546],[18.128832,49.722838],[18.11977,49.716771],[18.118649,49.718719],[18.116052,49.716188],[18.114232,49.717448],[18.112632,49.714432],[18.108313,49.712208],[18.108266,49.713716],[18.10268,49.711959],[18.100946,49.709287],[18.096651,49.710877],[18.096227,49.708548],[18.092733,49.709395],[18.085534,49.706657],[18.082278,49.707992],[18.080865,49.706738],[18.078039,49.707325],[18.078674,49.705321],[18.075575,49.704873],[18.072813,49.699984],[18.06479,49.697393],[18.056205,49.691817],[18.050257,49.69262],[18.047226,49.691543],[18.047539,49.690153],[18.044005,49.690671],[18.044303,49.689325],[18.041365,49.68828],[18.036487,49.687881],[18.035556,49.689587],[18.029079,49.68636],[18.025238,49.686219],[18.02659,49.684474],[18.022706,49.683446],[18.019405,49.679265],[18.015638,49.679101],[18.014481,49.675251],[18.013195,49.678616],[18.009906,49.678227],[18.005604,49.683881],[18.002863,49.682115],[17.999157,49.682116],[17.989658,49.687892],[17.991538,49.690149],[17.990107,49.700827],[17.9931,49.708556],[17.983446,49.708843],[17.98176,49.710289],[17.982872,49.714235],[17.989694,49.719435],[17.986426,49.721862],[17.987757,49.728575],[17.982829,49.734183],[17.976528,49.738239],[17.969407,49.734168],[17.957884,49.720181],[17.951085,49.719386],[17.949894,49.721366],[17.936857,49.712044],[17.934508,49.713694],[17.927441,49.708413],[17.919282,49.707275],[17.916861,49.712695],[17.919816,49.716293],[17.916835,49.715766],[17.898922,49.740763],[17.903543,49.75158],[17.897154,49.760313],[17.889428,49.761446],[17.886422,49.76368],[17.890804,49.770059],[17.901459,49.776925],[17.898275,49.777044],[17.890073,49.78112],[17.885762,49.779954],[17.862393,49.783097],[17.865037,49.765215],[17.848888,49.743655],[17.839768,49.737083],[17.848391,49.723709],[17.85538,49.717776],[17.86005,49.716266],[17.860137,49.711946],[17.861592,49.712592],[17.864063,49.710897],[17.867227,49.71168],[17.869973,49.709865],[17.867165,49.708552],[17.87016,49.699593],[17.866029,49.696459],[17.856985,49.681369],[17.85149,49.677946],[17.854892,49.676613],[17.845179,49.667883],[17.844995,49.650067],[17.851139,49.645574],[17.859968,49.650252],[17.866509,49.650712],[17.884989,49.656926],[17.888087,49.650906],[17.903757,49.641788],[17.925522,49.633061],[17.930107,49.628582],[17.930937,49.625013],[17.933138,49.62477],[17.929553,49.621678],[17.931527,49.619086],[17.927957,49.616685],[17.927833,49.618094],[17.923286,49.61759],[17.918052,49.622366],[17.906754,49.625654],[17.89845,49.630599],[17.890648,49.631832],[17.881674,49.631067],[17.86318,49.637215],[17.858456,49.636138],[17.858135,49.637723],[17.85537,49.637673],[17.848259,49.641503],[17.835131,49.642103],[17.835535,49.636496],[17.860043,49.625334],[17.858755,49.624101],[17.869227,49.615799],[17.872779,49.610247],[17.865802,49.605328],[17.851071,49.606412],[17.839182,49.605469],[17.832899,49.606648],[17.830886,49.609417],[17.821161,49.613839],[17.814681,49.622436],[17.806752,49.62458],[17.814677,49.632229],[17.818867,49.630284],[17.823001,49.634978],[17.817988,49.640565],[17.822161,49.642476],[17.818524,49.644354],[17.816814,49.650084],[17.812469,49.649744],[17.810373,49.651415],[17.803628,49.649197],[17.802077,49.655235],[17.787595,49.65537],[17.777263,49.645521],[17.777194,49.641535],[17.775029,49.641258],[17.766832,49.645698],[17.772618,49.65243],[17.7584,49.660424],[17.747527,49.675381],[17.738122,49.679284],[17.748902,49.692531],[17.768805,49.693123],[17.763824,49.694928],[17.761915,49.698046],[17.757723,49.708431],[17.75823,49.713428],[17.749875,49.718352],[17.739483,49.719559],[17.733104,49.718704],[17.727361,49.72315],[17.720196,49.721708],[17.716049,49.727878],[17.708204,49.724062],[17.696918,49.726394],[17.697963,49.734611],[17.691782,49.736521],[17.693731,49.750736],[17.685983,49.756849],[17.684798,49.762186],[17.678874,49.763623],[17.673505,49.768038],[17.663871,49.771073],[17.657589,49.776488],[17.652681,49.777372],[17.652662,49.781064],[17.644079,49.786221],[17.640788,49.813275],[17.650792,49.813226],[17.659222,49.82324],[17.654262,49.82673],[17.657588,49.830392],[17.659886,49.840754],[17.647693,49.853566],[17.651324,49.863829],[17.660632,49.867915],[17.66265,49.873901],[17.662176,49.883056],[17.663773,49.884841],[17.657476,49.886825],[17.65534,49.893305],[17.640735,49.889111],[17.625111,49.888104],[17.617918,49.889759],[17.60294,49.881965],[17.600617,49.877204],[17.596452,49.875682],[17.594436,49.880564],[17.585453,49.883255],[17.579631,49.891603],[17.573765,49.894548],[17.566059,49.895429],[17.557654,49.901883],[17.555764,49.899852],[17.554873,49.900944],[17.553002,49.899799],[17.549615,49.903546],[17.54035,49.901637],[17.536149,49.896907],[17.530069,49.897606],[17.530111,49.901185],[17.535124,49.901549],[17.53654,49.904138],[17.523091,49.905131],[17.51536,49.907732],[17.509199,49.913627],[17.505751,49.912862],[17.503346,49.91423],[17.502249,49.918407],[17.506354,49.927929],[17.504344,49.93168],[17.486787,49.932683],[17.472394,49.926214],[17.468455,49.926755],[17.461037,49.936815],[17.465478,49.955472],[17.459084,49.955053],[17.450182,49.957806],[17.450978,49.962399],[17.440036,49.965689],[17.444119,49.96953],[17.429878,49.974113],[17.426529,49.9693],[17.417197,49.971466],[17.416265,49.970576],[17.404416,49.974991],[17.401426,49.973168],[17.397981,49.968317],[17.399677,49.964675],[17.402917,49.96412],[17.397557,49.961624],[17.394974,49.958047],[17.402256,49.959128],[17.402037,49.956703],[17.409511,49.954896],[17.408117,49.949091],[17.412119,49.948159],[17.412131,49.94619],[17.408401,49.943779],[17.401937,49.945495],[17.401606,49.942033],[17.40605,49.941779],[17.406424,49.940322],[17.39558,49.935972],[17.388768,49.935615],[17.384236,49.936973],[17.382678,49.938871],[17.388645,49.943403],[17.365911,49.94774],[17.354899,49.952048],[17.352566,49.954529],[17.355814,49.959216],[17.349573,49.965948],[17.331745,49.978079],[17.323261,49.980838],[17.322026,49.987499],[17.315,49.999673],[17.313018,49.999628],[17.314931,50.01162],[17.312613,50.016261],[17.308078,50.017244],[17.305034,50.020657],[17.294333,50.018729],[17.285576,50.019968],[17.275124,50.026492],[17.273547,50.031857],[17.256438,50.042869],[17.250114,50.05195],[17.240503,50.054225],[17.237077,50.057837],[17.230923,50.05949],[17.234141,50.064288],[17.229298,50.076057],[17.230259,50.086978],[17.220734,50.103514],[17.216215,50.104986],[17.20728,50.103824],[17.195651,50.108062],[17.189124,50.108129],[17.17976,50.113578],[17.174004,50.119287],[17.156297,50.120798],[17.153666,50.126663],[17.150044,50.128859],[17.150478,50.134453],[17.141323,50.139552],[17.136744,50.147766],[17.136794,50.152793],[17.125591,50.155719],[17.117649,50.163117],[17.118743,50.168797],[17.113658,50.175822],[17.113634,50.1807],[17.111131,50.183672],[17.106274,50.186482],[17.08063,50.180979],[17.069549,50.191305],[17.070975,50.191607],[17.065966,50.192725],[17.065599,50.192864],[17.057971,50.195477],[17.056965,50.200295],[17.056621,50.201538],[17.048427,50.213688],[17.034241,50.225209],[17.033369,50.229056],[17.028098,50.230345],[17.020598,50.226554],[17.015121,50.219551],[16.998641,50.216088],[16.992285,50.227417],[16.982249,50.234426],[16.98057,50.241979],[16.975002,50.245045],[16.961183,50.238201],[16.961917,50.233822],[16.965413,50.230276],[16.95351,50.222835],[16.949777,50.221991],[16.944752,50.223717],[16.934087,50.224021],[16.92816,50.223174],[16.92328,50.22604],[16.917663,50.226687],[16.898874,50.2232],[16.897333,50.218487],[16.888113,50.216298],[16.883562,50.212287],[16.884362,50.203745],[16.881801,50.199768],[16.872245,50.197121],[16.863438,50.198554],[16.862405,50.201152],[16.849783,50.207525],[16.844779,50.206628],[16.838823,50.196519],[16.840595,50.184797],[16.836004,50.184614],[16.831108,50.181499],[16.822935,50.171944],[16.822564,50.167969],[16.816932,50.16239],[16.800514,50.12954],[16.799922,50.111672],[16.816456,50.094975],[16.817665,50.088476],[16.824312,50.085591],[16.810824,50.079985],[16.798397,50.069297],[16.799414,50.067025],[16.813571,50.059108],[16.813422,50.05663],[16.807973,50.052409],[16.7821,50.04877],[16.781047,50.047514],[16.762992,50.055423],[16.746381,50.053592],[16.73439,50.056125],[16.707416,50.051327],[16.698139,50.052796],[16.692573,50.051961],[16.69524,50.046032],[16.704535,50.035469],[16.706003,50.029449],[16.702799,50.023632],[16.711919,50.017016],[16.708505,50.002532],[16.714601,49.994938],[16.715272,49.988232],[16.725262,49.981731],[16.730163,49.976136],[16.729363,49.97194],[16.735971,49.967448],[16.732512,49.959697],[16.733296,49.951044],[16.723765,49.947179],[16.710372,49.946348],[16.710377,49.94115],[16.714215,49.937707],[16.695381,49.931878],[16.688365,49.922641],[16.684011,49.921752],[16.68473,49.916449],[16.680594,49.912763],[16.683213,49.902817],[16.658162,49.896741],[16.644996,49.895239],[16.645273,49.8924],[16.654625,49.880978],[16.660963,49.876526],[16.66442,49.855868],[16.661081,49.852363],[16.665962,49.849943],[16.660591,49.849625],[16.657655,49.852315],[16.641987,49.85921],[16.627208,49.859836],[16.625814,49.85679],[16.621513,49.858606],[16.613134,49.854992],[16.609242,49.848815],[16.604435,49.845295],[16.587936,49.843055],[16.584126,49.839469],[16.567761,49.834775],[16.570127,49.813687],[16.574641,49.809347],[16.567267,49.801204],[16.567945,49.793763],[16.564202,49.784139],[16.570596,49.779714],[16.580535,49.767444],[16.578849,49.75848],[16.581332,49.753635],[16.579431,49.748281],[16.573812,49.746237],[16.573387,49.74167],[16.571129,49.740515],[16.569144,49.741609],[16.568924,49.741764],[16.566338,49.743409],[16.564041,49.743374],[16.562967,49.740639],[16.5382,49.742374],[16.530979,49.739774],[16.531703,49.755165],[16.520532,49.758879],[16.508194,49.75957],[16.507683,49.765872],[16.502878,49.773041],[16.507779,49.78453],[16.501439,49.789483],[16.492129,49.790921],[16.488025,49.793081],[16.48113,49.792763],[16.466777,49.79801],[16.460999,49.790986],[16.453377,49.786553],[16.436154,49.790063],[16.419972,49.79124],[16.410736,49.788669],[16.404527,49.784686],[16.405025,49.779258],[16.40965,49.773746],[16.404006,49.770804],[16.392157,49.758703],[16.388723,49.757974],[16.391305,49.754144],[16.386654,49.738981],[16.381658,49.739763],[16.376423,49.733885],[16.36902,49.716017],[16.363702,49.712819],[16.36309,49.707592],[16.374227,49.707791],[16.386356,49.705125],[16.399769,49.698885],[16.42308,49.701227],[16.429355,49.699567],[16.443695,49.698672],[16.446276,49.69961],[16.456651,49.692248],[16.469327,49.6859],[16.473695,49.685446],[16.475715,49.682582],[16.473676,49.678013],[16.47803,49.671494],[16.477467,49.667646],[16.479106,49.665818],[16.484902,49.666339],[16.482442,49.663613],[16.482851,49.660775],[16.490089,49.659246],[16.493665,49.661943],[16.498177,49.662101],[16.515458,49.654275],[16.515996,49.64581],[16.520253,49.6413],[16.518743,49.634273],[16.526158,49.628386],[16.52267,49.624159],[16.523312,49.621355],[16.530461,49.615841],[16.532711,49.609856],[16.531464,49.607814],[16.522647,49.605904],[16.496285,49.609565],[16.494589,49.608893],[16.494274,49.601136],[16.491303,49.599479],[16.457755,49.604933],[16.448261,49.596024],[16.445356,49.587526],[16.441695,49.585791],[16.421975,49.594776],[16.417716,49.595155],[16.415505,49.590882],[16.419225,49.584645],[16.406343,49.577647],[16.407161,49.572016],[16.398993,49.574666],[16.395603,49.579442],[16.389969,49.581126],[16.378087,49.590156],[16.375826,49.596452],[16.370323,49.601899],[16.357724,49.601674],[16.348897,49.608472],[16.347645,49.61257],[16.324821,49.615113],[16.315836,49.619585],[16.312752,49.618413],[16.309973,49.619197],[16.298997,49.625092],[16.28178,49.625835],[16.271335,49.629116],[16.258425,49.627502],[16.250379,49.6295],[16.246071,49.628044],[16.240984,49.630837],[16.223356,49.630031],[16.222496,49.631687],[16.228638,49.635306],[16.228791,49.638014],[16.224982,49.639199],[16.228998,49.642019],[16.229163,49.644475],[16.218799,49.658805],[16.225008,49.660346],[16.226095,49.663759],[16.217522,49.667328],[16.214805,49.665924],[16.211627,49.666976],[16.206168,49.666103],[16.204315,49.670102],[16.198753,49.672724],[16.193937,49.678423],[16.188642,49.677308],[16.18677,49.67412],[16.179451,49.675724],[16.16843,49.681951],[16.158395,49.681353],[16.148436,49.677755],[16.146782,49.678541],[16.147766,49.684845],[16.139916,49.691495],[16.1265,49.68686],[16.114164,49.688277],[16.112568,49.686186],[16.108871,49.686861],[16.10823,49.685283],[16.104211,49.684441],[16.10187,49.680528],[16.097527,49.679109],[16.096208,49.671842],[16.089998,49.670546],[16.08461,49.676154],[16.084078,49.680703],[16.079416,49.682246],[16.078071,49.685513],[16.073358,49.68287],[16.069291,49.685499],[16.069409,49.687598],[16.062906,49.690415],[16.064126,49.693295],[16.061104,49.69486],[16.061232,49.698735],[16.059408,49.698544],[16.0568,49.705472],[16.053154,49.707788],[16.035082,49.708976],[16.019094,49.706269],[16.002739,49.700046],[15.996877,49.695509],[15.996505,49.692602],[15.992592,49.69104],[15.9907,49.684705],[15.986016,49.684958],[15.987413,49.683226],[15.984375,49.679049],[15.981277,49.678118],[15.98243,49.674521],[15.980505,49.671931],[15.972898,49.668196],[15.964071,49.668741],[15.95472,49.665424],[15.949327,49.669225],[15.946316,49.667946],[15.938961,49.670674],[15.929386,49.67918],[15.918283,49.664845],[15.917773,49.661384],[15.922578,49.656255],[15.920564,49.650687],[15.924172,49.64974],[15.928105,49.650764],[15.931523,49.649367],[15.947116,49.637806],[15.952238,49.63757],[15.959189,49.639446],[15.97079,49.638714],[15.978201,49.633853],[15.987864,49.632131],[15.988171,49.619001],[15.992316,49.616472],[15.985733,49.611719],[15.979009,49.608802],[15.973729,49.608583],[15.970466,49.605754],[15.967609,49.606517],[15.962381,49.604002],[15.963124,49.602347],[15.954337,49.599751],[15.950598,49.595511],[15.948053,49.595146],[15.947839,49.592966],[15.933183,49.591642],[15.92996,49.593419],[15.928956,49.591676],[15.895379,49.59494],[15.891279,49.593477],[15.888132,49.589252],[15.872773,49.588455],[15.867708,49.574195],[15.87151,49.573482],[15.876604,49.566874],[15.880658,49.566316],[15.881471,49.568922],[15.885678,49.569317],[15.883595,49.5565],[15.88684,49.557276],[15.887598,49.554615],[15.872061,49.551577],[15.867542,49.548531],[15.867585,49.545438],[15.86049,49.543553],[15.858472,49.541478],[15.854313,49.533661],[15.854364,49.524882],[15.844609,49.519902],[15.84157,49.516209],[15.842443,49.505954],[15.84011,49.500848],[15.828326,49.492133],[15.824956,49.483804],[15.819437,49.479249],[15.824417,49.467002],[15.819735,49.468233],[15.813603,49.467089],[15.808245,49.468784],[15.798832,49.468326],[15.795243,49.46965],[15.790551,49.468335],[15.788513,49.465596],[15.790257,49.464962],[15.787061,49.465891],[15.783999,49.462149],[15.790301,49.456381],[15.789998,49.451956],[15.785838,49.450646],[15.779637,49.449992],[15.762739,49.452481],[15.758653,49.454752],[15.751844,49.451706],[15.752999,49.447231],[15.748229,49.448771],[15.744658,49.447394],[15.743236,49.450245],[15.73824,49.451747],[15.73194,49.450603],[15.728249,49.447063],[15.724656,49.44997],[15.716551,49.447679],[15.712715,49.449126],[15.708168,49.448127],[15.700307,49.450382],[15.697256,49.449092],[15.697377,49.440343],[15.692433,49.43145],[15.687887,49.430296],[15.675046,49.438317],[15.673781,49.442528],[15.663409,49.447119],[15.652724,49.45481],[15.641061,49.450475],[15.638066,49.447947],[15.640733,49.445268],[15.637681,49.446929],[15.634529,49.445566],[15.646996,49.436188],[15.644842,49.434089],[15.639074,49.433126],[15.641627,49.430728],[15.637711,49.424875],[15.635147,49.423268],[15.631525,49.424748],[15.629977,49.423439],[15.627081,49.424053],[15.617429,49.428361],[15.614672,49.427627],[15.614893,49.431104],[15.609952,49.430278],[15.61105,49.431977],[15.603436,49.432416],[15.602585,49.431524],[15.608737,49.428116],[15.607665,49.42651],[15.598378,49.423208],[15.59753,49.418124],[15.595198,49.418654],[15.584706,49.407494],[15.586773,49.40642],[15.583189,49.40519],[15.576814,49.407509],[15.574406,49.412952],[15.569978,49.413424],[15.55696,49.410656],[15.554868,49.414575],[15.549311,49.418226],[15.530548,49.415921],[15.53504,49.412393],[15.531544,49.409994],[15.526518,49.410009],[15.520307,49.407835],[15.513997,49.409975],[15.509603,49.405972],[15.515507,49.405838],[15.5155,49.403464],[15.510692,49.402952],[15.504956,49.399928],[15.504855,49.395036],[15.50167,49.395814],[15.497225,49.394342],[15.499839,49.38927],[15.499072,49.384905],[15.504276,49.380585],[15.498208,49.378168],[15.492535,49.378074],[15.492764,49.37455],[15.489107,49.371973],[15.494701,49.369895],[15.489416,49.367939],[15.489042,49.365254],[15.491658,49.364169],[15.487639,49.362459],[15.489527,49.359839],[15.481104,49.356053],[15.47622,49.355787],[15.473678,49.351641],[15.475303,49.34832],[15.470856,49.347952],[15.47074,49.346267],[15.463015,49.345245],[15.460653,49.343288],[15.453994,49.342986],[15.449256,49.337819],[15.444182,49.337517],[15.444002,49.334331],[15.439783,49.330384],[15.431542,49.328566],[15.422708,49.319858],[15.414993,49.317393],[15.409992,49.318219],[15.401767,49.329186],[15.392962,49.331587],[15.386911,49.335073],[15.378892,49.334239],[15.356975,49.33692],[15.356813,49.334931],[15.3708,49.33058],[15.370884,49.327995],[15.386439,49.32735],[15.387316,49.326398],[15.381847,49.323941],[15.387289,49.315975],[15.380642,49.312008],[15.376458,49.313588],[15.373306,49.311826],[15.368042,49.31572],[15.355615,49.314742],[15.350724,49.31698],[15.343728,49.313707],[15.346939,49.306584],[15.337685,49.30086],[15.330949,49.284332],[15.331399,49.280408],[15.337879,49.274024],[15.335066,49.270377],[15.321991,49.275595],[15.30981,49.277921],[15.300276,49.273421],[15.29882,49.283869],[15.292331,49.280335],[15.280618,49.277495],[15.275251,49.273671],[15.278214,49.271659],[15.280933,49.273224],[15.28314,49.270905],[15.276908,49.263585],[15.276611,49.260179],[15.274269,49.260303],[15.273838,49.254531],[15.270933,49.254613],[15.269382,49.248344],[15.264145,49.248374],[15.235409,49.255414],[15.226812,49.248846],[15.226604,49.242146],[15.233394,49.240108],[15.231047,49.23765],[15.232301,49.236294],[15.230044,49.23414],[15.229867,49.227781],[15.230602,49.224615],[15.233246,49.223447],[15.228325,49.223384],[15.216827,49.227569],[15.207307,49.226669],[15.206031,49.225058],[15.198447,49.234434],[15.191456,49.236164],[15.190232,49.231294],[15.176102,49.221278],[15.165617,49.216577],[15.165075,49.21083],[15.169248,49.206918],[15.168271,49.204434],[15.164021,49.202937],[15.15218,49.202627],[15.145877,49.198165],[15.133251,49.197297],[15.134975,49.192338],[15.133711,49.189911],[15.134189,49.188247],[15.140605,49.185657],[15.14845,49.187465],[15.151546,49.190082],[15.162669,49.188238],[15.164184,49.183279],[15.162864,49.178691],[15.172058,49.176603],[15.171116,49.175111],[15.18376,49.172577],[15.18749,49.175643],[15.187602,49.178227],[15.182994,49.187288],[15.189383,49.190649],[15.193808,49.199702],[15.201019,49.203104],[15.202883,49.205208],[15.201191,49.207369],[15.211016,49.208794],[15.210376,49.211696],[15.217557,49.211719],[15.229567,49.208132],[15.245165,49.212797],[15.254422,49.213074],[15.256307,49.211517],[15.252499,49.207395],[15.253258,49.20598],[15.256609,49.202197],[15.26305,49.19973],[15.263241,49.199671],[15.279102,49.204127],[15.282241,49.202865],[15.279351,49.195955],[15.275553,49.201089],[15.263141,49.19835],[15.262537,49.196741],[15.267661,49.194537],[15.267296,49.192875],[15.257625,49.195547],[15.229208,49.190617],[15.227901,49.192113],[15.221819,49.193122],[15.217629,49.190326],[15.218557,49.185962],[15.21526,49.186386],[15.206537,49.181454],[15.20722,49.176616],[15.215575,49.174393],[15.224775,49.176172],[15.23416,49.175873],[15.238943,49.169499],[15.234295,49.160711],[15.22767,49.160714],[15.228511,49.155019],[15.22436,49.146498],[15.232665,49.141477],[15.239202,49.139838],[15.231969,49.133498],[15.238682,49.133158],[15.255778,49.12872],[15.2582,49.127054],[15.257811,49.123269],[15.260955,49.121155],[15.259865,49.117059],[15.25402,49.113329],[15.250479,49.095579],[15.244323,49.092077],[15.237182,49.091266],[15.235355,49.088957],[15.249513,49.085836],[15.263769,49.077638],[15.264917,49.075431],[15.262656,49.074455],[15.258455,49.075901],[15.252118,49.074514],[15.246338,49.076518],[15.240752,49.082952],[15.234463,49.085257],[15.228032,49.084641],[15.225019,49.082233],[15.224258,49.076486],[15.218938,49.07181],[15.218912,49.064402],[15.208513,49.058432],[15.216679,49.055197],[15.229163,49.054016],[15.23132,49.050624],[15.237184,49.051121],[15.250781,49.047067],[15.256964,49.039341],[15.254259,49.035781],[15.24938,49.033554],[15.247845,49.029402],[15.267553,49.02802],[15.269666,49.023781],[15.276993,49.018769],[15.285102,49.01616],[15.287372,49.013339],[15.288305,49.00399],[15.29285,49.002381],[15.288526,48.998307],[15.289992,48.992146]]],[[[18.028237,49.731517],[18.024298,49.727607],[18.001571,49.717272],[18.0007,49.7113],[18.003124,49.708552],[18.005918,49.709106],[18.012168,49.706775],[18.015134,49.704229],[18.016178,49.698025],[18.020493,49.695793],[18.025705,49.696284],[18.030185,49.694476],[18.043452,49.699025],[18.045424,49.701178],[18.055195,49.698866],[18.05945,49.699895],[18.063334,49.703943],[18.060261,49.706988],[18.069836,49.709103],[18.064152,49.710029],[18.066032,49.714813],[18.056431,49.725381],[18.06047,49.727491],[18.048818,49.730755],[18.028237,49.731517]]],[[[17.792856,49.767811],[17.786038,49.766708],[17.790707,49.764848],[17.792927,49.754344],[17.799276,49.749938],[17.803177,49.748699],[17.807404,49.756825],[17.812242,49.76059],[17.821534,49.755609],[17.823132,49.756444],[17.821934,49.766007],[17.815342,49.767456],[17.792856,49.767811]]]]},"properties":{"key":"HIST-MORAVIA","countryCode":"CZE"}},{"type":"Feature","geometry":{"type":"Polygon","coordinates":[[[17.065966,50.192725],[17.070975,50.191607],[17.069549,50.191305],[17.08063,50.180979],[17.106274,50.186482],[17.111131,50.183672],[17.113634,50.1807],[17.113658,50.175822],[17.118743,50.168797],[17.117649,50.163117],[17.125591,50.155719],[17.136794,50.152793],[17.136744,50.147766],[17.141323,50.139552],[17.150478,50.134453],[17.150044,50.128859],[17.153666,50.126663],[17.156297,50.120798],[17.174004,50.119287],[17.17976,50.113578],[17.189124,50.108129],[17.195651,50.108062],[17.20728,50.103824],[17.216215,50.104986],[17.220734,50.103514],[17.230259,50.086978],[17.229298,50.076057],[17.234141,50.064288],[17.230923,50.05949],[17.237077,50.057837],[17.240503,50.054225],[17.250114,50.05195],[17.256438,50.042869],[17.273547,50.031857],[17.275124,50.026492],[17.285576,50.019968],[17.294333,50.018729],[17.305034,50.020657],[17.308078,50.017244],[17.312613,50.016261],[17.314931,50.01162],[17.313018,49.999628],[17.315,49.999673],[17.322026,49.987499],[17.323261,49.980838],[17.331745,49.978079],[17.349573,49.965948],[17.355814,49.959216],[17.352566,49.954529],[17.354899,49.952048],[17.365911,49.94774],[17.388645,49.943403],[17.382678,49.938871],[17.384236,49.936973],[17.388768,49.935615],[17.39558,49.935972],[17.406424,49.940322],[17.40605,49.941779],[17.401606,49.942033],[17.401937,49.945495],[17.408401,49.943779],[17.412131,49.94619],[17.412119,49.948159],[17.408117,49.949091],[17.409511,49.954896],[17.402037,49.956703],[17.402256,49.959128],[17.394974,49.958047],[17.397557,49.961624],[17.402917,49.96412],[17.399677,49.964675],[17.397981,49.968317],[17.401426,49.973168],[17.404416,49.974991],[17.416265,49.970576],[17.417197,49.971466],[17.426529,49.9693],[17.429878,49.974113],[17.444119,49.96953],[17.440036,49.965689],[17.450978,49.962399],[17.450182,49.957806],[17.459084,49.955053],[17.465478,49.955472],[17.461037,49.936815],[17.468455,49.926755],[17.472394,49.926214],[17.486787,49.932683],[17.504344,49.93168],[17.506354,49.927929],[17.502249,49.918407],[17.503346,49.91423],[17.505751,49.912862],[17.509199,49.913627],[17.51536,49.907732],[17.523091,49.905131],[17.53654,49.904138],[17.535124,49.901549],[17.530111,49.901185],[17.530069,49.897606],[17.536149,49.896907],[17.54035,49.901637],[17.549615,49.903546],[17.553002,49.899799],[17.554873,49.900944],[17.555764,49.899852],[17.557654,49.901883],[17.566059,49.895429],[17.573765,49.894548],[17.579631,49.891603],[17.585453,49.883255],[17.594436,49.880564],[17.596452,49.875682],[17.600617,49.877204],[17.60294,49.881965],[17.617918,49.889759],[17.625111,49.888104],[17.640735,49.889111],[17.65534,49.893305],[17.657476,49.886825],[17.663773,49.884841],[17.662176,49.883056],[17.66265,49.873901],[17.660632,49.867915],[17.651324,49.863829],[17.647693,49.853566],[17.659886,49.840754],[17.657588,49.830392],[17.654262,49.82673],[17.659222,49.82324],[17.650792,49.813226],[17.640788,49.813275],[17.644079,49.786221],[17.652662,49.781064],[17.652681,49.777372],[17.657589,49.776488],[17.663871,49.771073],[17.673505,49.768038],[17.678874,49.763623],[17.684798,49.762186],[17.685983,49.756849],[17.693731,49.750736],[17.691782,49.736521],[17.697963,49.734611],[17.696918,49.726394],[17.708204,49.724062],[17.716049,49.727878],[17.720196,49.721708],[17.727361,49.72315],[17.733104,49.718704],[17.739483,49.719559],[17.749875,49.718352],[17.75823,49.713428],[17.757723,49.708431],[17.761915,49.698046],[17.763824,49.694928],[17.768805,49.693123],[17.748902,49.692531],[17.738122,49.679284],[17.747527,49.675381],[17.7584,49.660424],[17.772618,49.65243],[17.766832,49.645698],[17.775029,49.641258],[17.777194,49.641535],[17.777263,49.645521],[17.787595,49.65537],[17.802077,49.655235],[17.803628,49.649197],[17.810373,49.651415],[17.812469,49.649744],[17.816814,49.650084],[17.818524,49.644354],[17.822161,49.642476],[17.817988,49.640565],[17.823001,49.634978],[17.818867,49.630284],[17.814677,49.632229],[17.806752,49.62458],[17.814681,49.622436],[17.821161,49.613839],[17.830886,49.609417],[17.832899,49.606648],[17.839182,49.605469],[17.851071,49.606412],[17.865802,49.605328],[17.872779,49.610247],[17.869227,49.615799],[17.858755,49.624101],[17.860043,49.625334],[17.835535,49.636496],[17.835131,49.642103],[17.848259,49.641503],[17.85537,49.637673],[17.858135,49.637723],[17.858456,49.636138],[17.86318,49.637215],[17.881674,49.631067],[17.890648,49.631832],[17.89845,49.630599],[17.906754,49.625654],[17.918052,49.622366],[17.923286,49.61759],[17.927833,49.618094],[17.927957,49.616685],[17.931527,49.619086],[17.929553,49.621678],[17.933138,49.62477],[17.930937,49.625013],[17.930107,49.628582],[17.925522,49.633061],[17.903757,49.641788],[17.888087,49.650906],[17.884989,49.656926],[17.866509,49.650712],[17.859968,49.650252],[17.851139,49.645574],[17.844995,49.650067],[17.845179,49.667883],[17.854892,49.676613],[17.85149,49.677946],[17.856985,49.681369],[17.866029,49.696459],[17.87016,49.699593],[17.867165,49.708552],[17.869973,49.709865],[17.867227,49.71168],[17.864063,49.710897],[17.861592,49.712592],[17.860137,49.711946],[17.86005,49.716266],[17.85538,49.717776],[17.848391,49.723709],[17.839768,49.737083],[17.848888,49.743655],[17.865037,49.765215],[17.862393,49.783097],[17.885762,49.779954],[17.890073,49.78112],[17.898275,49.777044],[17.901459,49.776925],[17.890804,49.770059],[17.886422,49.76368],[17.889428,49.761446],[17.897154,49.760313],[17.903543,49.75158],[17.898922,49.740763],[17.916835,49.715766],[17.919816,49.716293],[17.916861,49.712695],[17.919282,49.707275],[17.927441,49.708413],[17.934508,49.713694],[17.936857,49.712044],[17.949894,49.721366],[17.951085,49.719386],[17.957884,49.720181],[17.969407,49.734168],[17.976528,49.738239],[17.982829,49.734183],[17.987757,49.728575],[17.986426,49.721862],[17.989694,49.719435],[17.982872,49.714235],[17.98176,49.710289],[17.983446,49.708843],[17.9931,49.708556],[17.990107,49.700827],[17.991538,49.690149],[17.989658,49.687892],[17.999157,49.682116],[18.002863,49.682115],[18.005604,49.683881],[18.009906,49.678227],[18.013195,49.678616],[18.014481,49.675251],[18.015638,49.679101],[18.019405,49.679265],[18.022706,49.683446],[18.02659,49.684474],[18.025238,49.686219],[18.029079,49.68636],[18.035556,49.689587],[18.036487,49.687881],[18.041365,49.68828],[18.044303,49.689325],[18.044005,49.690671],[18.047539,49.690153],[18.047226,49.691543],[18.050257,49.69262],[18.056205,49.691817],[18.06479,49.697393],[18.072813,49.699984],[18.075575,49.704873],[18.078674,49.705321],[18.078039,49.707325],[18.080865,49.706738],[18.082278,49.707992],[18.085534,49.706657],[18.092733,49.709395],[18.096227,49.708548],[18.096651,49.710877],[18.100946,49.709287],[18.10268,49.711959],[18.108266,49.713716],[18.108313,49.712208],[18.112632,49.714432],[18.114232,49.717448],[18.116052,49.716188],[18.118649,49.718719],[18.11977,49.716771],[18.128832,49.722838],[18.130991,49.722546],[18.129322,49.724543],[18.138935,49.729613],[18.141864,49.729419],[18.140926,49.731243],[18.143824,49.730866],[18.148181,49.734245],[18.150769,49.733516],[18.155406,49.734971],[18.162967,49.742845],[18.178118,49.750996],[18.178538,49.753166],[18.180017,49.752049],[18.191016,49.757245],[18.189764,49.758781],[18.195292,49.76328],[18.193063,49.764409],[18.195155,49.766169],[18.189697,49.767278],[18.193798,49.769197],[18.190579,49.772454],[18.192404,49.772737],[18.191426,49.773711],[18.196585,49.780075],[18.204462,49.783072],[18.210754,49.788299],[18.220785,49.805494],[18.216892,49.816177],[18.217159,49.821399],[18.222318,49.82925],[18.222383,49.841734],[18.232231,49.848078],[18.236686,49.85635],[18.241002,49.860047],[18.251392,49.860464],[18.257077,49.863181],[18.269009,49.863907],[18.280365,49.869212],[18.280428,49.862322],[18.284889,49.860394],[18.288066,49.854552],[18.29437,49.849505],[18.292164,49.843951],[18.297477,49.833165],[18.289021,49.825026],[18.285938,49.807467],[18.278652,49.796622],[18.284403,49.787179],[18.288151,49.786998],[18.289756,49.782421],[18.292953,49.782803],[18.294667,49.781459],[18.29888,49.772379],[18.296535,49.77169],[18.307264,49.762494],[18.297918,49.750347],[18.295905,49.74481],[18.302124,49.738865],[18.303698,49.728945],[18.310038,49.726219],[18.314407,49.716409],[18.323279,49.706874],[18.329677,49.689731],[18.334125,49.68727],[18.344048,49.685174],[18.351517,49.673717],[18.359622,49.670981],[18.363639,49.657315],[18.366007,49.65747],[18.369859,49.651666],[18.36578,49.645007],[18.365835,49.641158],[18.363579,49.639761],[18.366839,49.640256],[18.364873,49.631033],[18.367054,49.628618],[18.366237,49.623347],[18.361584,49.619439],[18.356328,49.620205],[18.353614,49.615056],[18.36658,49.596118],[18.366719,49.576778],[18.364057,49.571985],[18.365742,49.563569],[18.37575,49.560817],[18.380231,49.553069],[18.387229,49.549708],[18.390598,49.542061],[18.395783,49.5387],[18.393529,49.531448],[18.405987,49.523334],[18.413012,49.514991],[18.414682,49.509959],[18.423658,49.507734],[18.422111,49.494493],[18.425729,49.486652],[18.432356,49.482069],[18.434713,49.475051],[18.44001,49.471542],[18.440253,49.467603],[18.443672,49.464397],[18.449204,49.463697],[18.452021,49.460791],[18.465212,49.45448],[18.47272,49.457369],[18.483828,49.458396],[18.48557,49.457318],[18.498088,49.460458],[18.506357,49.465669],[18.514324,49.46655],[18.525458,49.470479],[18.528568,49.473281],[18.525312,49.480206],[18.52769,49.482978],[18.52812,49.494261],[18.532506,49.49612],[18.538879,49.494144],[18.543571,49.494901],[18.544732,49.498978],[18.551466,49.501306],[18.552759,49.503134],[18.571737,49.508272],[18.580804,49.506094],[18.593816,49.509232],[18.596118,49.510996],[18.602452,49.506515],[18.603461,49.497863],[18.617719,49.494993],[18.630876,49.498459],[18.639554,49.49641],[18.643219,49.500762],[18.652694,49.501623],[18.658254,49.503828],[18.665089,49.503042],[18.670519,49.507513],[18.67406,49.508222],[18.682532,49.506175],[18.683315,49.501988],[18.686448,49.500618],[18.694271,49.499693],[18.710283,49.502235],[18.720219,49.499307],[18.73357,49.490901],[18.744968,49.488345],[18.749903,49.490955],[18.754472,49.489244],[18.778291,49.504853],[18.788266,49.508525],[18.78889,49.507456],[18.799262,49.509587],[18.808992,49.516066],[18.837308,49.514973],[18.849636,49.517451],[18.849824,49.519111],[18.841972,49.518909],[18.836681,49.524591],[18.84349,49.528366],[18.842166,49.533656],[18.857366,49.537642],[18.859898,49.550207],[18.85034,49.554518],[18.845149,49.561712],[18.839438,49.561223],[18.837867,49.562775],[18.837167,49.570234],[18.833458,49.573571],[18.834847,49.577628],[18.831938,49.585056],[18.83555,49.586647],[18.839089,49.595702],[18.829167,49.595186],[18.824739,49.600435],[18.823113,49.606376],[18.824294,49.614382],[18.819289,49.618906],[18.820708,49.623777],[18.817059,49.632059],[18.813202,49.634342],[18.813538,49.640275],[18.806826,49.650628],[18.809925,49.656505],[18.807364,49.666276],[18.810359,49.671507],[18.804851,49.679153],[18.794664,49.679145],[18.779901,49.685386],[18.767565,49.682713],[18.764082,49.684743],[18.750169,49.676864],[18.740061,49.677351],[18.736347,49.682724],[18.729666,49.684642],[18.724264,49.683027],[18.717056,49.683979],[18.718284,49.68903],[18.715008,49.692315],[18.715148,49.696543],[18.708147,49.696168],[18.710777,49.701016],[18.708853,49.705218],[18.69348,49.707367],[18.681333,49.704758],[18.676259,49.706089],[18.669286,49.703515],[18.66681,49.710222],[18.659921,49.711891],[18.654381,49.709265],[18.65401,49.711708],[18.637606,49.715446],[18.636945,49.717928],[18.630891,49.720875],[18.630236,49.722834],[18.625896,49.723147],[18.629605,49.725534],[18.626824,49.730006],[18.630521,49.746329],[18.626402,49.750713],[18.618686,49.752273],[18.614562,49.75486],[18.615259,49.761671],[18.611126,49.771195],[18.606349,49.774128],[18.604226,49.780907],[18.599079,49.784081],[18.601487,49.78944],[18.59424,49.797383],[18.594898,49.800863],[18.585626,49.805253],[18.583147,49.812961],[18.58447,49.817766],[18.578601,49.820315],[18.577217,49.824382],[18.570332,49.828888],[18.570958,49.834117],[18.584883,49.840835],[18.591842,49.846299],[18.587583,49.848798],[18.58558,49.852382],[18.590741,49.852411],[18.5931,49.85581],[18.605543,49.856935],[18.607189,49.860892],[18.60141,49.866315],[18.591291,49.86772],[18.581417,49.866973],[18.581228,49.869416],[18.57117,49.874071],[18.572815,49.876133],[18.566995,49.880164],[18.567799,49.883354],[18.571382,49.884176],[18.574247,49.887719],[18.572354,49.893193],[18.576827,49.897507],[18.580896,49.905948],[18.574994,49.90846],[18.576383,49.910779],[18.574534,49.912513],[18.577009,49.913527],[18.574511,49.921856],[18.57144,49.922153],[18.559716,49.918556],[18.545065,49.92669],[18.539148,49.92625],[18.542803,49.922782],[18.539789,49.911752],[18.54655,49.909397],[18.533462,49.900942],[18.530617,49.900177],[18.526077,49.901541],[18.523799,49.900265],[18.522556,49.90184],[18.517866,49.90223],[18.513965,49.900597],[18.514945,49.901434],[18.511427,49.903609],[18.505371,49.902726],[18.495038,49.906702],[18.490391,49.903873],[18.490483,49.905095],[18.485807,49.906613],[18.483386,49.910849],[18.466912,49.916747],[18.463801,49.923743],[18.447185,49.924588],[18.439759,49.92822],[18.433645,49.929098],[18.432663,49.937832],[18.402824,49.93653],[18.398129,49.934597],[18.382707,49.93549],[18.374748,49.937473],[18.368307,49.937239],[18.363817,49.940945],[18.334651,49.948821],[18.334635,49.940501],[18.33916,49.938422],[18.347766,49.938569],[18.351255,49.935097],[18.340526,49.934329],[18.341947,49.930915],[18.345968,49.930531],[18.339466,49.926105],[18.334126,49.928501],[18.332126,49.931513],[18.328397,49.931064],[18.330067,49.924452],[18.325647,49.919048],[18.321745,49.916451],[18.316182,49.916858],[18.315673,49.919139],[18.300163,49.924203],[18.299289,49.929018],[18.290312,49.928946],[18.282797,49.938618],[18.279346,49.939943],[18.281837,49.952433],[18.278913,49.962377],[18.276102,49.965036],[18.238883,49.971171],[18.221554,49.968066],[18.214914,49.97163],[18.214529,49.984728],[18.206878,49.998269],[18.192929,49.995034],[18.190243,49.998529],[18.18329,49.99923],[18.182527,50.000397],[18.172328,50.000113],[18.172639,49.998361],[18.169145,49.998833],[18.1677,49.996685],[18.170742,49.991008],[18.169378,49.987575],[18.167207,49.985648],[18.155948,49.982351],[18.147102,49.991616],[18.137164,49.99452],[18.133077,49.997908],[18.122914,49.994779],[18.116286,49.994529],[18.103085,50.002399],[18.095934,50.010349],[18.0939,50.015034],[18.096427,50.015593],[18.103132,50.022779],[18.090262,50.030585],[18.086013,50.031525],[18.089742,50.043993],[18.086405,50.04568],[18.07822,50.045449],[18.066992,50.047507],[18.067941,50.052606],[18.063794,50.05255],[18.061828,50.058872],[18.050057,50.058046],[18.046561,50.062512],[18.041125,50.062697],[18.034909,50.065482],[18.010849,50.053766],[18.004614,50.053218],[18.006238,50.046894],[18.003858,50.037785],[18.0093,50.03049],[18.012976,50.029267],[18.019879,50.031424],[18.024325,50.038421],[18.031275,50.037837],[18.037917,50.035348],[18.044478,50.035886],[18.048911,50.027413],[18.046577,50.026611],[18.047132,50.024053],[18.042877,50.021688],[18.046589,50.018877],[18.046486,50.015269],[18.042588,50.015209],[18.041251,50.012939],[18.045706,50.00991],[18.045245,50.005118],[18.034359,50.010567],[18.007375,50.00981],[18.004301,50.017521],[17.995469,50.015938],[17.987932,50.013056],[17.982801,50.005512],[17.968629,50.009259],[17.961829,50.005479],[17.953491,50.005239],[17.924489,49.982545],[17.92246,49.979017],[17.909951,49.976848],[17.891058,49.980408],[17.883264,49.979057],[17.869131,49.972909],[17.861775,49.981106],[17.857555,49.980939],[17.856081,49.98328],[17.852282,49.983255],[17.851021,49.987306],[17.842843,49.987961],[17.838974,49.992752],[17.83595,49.992961],[17.834344,49.990763],[17.828251,49.994366],[17.834647,50.003961],[17.82582,50.011185],[17.804784,50.012809],[17.801592,50.014479],[17.796103,50.01474],[17.795797,50.01781],[17.791713,50.020411],[17.787864,50.018376],[17.785278,50.020922],[17.777745,50.021141],[17.772301,50.02645],[17.777354,50.029514],[17.775921,50.03555],[17.769834,50.036271],[17.773691,50.042631],[17.771124,50.044699],[17.772565,50.046545],[17.770515,50.051524],[17.762399,50.053432],[17.764463,50.056282],[17.756245,50.061985],[17.759816,50.063778],[17.75963,50.065799],[17.757345,50.065527],[17.759669,50.067778],[17.75322,50.06984],[17.753256,50.074149],[17.74958,50.078813],[17.744088,50.081799],[17.740062,50.081522],[17.740019,50.08337],[17.730514,50.088579],[17.73145,50.097149],[17.704675,50.11389],[17.695731,50.117144],[17.683479,50.117535],[17.676788,50.103687],[17.66194,50.109264],[17.650708,50.111321],[17.648358,50.114348],[17.64932,50.116086],[17.647124,50.116964],[17.645718,50.124518],[17.640872,50.131023],[17.618305,50.137988],[17.617344,50.139762],[17.611627,50.140543],[17.606224,50.149912],[17.594293,50.159615],[17.601443,50.169929],[17.605468,50.171014],[17.618756,50.170901],[17.622447,50.168994],[17.626373,50.169088],[17.632079,50.173073],[17.643595,50.175694],[17.666194,50.177791],[17.679596,50.182354],[17.68936,50.182165],[17.704583,50.184777],[17.706504,50.186337],[17.705031,50.18939],[17.710702,50.192195],[17.710839,50.199146],[17.716981,50.201897],[17.717874,50.205137],[17.724319,50.206236],[17.727525,50.204243],[17.740797,50.201822],[17.748885,50.205238],[17.758569,50.206528],[17.757584,50.210865],[17.760366,50.216646],[17.757302,50.222711],[17.765509,50.235874],[17.746905,50.244255],[17.735345,50.252332],[17.725039,50.256664],[17.726921,50.272792],[17.735968,50.278595],[17.743948,50.290842],[17.750112,50.294422],[17.749456,50.296577],[17.752129,50.297395],[17.752744,50.299643],[17.749895,50.301153],[17.737696,50.301583],[17.733608,50.303759],[17.728545,50.304007],[17.720426,50.319078],[17.698157,50.325962],[17.686345,50.326699],[17.688366,50.315021],[17.68638,50.306226],[17.688846,50.302004],[17.685813,50.298843],[17.659402,50.286132],[17.647309,50.276492],[17.612345,50.266259],[17.605184,50.267477],[17.602678,50.270638],[17.598404,50.2712],[17.59747,50.27611],[17.592114,50.279251],[17.580782,50.278453],[17.563969,50.270683],[17.558035,50.271991],[17.549647,50.270313],[17.541836,50.270539],[17.535184,50.273084],[17.527803,50.273615],[17.525151,50.275602],[17.520476,50.274529],[17.49477,50.275638],[17.474349,50.271216],[17.471966,50.269597],[17.468518,50.270205],[17.463512,50.267511],[17.458911,50.270206],[17.455517,50.270114],[17.456881,50.26049],[17.454853,50.257528],[17.438878,50.252147],[17.430129,50.255089],[17.428609,50.259664],[17.431689,50.263233],[17.421056,50.277906],[17.40558,50.274494],[17.400672,50.280717],[17.389017,50.28343],[17.377451,50.283808],[17.362993,50.281393],[17.362338,50.266105],[17.351953,50.264333],[17.347276,50.267381],[17.344509,50.279111],[17.338744,50.284023],[17.348686,50.287611],[17.345277,50.291191],[17.346743,50.298319],[17.354447,50.308161],[17.347997,50.31256],[17.342087,50.312514],[17.339175,50.314101],[17.341859,50.322995],[17.349068,50.322717],[17.352699,50.325645],[17.348593,50.32938],[17.327072,50.327285],[17.311869,50.320464],[17.302308,50.32041],[17.291127,50.318014],[17.283138,50.319251],[17.273958,50.322182],[17.264958,50.328494],[17.248275,50.332265],[17.243042,50.337849],[17.223787,50.346603],[17.213147,50.35773],[17.200428,50.365471],[17.19945,50.376547],[17.204263,50.385111],[17.202881,50.386676],[17.185056,50.390331],[17.178112,50.385983],[17.162792,50.384122],[17.15733,50.380672],[17.1526,50.382418],[17.143482,50.381107],[17.123375,50.394924],[17.112177,50.394253],[17.111523,50.40526],[17.103274,50.406732],[17.085505,50.40631],[17.083153,50.40267],[17.073803,50.40517],[17.053773,50.407597],[17.038372,50.415446],[17.030128,50.415738],[17.025531,50.421889],[17.020005,50.42216],[17.013984,50.418829],[17.006711,50.425065],[16.998325,50.428156],[16.984134,50.42041],[16.974878,50.418264],[16.970958,50.422298],[16.947563,50.434047],[16.927213,50.439134],[16.908852,50.448896],[16.899627,50.448428],[16.893485,50.443528],[16.8852,50.44444],[16.879648,50.441847],[16.880513,50.436003],[16.875094,50.432442],[16.875493,50.428031],[16.868777,50.421907],[16.868714,50.416742],[16.860616,50.411673],[16.859151,50.407779],[16.864646,50.408092],[16.874614,50.401158],[16.889127,50.396911],[16.897874,50.388971],[16.904849,50.390583],[16.909312,50.389136],[16.909678,50.384931],[16.91386,50.382186],[16.918373,50.36963],[16.914752,50.362476],[16.925223,50.348757],[16.936,50.342576],[16.937152,50.333245],[16.933669,50.329905],[16.939125,50.320489],[16.945375,50.317568],[16.945377,50.315499],[16.95259,50.312326],[16.958116,50.311887],[16.967646,50.315075],[16.971904,50.308046],[16.991357,50.302091],[16.999781,50.302827],[17.002407,50.301635],[17.003414,50.296081],[17.008761,50.294878],[17.019606,50.277699],[17.016423,50.266908],[17.010411,50.260874],[17.001649,50.256609],[17.001542,50.254912],[17.011379,50.248177],[17.011085,50.241896],[17.028098,50.230345],[17.033369,50.229056],[17.034241,50.225209],[17.048427,50.213688],[17.056621,50.201538],[17.056965,50.200295],[17.057971,50.195477],[17.065599,50.192864],[17.065966,50.192725]],[[18.028237,49.731517],[18.048818,49.730755],[18.06047,49.727491],[18.056431,49.725381],[18.066032,49.714813],[18.064152,49.710029],[18.069836,49.709103],[18.060261,49.706988],[18.063334,49.703943],[18.05945,49.699895],[18.055195,49.698866],[18.045424,49.701178],[18.043452,49.699025],[18.030185,49.694476],[18.025705,49.696284],[18.020493,49.695793],[18.016178,49.698025],[18.015134,49.704229],[18.012168,49.706775],[18.005918,49.709106],[18.003124,49.708552],[18.0007,49.7113],[18.001571,49.717272],[18.024298,49.727607],[18.028237,49.731517]],[[17.792856,49.767811],[17.815342,49.767456],[17.821934,49.766007],[17.823132,49.756444],[17.821534,49.755609],[17.812242,49.76059],[17.807404,49.756825],[17.803177,49.748699],[17.799276,49.749938],[17.792927,49.754344],[17.790707,49.764848],[17.786038,49.766708],[17.792856,49.767811]]]},"properties":{"key":"HIST-SILESIA","countryCode":"CZE"}},{"type":"Feature","geometry":{"type":"MultiPolygon","coordinates":[[[[-8.811574,41.611568],[-8.80812,41.604983],[-8.80544,41.583268],[-8.799051,41.571623],[-8.799678,41.563665],[-8.794027,41.551963],[-8.794064,41.542591],[-8.787139,41.538278],[-8.780056,41.520361],[-8.765917,41.513694],[-8.750472,41.514139],[-8.755889,41.512028],[-8.764194,41.511194],[-8.781722,41.518722],[-8.788778,41.525806],[-8.792622,41.540753],[-8.790794,41.533158],[-8.793796,41.524413],[-8.792196,41.52493],[-8.791,41.52364],[-8.788525,41.517071],[-8.7896,41.515388],[-8.787001,41.513685],[-8.791259,41.501385],[-8.786908,41.497195],[-8.784888,41.489557],[-8.777179,41.481064],[-8.776428,41.471971],[-8.778778,41.448137],[-8.784671,41.432938],[-8.786055,41.420306],[-8.789054,41.416137],[-8.788132,41.412395],[-8.780869,41.405738],[-8.778879,41.400996],[-8.780733,41.395221],[-8.775328,41.391843],[-8.774778,41.385916],[-8.772146,41.38441],[-8.768946,41.376695],[-8.766278,41.375806],[-8.766372,41.373288],[-8.763322,41.372419],[-8.767961,41.372018],[-8.761697,41.367887],[-8.761947,41.366272],[-8.763596,41.366865],[-8.761077,41.364545],[-8.76231,41.361177],[-8.759486,41.361168],[-8.75516,41.354894],[-8.755403,41.342746],[-8.751655,41.340904],[-8.750917,41.342083],[-8.748389,41.341222],[-8.740246,41.334225],[-8.739388,41.323261],[-8.742492,41.310074],[-8.739963,41.307818],[-8.738165,41.298234],[-8.73365,41.290909],[-8.732352,41.282205],[-8.729705,41.278921],[-8.730861,41.274923],[-8.727869,41.270208],[-8.728845,41.264946],[-8.724954,41.260665],[-8.724159,41.257117],[-8.726605,41.244929],[-8.729158,41.242641],[-8.724543,41.238042],[-8.722472,41.228318],[-8.717489,41.225941],[-8.715948,41.220033],[-8.716243,41.202825],[-8.714111,41.20201],[-8.7115,41.198374],[-8.712361,41.19671],[-8.707108,41.192071],[-8.706779,41.186946],[-8.709274,41.184844],[-8.700083,41.188667],[-8.70086,41.182089],[-8.697487,41.179419],[-8.698219,41.178531],[-8.689887,41.173288],[-8.688793,41.169897],[-8.691289,41.168752],[-8.686253,41.162849],[-8.68558,41.157672],[-8.684481,41.158581],[-8.682116,41.156674],[-8.675556,41.148691],[-8.635861,41.148667],[-8.625444,41.144111],[-8.628389,41.143667],[-8.636694,41.147056],[-8.648361,41.147056],[-8.651694,41.142889],[-8.655028,41.142889],[-8.664222,41.137889],[-8.667685,41.137889],[-8.671254,41.134579],[-8.667993,41.127502],[-8.668589,41.121419],[-8.663455,41.116904],[-8.665643,41.108138],[-8.663835,41.106359],[-8.665209,41.105981],[-8.662508,41.104212],[-8.662368,41.100409],[-8.659854,41.098166],[-8.657543,41.090706],[-8.659451,41.069068],[-8.657391,41.067836],[-8.656678,41.047285],[-8.656415,41.049052],[-8.654468,41.048226],[-8.646752,41.032554],[-8.646789,41.027009],[-8.644613,41.025351],[-8.644973,41.015969],[-8.635422,41.015248],[-8.631019,41.018386],[-8.622989,41.018673],[-8.622834,41.019822],[-8.618269,41.020185],[-8.605858,41.025766],[-8.593623,41.014106],[-8.56608,41.013808],[-8.557193,41.015564],[-8.557505,41.018349],[-8.554073,41.023072],[-8.554969,41.026496],[-8.543363,41.035264],[-8.536175,41.036108],[-8.528448,41.040509],[-8.527775,41.035799],[-8.515242,41.015389],[-8.505637,41.009304],[-8.501183,41.009411],[-8.497656,41.011704],[-8.495139,41.010794],[-8.489166,41.013401],[-8.491933,41.02215],[-8.488039,41.023793],[-8.477484,41.024799],[-8.475018,41.028493],[-8.466616,41.030253],[-8.469603,41.032295],[-8.475878,41.031514],[-8.475702,41.034044],[-8.481682,41.03489],[-8.48279,41.036408],[-8.492581,41.039599],[-8.489555,41.049171],[-8.486223,41.052702],[-8.481544,41.051797],[-8.476879,41.052886],[-8.477178,41.051701],[-8.466059,41.048283],[-8.456785,41.042378],[-8.451444,41.0474],[-8.451562,41.049989],[-8.448741,41.053461],[-8.432025,41.037895],[-8.428375,41.036594],[-8.429217,41.033163],[-8.433009,41.029262],[-8.428659,41.023479],[-8.429986,41.022457],[-8.419007,41.018427],[-8.415216,41.015069],[-8.401083,41.012134],[-8.396766,41.012448],[-8.388852,41.00453],[-8.390422,41.00209],[-8.389219,41.00138],[-8.383977,41.004101],[-8.385008,41.01086],[-8.387805,41.013382],[-8.385432,41.015589],[-8.386026,41.019202],[-8.383174,41.02086],[-8.383337,41.023151],[-8.389843,41.026327],[-8.39077,41.025367],[-8.395694,41.026245],[-8.400606,41.032257],[-8.400076,41.038063],[-8.398198,41.039696],[-8.39908,41.043867],[-8.396344,41.046056],[-8.399074,41.04981],[-8.398665,41.052367],[-8.381409,41.049319],[-8.370524,41.050714],[-8.356366,41.04119],[-8.347287,41.040608],[-8.342796,41.042888],[-8.333597,41.053312],[-8.327012,41.057906],[-8.313412,41.058967],[-8.300705,41.06972],[-8.298287,41.076966],[-8.294082,41.080126],[-8.286535,41.078419],[-8.279932,41.067398],[-8.268617,41.064184],[-8.263992,41.065857],[-8.259457,41.070399],[-8.250413,41.068657],[-8.244184,41.070104],[-8.2328,41.079022],[-8.221753,41.079354],[-8.211695,41.091217],[-8.204555,41.094086],[-8.187808,41.093135],[-8.172854,41.088163],[-8.160892,41.089437],[-8.146888,41.084159],[-8.135514,41.083806],[-8.127272,41.087635],[-8.117923,41.08871],[-8.112981,41.094952],[-8.0959,41.10082],[-8.088303,41.097525],[-8.082729,41.091744],[-8.068228,41.092813],[-8.059279,41.090025],[-8.052763,41.089678],[-8.036501,41.095665],[-8.025399,41.096996],[-8.014279,41.104293],[-7.998703,41.105659],[-7.990325,41.109708],[-7.97849,41.111608],[-7.969532,41.11577],[-7.962094,41.113644],[-7.95165,41.122701],[-7.944206,41.122552],[-7.930701,41.118137],[-7.921264,41.119959],[-7.911864,41.11989],[-7.904977,41.118736],[-7.899714,41.120555],[-7.897137,41.124822],[-7.897387,41.13188],[-7.893183,41.134684],[-7.889329,41.132988],[-7.887449,41.134019],[-7.885105,41.142916],[-7.879615,41.152895],[-7.874024,41.156989],[-7.85992,41.158419],[-7.851836,41.155654],[-7.841646,41.154905],[-7.82652,41.151173],[-7.820248,41.147293],[-7.813857,41.145675],[-7.808777,41.149249],[-7.805203,41.15859],[-7.797249,41.161846],[-7.787355,41.159019],[-7.783057,41.154844],[-7.776118,41.151986],[-7.763096,41.152286],[-7.735502,41.145276],[-7.71635,41.144927],[-7.697859,41.141505],[-7.691388,41.144395],[-7.685348,41.15193],[-7.664674,41.162705],[-7.657771,41.162947],[-7.63668,41.158532],[-7.613938,41.160777],[-7.590104,41.156288],[-7.575186,41.160349],[-7.570948,41.165426],[-7.556479,41.173141],[-7.547909,41.188394],[-7.543078,41.188331],[-7.52864,41.180827],[-7.523552,41.179679],[-7.519023,41.182783],[-7.51428,41.19143],[-7.509188,41.19656],[-7.502913,41.199451],[-7.480446,41.198344],[-7.469089,41.199542],[-7.464213,41.2018],[-7.457675,41.211265],[-7.451241,41.214411],[-7.442264,41.214035],[-7.431892,41.210802],[-7.390536,41.195331],[-7.382477,41.177972],[-7.374601,41.172536],[-7.372616,41.168625],[-7.374583,41.158541],[-7.362076,41.157355],[-7.357507,41.147958],[-7.339129,41.143755],[-7.327308,41.146717],[-7.320521,41.143404],[-7.309453,41.146863],[-7.307167,41.145602],[-7.304573,41.139525],[-7.296799,41.139374],[-7.281671,41.135498],[-7.268733,41.142321],[-7.249504,41.145],[-7.225519,41.136736],[-7.20921,41.136043],[-7.201715,41.132826],[-7.197972,41.128488],[-7.192667,41.126649],[-7.173493,41.127332],[-7.163955,41.126086],[-7.16054,41.128861],[-7.160645,41.137659],[-7.158734,41.143033],[-7.1505,41.154029],[-7.147539,41.156504],[-7.132417,41.160327],[-7.128361,41.165789],[-7.125656,41.17623],[-7.121489,41.178728],[-7.117357,41.179213],[-7.112774,41.17589],[-7.114666,41.150824],[-7.118929,41.146909],[-7.127963,41.144499],[-7.130223,41.141782],[-7.130137,41.137638],[-7.127275,41.135143],[-7.123264,41.134338],[-7.107885,41.136128],[-7.096733,41.134997],[-7.087127,41.131397],[-7.083856,41.125999],[-7.085189,41.12106],[-7.093025,41.11176],[-7.102383,41.104677],[-7.105597,41.09086],[-7.101457,41.08007],[-7.083145,41.074858],[-7.058247,41.062982],[-7.051225,41.057242],[-7.050468,41.048635],[-7.043135,41.04411],[-7.027062,41.038223],[-7.019162,41.038878],[-7.012637,41.041369],[-7.003652,41.03647],[-6.998004,41.036647],[-6.994111,41.031628],[-6.995059,41.027556],[-6.991968,41.025005],[-6.984582,41.02565],[-6.975979,41.033608],[-6.969019,41.036354],[-6.965624,41.035954],[-6.95805,41.030908],[-6.931357,41.029411],[-6.916054,41.038367],[-6.879872,41.028247],[-6.866856,41.026946],[-6.83552,41.0284],[-6.816438,41.034074],[-6.808931,41.036496],[-6.807795,41.040581],[-6.808806,41.044157],[-6.790018,41.057492],[-6.784108,41.064868],[-6.779069,41.071158],[-6.778512,41.071853],[-6.773747,41.07839],[-6.770064,41.086665],[-6.763429,41.091999],[-6.763326,41.092239],[-6.762593,41.095832],[-6.758691,41.097844],[-6.754521,41.10361],[-6.755289,41.104808],[-6.759644,41.107776],[-6.761318,41.113865],[-6.770756,41.12401],[-6.771064,41.130119],[-6.767556,41.135004],[-6.766647,41.135486],[-6.75877,41.139666],[-6.752749,41.140556],[-6.74698,41.145701],[-6.745587,41.146943],[-6.745395,41.14705],[-6.74037,41.149868],[-6.738531,41.153131],[-6.737548,41.154876],[-6.736659,41.155833],[-6.730942,41.161477],[-6.719731,41.165765],[-6.708904,41.173925],[-6.706923,41.177704],[-6.701384,41.180374],[-6.700999,41.180794],[-6.697345,41.185391],[-6.696955,41.187402],[-6.698478,41.191091],[-6.699035,41.192442],[-6.69232,41.193114],[-6.689867,41.197969],[-6.688991,41.200539],[-6.688647,41.203525],[-6.68956,41.20554],[-6.69104,41.208808],[-6.684995,41.21215],[-6.682282,41.215943],[-6.679499,41.219953],[-6.67276,41.222654],[-6.671075,41.223553],[-6.668578,41.226071],[-6.662433,41.232267],[-6.660347,41.233597],[-6.652845,41.235635],[-6.647594,41.247591],[-6.642269,41.247869],[-6.639036,41.246107],[-6.635211,41.244022],[-6.629147,41.24285],[-6.623048,41.246026],[-6.619958,41.247636],[-6.60785,41.249346],[-6.606535,41.248862],[-6.604703,41.247403],[-6.601198,41.244611],[-6.599763,41.243468],[-6.597244,41.245515],[-6.594642,41.253264],[-6.591609,41.255237],[-6.58861,41.25352],[-6.586665,41.252166],[-6.586912,41.24597],[-6.584614,41.24097],[-6.581894,41.239849],[-6.580926,41.23945],[-6.575858,41.238981],[-6.572978,41.23902],[-6.56706,41.242641],[-6.552601,41.245156],[-6.551839,41.245518],[-6.549814,41.250519],[-6.547113,41.257973],[-6.530098,41.267102],[-6.523141,41.274583],[-6.522265,41.275525],[-6.517979,41.274215],[-6.516613,41.273583],[-6.513983,41.268917],[-6.511464,41.264451],[-6.496288,41.266162],[-6.49281,41.26776],[-6.479459,41.274568],[-6.47872,41.275455],[-6.478767,41.276179],[-6.480341,41.277901],[-6.49134,41.284899],[-6.490895,41.286369],[-6.490188,41.288702],[-6.485829,41.291756],[-6.477426,41.29503],[-6.469124,41.301075],[-6.463859,41.299376],[-6.459403,41.297679],[-6.454773,41.298216],[-6.450989,41.298655],[-6.437687,41.305648],[-6.43795,41.307163],[-6.438939,41.312851],[-6.43615,41.317141],[-6.434459,41.31941],[-6.427575,41.322605],[-6.418772,41.326691],[-6.426315,41.333516],[-6.415307,41.34791],[-6.414313,41.34818],[-6.406541,41.349973],[-6.399091,41.350108],[-6.392073,41.349893],[-6.37973,41.356315],[-6.376837,41.359332],[-6.377456,41.36177],[-6.377763,41.362982],[-6.379189,41.363608],[-6.385799,41.3635],[-6.39175,41.368428],[-6.393454,41.370278],[-6.392879,41.378843],[-6.389647,41.384709],[-6.3817,41.387322],[-6.376099,41.387449],[-6.371325,41.391984],[-6.366686,41.393388],[-6.365081,41.387136],[-6.364254,41.386037],[-6.363362,41.385101],[-6.358948,41.381076],[-6.352481,41.378341],[-6.347929,41.379007],[-6.341359,41.379968],[-6.325823,41.386838],[-6.31766,41.385742],[-6.315409,41.390069],[-6.317218,41.397146],[-6.320079,41.400948],[-6.327777,41.403626],[-6.332449,41.405331],[-6.332746,41.407139],[-6.332803,41.41077],[-6.327582,41.415726],[-6.320018,41.415592],[-6.318821,41.41557],[-6.308597,41.420718],[-6.298934,41.430327],[-6.297424,41.432528],[-6.29486,41.436266],[-6.304941,41.44637],[-6.305282,41.44971],[-6.29621,41.459804],[-6.291359,41.462952],[-6.287199,41.465651],[-6.285625,41.46827],[-6.2851,41.471828],[-6.284047,41.478975],[-6.282574,41.479789],[-6.270087,41.486364],[-6.262647,41.486815],[-6.267959,41.494321],[-6.266216,41.497475],[-6.25599,41.497156],[-6.251042,41.500285],[-6.257995,41.511928],[-6.257751,41.514111],[-6.248551,41.515452],[-6.245613,41.516076],[-6.241302,41.519696],[-6.236943,41.521357],[-6.226596,41.534653],[-6.217465,41.54275],[-6.217393,41.547258],[-6.217289,41.550569],[-6.211742,41.55915],[-6.201283,41.568237],[-6.189662,41.575549],[-6.196479,41.587025],[-6.199943,41.592856],[-6.208712,41.59913],[-6.214822,41.599474],[-6.230088,41.603671],[-6.235806,41.607057],[-6.254458,41.632999],[-6.282982,41.652362],[-6.302297,41.661812],[-6.314204,41.66513],[-6.354732,41.676396],[-6.374925,41.673814],[-6.39577,41.677166],[-6.40604,41.680904],[-6.408585,41.68059],[-6.412013,41.678557],[-6.420003,41.679827],[-6.429683,41.680688],[-6.434349,41.682113],[-6.436389,41.680831],[-6.437103,41.681445],[-6.440382,41.684263],[-6.444332,41.684811],[-6.4523,41.680941],[-6.453085,41.674422],[-6.457362,41.666598],[-6.469176,41.666253],[-6.488728,41.657519],[-6.498547,41.657139],[-6.512555,41.661224],[-6.513942,41.662869],[-6.519039,41.668914],[-6.527651,41.675277],[-6.534316,41.676613],[-6.54671,41.684589],[-6.553789,41.693267],[-6.553156,41.694901],[-6.55481,41.698364],[-6.552227,41.702181],[-6.55202,41.702273],[-6.549542,41.702301],[-6.547145,41.700221],[-6.545261,41.698684],[-6.542485,41.701154],[-6.543085,41.7038],[-6.546758,41.704191],[-6.546225,41.707308],[-6.55001,41.711856],[-6.548839,41.714004],[-6.552281,41.716105],[-6.553566,41.71689],[-6.552472,41.717446],[-6.550328,41.718535],[-6.554962,41.720965],[-6.548852,41.725482],[-6.55178,41.726462],[-6.552135,41.726333],[-6.555076,41.725269],[-6.555373,41.725554],[-6.557747,41.734514],[-6.556686,41.737671],[-6.559207,41.73846],[-6.561459,41.74177],[-6.566564,41.741698],[-6.568213,41.74304],[-6.564689,41.751502],[-6.561491,41.752458],[-6.558336,41.753401],[-6.557653,41.754226],[-6.555277,41.757338],[-6.555146,41.766833],[-6.5504,41.772673],[-6.54965,41.776864],[-6.547815,41.77736],[-6.543985,41.778395],[-6.547098,41.779983],[-6.546983,41.78024],[-6.543806,41.783887],[-6.543462,41.789152],[-6.547064,41.794964],[-6.542991,41.796444],[-6.543262,41.800337],[-6.539085,41.801334],[-6.542609,41.805341],[-6.537679,41.807316],[-6.538474,41.812042],[-6.535343,41.813488],[-6.533556,41.814313],[-6.535164,41.818293],[-6.527417,41.820785],[-6.528505,41.821256],[-6.531214,41.823171],[-6.52852,41.828256],[-6.53034,41.828762],[-6.529389,41.829941],[-6.530449,41.831997],[-6.532269,41.835373],[-6.530053,41.839935],[-6.52622,41.842918],[-6.528339,41.846848],[-6.52701,41.850229],[-6.522446,41.854159],[-6.525338,41.860441],[-6.521293,41.86377],[-6.516472,41.870214],[-6.515514,41.871658],[-6.5178,41.875101],[-6.532694,41.87631],[-6.554379,41.880086],[-6.571123,41.883608],[-6.565934,41.894015],[-6.561688,41.895796],[-6.557414,41.909253],[-6.548877,41.923538],[-6.549803,41.925339],[-6.549972,41.925668],[-6.547799,41.927564],[-6.548716,41.928459],[-6.549931,41.92928],[-6.545977,41.930787],[-6.545974,41.930931],[-6.546376,41.937305],[-6.548642,41.943214],[-6.552458,41.946537],[-6.57788,41.962106],[-6.588307,41.967566],[-6.588887,41.964473],[-6.599459,41.948303],[-6.601834,41.948258],[-6.609527,41.94811],[-6.610186,41.947857],[-6.614129,41.945583],[-6.617247,41.941164],[-6.621386,41.939737],[-6.635758,41.942051],[-6.666494,41.937872],[-6.699484,41.933386],[-6.710725,41.936477],[-6.714594,41.938024],[-6.714772,41.938612],[-6.724449,41.937314],[-6.726331,41.937061],[-6.750582,41.943646],[-6.757216,41.955921],[-6.767364,41.974699],[-6.768498,41.982756],[-6.770487,41.984586],[-6.785547,41.988739],[-6.797465,41.988601],[-6.797718,41.988598],[-6.805884,41.990926],[-6.811346,41.992484],[-6.810016,41.969542],[-6.817133,41.955091],[-6.821503,41.946217],[-6.830548,41.943493],[-6.833684,41.944327],[-6.847297,41.942592],[-6.848195,41.942478],[-6.850489,41.943012],[-6.869532,41.948457],[-6.872553,41.94577],[-6.874737,41.943828],[-6.88508,41.940309],[-6.888719,41.940108],[-6.892933,41.939875],[-6.902974,41.942129],[-6.911789,41.944109],[-6.925889,41.943922],[-6.933085,41.946372],[-6.941518,41.943882],[-6.944305,41.944658],[-6.945598,41.946983],[-6.95694,41.96738],[-6.957806,41.968938],[-6.980059,41.973701],[-6.983488,41.972904],[-6.983542,41.972858],[-6.98537,41.971286],[-6.987962,41.969055],[-6.998817,41.962793],[-7.00609,41.950764],[-7.006575,41.950478],[-7.015095,41.949666],[-7.034283,41.95094],[-7.036987,41.951424],[-7.042236,41.954553],[-7.042978,41.954995],[-7.04383,41.954928],[-7.046036,41.954598],[-7.050991,41.949747],[-7.051455,41.949546],[-7.059332,41.950236],[-7.062335,41.950499],[-7.062465,41.950453],[-7.066495,41.949043],[-7.06655,41.949049],[-7.076956,41.951937],[-7.081904,41.960328],[-7.086969,41.972209],[-7.08751,41.973477],[-7.105495,41.980052],[-7.119386,41.986627],[-7.126494,41.987358],[-7.141156,41.990659],[-7.141456,41.990757],[-7.152156,41.986018],[-7.154568,41.979863],[-7.156417,41.978099],[-7.158414,41.976194],[-7.164907,41.979625],[-7.170682,41.979827],[-7.178213,41.980091],[-7.185736,41.971098],[-7.186568,41.967707],[-7.185632,41.961044],[-7.187718,41.95682],[-7.187751,41.956753],[-7.183337,41.95675],[-7.18221,41.952067],[-7.187461,41.947468],[-7.183777,41.944709],[-7.189095,41.941802],[-7.18711,41.941533],[-7.185838,41.937896],[-7.183461,41.937521],[-7.184586,41.936152],[-7.183851,41.933014],[-7.180002,41.931663],[-7.178286,41.92531],[-7.175633,41.922821],[-7.178729,41.921018],[-7.173521,41.919081],[-7.182016,41.912866],[-7.181613,41.908421],[-7.185242,41.896359],[-7.196685,41.880046],[-7.196736,41.879981],[-7.200493,41.879503],[-7.200634,41.879512],[-7.208323,41.880009],[-7.208338,41.88001],[-7.22007,41.872606],[-7.232135,41.867397],[-7.238391,41.86812],[-7.240328,41.867327],[-7.245056,41.868806],[-7.257813,41.865927],[-7.269039,41.860597],[-7.272011,41.859632],[-7.283833,41.852218],[-7.300983,41.851575],[-7.305056,41.847377],[-7.315315,41.842545],[-7.334906,41.845148],[-7.356444,41.84053],[-7.363913,41.852838],[-7.365784,41.852787],[-7.369641,41.848786],[-7.372666,41.849023],[-7.386249,41.841258],[-7.390558,41.841462],[-7.391629,41.835035],[-7.394855,41.833236],[-7.397588,41.826373],[-7.402615,41.825456],[-7.402738,41.821844],[-7.408833,41.816724],[-7.415741,41.813549],[-7.415768,41.813489],[-7.416631,41.811593],[-7.419064,41.811451],[-7.427873,41.807454],[-7.429526,41.812414],[-7.427606,41.814031],[-7.424713,41.816466],[-7.430915,41.822898],[-7.430299,41.824823],[-7.426391,41.826312],[-7.425844,41.830225],[-7.4272,41.833074],[-7.443751,41.839371],[-7.447551,41.844882],[-7.448843,41.852821],[-7.445616,41.857784],[-7.452499,41.865082],[-7.459649,41.863719],[-7.474213,41.863755],[-7.485272,41.861291],[-7.491292,41.871244],[-7.502225,41.869384],[-7.511354,41.865323],[-7.513312,41.862117],[-7.505642,41.850779],[-7.521053,41.841966],[-7.535908,41.837394],[-7.53929,41.836926],[-7.541073,41.837432],[-7.541922,41.837248],[-7.544156,41.835452],[-7.544235,41.835389],[-7.54712,41.835629],[-7.549108,41.835795],[-7.550883,41.833703],[-7.558997,41.834396],[-7.566268,41.832926],[-7.573912,41.82972],[-7.59878,41.833125],[-7.612559,41.829411],[-7.613858,41.829686],[-7.61414,41.830535],[-7.61471,41.832531],[-7.612945,41.840529],[-7.609666,41.848733],[-7.606195,41.848717],[-7.606276,41.849344],[-7.606764,41.853115],[-7.600145,41.86043],[-7.599393,41.86468],[-7.601726,41.866645],[-7.598536,41.869175],[-7.594181,41.870149],[-7.589345,41.871116],[-7.58866,41.873495],[-7.58409,41.875678],[-7.583302,41.878667],[-7.585863,41.881859],[-7.586646,41.880531],[-7.587267,41.879454],[-7.591464,41.880673],[-7.607495,41.879489],[-7.61841,41.88509],[-7.619943,41.883956],[-7.625424,41.879901],[-7.653871,41.881198],[-7.666304,41.889554],[-7.668221,41.893309],[-7.678141,41.893238],[-7.684877,41.899466],[-7.697306,41.907207],[-7.700851,41.907666],[-7.722125,41.900446],[-7.733354,41.892277],[-7.745017,41.89307],[-7.749785,41.894846],[-7.753231,41.898224],[-7.763505,41.899004],[-7.778362,41.886878],[-7.786931,41.884094],[-7.802875,41.881945],[-7.845181,41.881279],[-7.84152,41.866478],[-7.849453,41.861671],[-7.858434,41.862643],[-7.858998,41.860556],[-7.866316,41.858877],[-7.871918,41.850078],[-7.87273,41.845294],[-7.881633,41.85611],[-7.887922,41.855606],[-7.891858,41.860096],[-7.888234,41.866077],[-7.886206,41.874787],[-7.884778,41.88092],[-7.887405,41.90731],[-7.883719,41.91838],[-7.884689,41.924316],[-7.887961,41.926785],[-7.905978,41.92709],[-7.90975,41.922458],[-7.910088,41.907345],[-7.921305,41.881814],[-7.92026,41.880764],[-7.921252,41.877791],[-7.931219,41.87707],[-7.944126,41.871571],[-7.948688,41.871028],[-7.949166,41.871109],[-7.95468,41.8728],[-7.957863,41.875164],[-7.961575,41.874788],[-7.966384,41.874301],[-7.970588,41.875578],[-7.971165,41.876081],[-7.987874,41.868181],[-7.989518,41.859482],[-7.9956,41.857991],[-7.994555,41.854616],[-7.994545,41.854046],[-8.002993,41.85033],[-8.005976,41.84706],[-8.011317,41.833976],[-8.01269,41.830615],[-8.013149,41.82949],[-8.016792,41.831003],[-8.017086,41.831126],[-8.019364,41.832072],[-8.033099,41.829704],[-8.037863,41.829922],[-8.041578,41.82782],[-8.041335,41.825189],[-8.046185,41.823739],[-8.046444,41.823521],[-8.048418,41.821854],[-8.051243,41.81947],[-8.053428,41.820631],[-8.055189,41.81679],[-8.057657,41.815717],[-8.064749,41.817274],[-8.071149,41.814404],[-8.073446,41.813169],[-8.078509,41.813583],[-8.081825,41.811888],[-8.083928,41.810651],[-8.087914,41.812771],[-8.093286,41.811125],[-8.093623,41.809473],[-8.093917,41.808035],[-8.098607,41.809691],[-8.103477,41.81141],[-8.108776,41.812092],[-8.116649,41.812659],[-8.123957,41.808852],[-8.130903,41.80886],[-8.153771,41.817763],[-8.160272,41.818055],[-8.165013,41.818113],[-8.165001,41.818267],[-8.163316,41.840557],[-8.161795,41.860673],[-8.166178,41.862298],[-8.167058,41.865629],[-8.170187,41.877464],[-8.171418,41.87877],[-8.182877,41.875009],[-8.185982,41.875527],[-8.192521,41.876619],[-8.200018,41.8737],[-8.200513,41.878303],[-8.198073,41.879658],[-8.20098,41.885952],[-8.204874,41.892843],[-8.205442,41.893593],[-8.214697,41.897966],[-8.214284,41.901193],[-8.216822,41.905278],[-8.216827,41.909077],[-8.216833,41.913437],[-8.212735,41.91779],[-8.210279,41.923582],[-8.204362,41.926976],[-8.197886,41.939534],[-8.180132,41.953683],[-8.174968,41.954952],[-8.176246,41.958882],[-8.173646,41.962422],[-8.169508,41.963039],[-8.169255,41.966201],[-8.162834,41.975638],[-8.163019,41.982692],[-8.140699,41.988758],[-8.127876,42.00556],[-8.124719,42.006624],[-8.113421,42.00537],[-8.104103,42.008307],[-8.096578,42.010679],[-8.085981,42.016686],[-8.083789,42.024565],[-8.083583,42.037482],[-8.084455,42.047334],[-8.094538,42.068024],[-8.096601,42.072257],[-8.121681,42.082697],[-8.137971,42.075792],[-8.149645,42.079316],[-8.159625,42.075771],[-8.17038,42.067307],[-8.175459,42.065321],[-8.182171,42.065109],[-8.187291,42.074614],[-8.185542,42.077002],[-8.18549,42.08294],[-8.186887,42.089396],[-8.187918,42.092386],[-8.186097,42.09761],[-8.189465,42.111937],[-8.191872,42.114503],[-8.193294,42.126174],[-8.193119,42.130134],[-8.190764,42.131989],[-8.189229,42.134626],[-8.189224,42.135638],[-8.187668,42.137464],[-8.190848,42.140163],[-8.188005,42.14355],[-8.189203,42.143279],[-8.19166,42.143003],[-8.198591,42.153661],[-8.201404,42.152924],[-8.200341,42.148828],[-8.206615,42.141017],[-8.209679,42.140371],[-8.218203,42.138284],[-8.222573,42.133987],[-8.227947,42.133281],[-8.231288,42.133225],[-8.24013,42.139095],[-8.24552,42.139774],[-8.248964,42.138103],[-8.2561,42.134641],[-8.255711,42.126727],[-8.25893,42.121627],[-8.263064,42.120877],[-8.273656,42.124072],[-8.289126,42.114468],[-8.290717,42.111873],[-8.295122,42.110578],[-8.296286,42.107826],[-8.299741,42.106035],[-8.300939,42.105414],[-8.303902,42.103878],[-8.313426,42.10296],[-8.317116,42.104505],[-8.32295,42.101009],[-8.32358,42.099882],[-8.325261,42.089518],[-8.331891,42.083835],[-8.342724,42.084726],[-8.353346,42.089772],[-8.360972,42.09029],[-8.364694,42.09002],[-8.371035,42.088307],[-8.381643,42.076346],[-8.383375,42.076801],[-8.38877,42.075705],[-8.390665,42.075164],[-8.392496,42.07897],[-8.393152,42.079992],[-8.404445,42.08042],[-8.419466,42.073114],[-8.428544,42.072322],[-8.431836,42.07348],[-8.436713,42.078833],[-8.443016,42.082381],[-8.478261,42.080644],[-8.486087,42.081906],[-8.503675,42.077664],[-8.506762,42.078025],[-8.519815,42.079549],[-8.522889,42.078385],[-8.528171,42.074686],[-8.525595,42.064758],[-8.525728,42.064372],[-8.526386,42.062461],[-8.54605,42.054185],[-8.552066,42.053789],[-8.577078,42.052144],[-8.586548,42.052606],[-8.588805,42.054168],[-8.595356,42.056872],[-8.600944,42.054583],[-8.627673,42.050524],[-8.628474,42.050402],[-8.635123,42.047814],[-8.637237,42.046831],[-8.63988,42.045601],[-8.646052,42.03705],[-8.657621,42.030102],[-8.659163,42.025445],[-8.657324,42.018433],[-8.660136,42.009244],[-8.661315,42.00539],[-8.664222,42.001692],[-8.670357,41.999114],[-8.678644,41.991348],[-8.678674,41.991326],[-8.688709,41.99006],[-8.698689,41.983766],[-8.716136,41.980155],[-8.725888,41.975187],[-8.737266,41.969392],[-8.744163,41.965879],[-8.748548,41.960792],[-8.746607,41.950349],[-8.747698,41.943325],[-8.747815,41.943039],[-8.751758,41.938424],[-8.756282,41.933129],[-8.78822,41.916493],[-8.794755,41.915019],[-8.803426,41.915139],[-8.818381,41.911286],[-8.826321,41.902704],[-8.838204,41.889294],[-8.84311,41.884481],[-8.842814,41.883459],[-8.842111,41.881028],[-8.8455,41.874111],[-8.850861,41.869556],[-8.865472,41.869167],[-8.869889,41.860284],[-8.867657,41.855367],[-8.868913,41.844973],[-8.872864,41.843838],[-8.876086,41.840367],[-8.876935,41.829794],[-8.87336,41.82701],[-8.874846,41.823189],[-8.872818,41.817929],[-8.870265,41.815176],[-8.86445,41.812805],[-8.868317,41.803495],[-8.87526,41.797789],[-8.873409,41.797096],[-8.871829,41.79056],[-8.871702,41.778256],[-8.878721,41.762161],[-8.877873,41.75792],[-8.880948,41.753186],[-8.878028,41.747581],[-8.878264,41.742719],[-8.871716,41.730617],[-8.871954,41.726605],[-8.869263,41.726213],[-8.867055,41.722572],[-8.856859,41.700025],[-8.852751,41.699076],[-8.85084,41.69341],[-8.844278,41.686222],[-8.84175,41.68875],[-8.835028,41.688722],[-8.820056,41.696194],[-8.813806,41.696361],[-8.809528,41.694361],[-8.811611,41.690917],[-8.819222,41.690361],[-8.827556,41.683694],[-8.835028,41.686222],[-8.838389,41.686222],[-8.838778,41.684972],[-8.826379,41.671819],[-8.825114,41.664946],[-8.827361,41.649703],[-8.820011,41.63564],[-8.819999,41.630224],[-8.822316,41.628845],[-8.820007,41.628523],[-8.814146,41.620675],[-8.811574,41.611568]]],[[[-8.667634,41.139035],[-8.665028,41.138694],[-8.664667,41.139944],[-8.667634,41.139035]]],[[[-8.67086,41.143164],[-8.672138,41.143071],[-8.672808,41.142325],[-8.6745,41.143704],[-8.674459,41.14313],[-8.671634,41.141482],[-8.672442,41.142617],[-8.67086,41.143164]]]]},"properties":{"key":"NORTE","countryCode":"PRT"}},{"type":"Feature","geometry":{"type":"MultiPolygon","coordinates":[[[[-7.304573,41.139525],[-7.307167,41.145602],[-7.309453,41.146863],[-7.320521,41.143404],[-7.327308,41.146717],[-7.339129,41.143755],[-7.357507,41.147958],[-7.362076,41.157355],[-7.374583,41.158541],[-7.372616,41.168625],[-7.374601,41.172536],[-7.382477,41.177972],[-7.390536,41.195331],[-7.431892,41.210802],[-7.442264,41.214035],[-7.451241,41.214411],[-7.457675,41.211265],[-7.464213,41.2018],[-7.469089,41.199542],[-7.480446,41.198344],[-7.502913,41.199451],[-7.509188,41.19656],[-7.51428,41.19143],[-7.519023,41.182783],[-7.523552,41.179679],[-7.52864,41.180827],[-7.543078,41.188331],[-7.547909,41.188394],[-7.556479,41.173141],[-7.570948,41.165426],[-7.575186,41.160349],[-7.590104,41.156288],[-7.613938,41.160777],[-7.63668,41.158532],[-7.657771,41.162947],[-7.664674,41.162705],[-7.685348,41.15193],[-7.691388,41.144395],[-7.697859,41.141505],[-7.71635,41.144927],[-7.735502,41.145276],[-7.763096,41.152286],[-7.776118,41.151986],[-7.783057,41.154844],[-7.787355,41.159019],[-7.797249,41.161846],[-7.805203,41.15859],[-7.808777,41.149249],[-7.813857,41.145675],[-7.820248,41.147293],[-7.82652,41.151173],[-7.841646,41.154905],[-7.851836,41.155654],[-7.85992,41.158419],[-7.874024,41.156989],[-7.879615,41.152895],[-7.885105,41.142916],[-7.887449,41.134019],[-7.889329,41.132988],[-7.893183,41.134684],[-7.897387,41.13188],[-7.897137,41.124822],[-7.899714,41.120555],[-7.904977,41.118736],[-7.911864,41.11989],[-7.921264,41.119959],[-7.930701,41.118137],[-7.944206,41.122552],[-7.95165,41.122701],[-7.962094,41.113644],[-7.969532,41.11577],[-7.97849,41.111608],[-7.990325,41.109708],[-7.998703,41.105659],[-8.014279,41.104293],[-8.025399,41.096996],[-8.036501,41.095665],[-8.052763,41.089678],[-8.059279,41.090025],[-8.068228,41.092813],[-8.082729,41.091744],[-8.088303,41.097525],[-8.0959,41.10082],[-8.112981,41.094952],[-8.117923,41.08871],[-8.127272,41.087635],[-8.135514,41.083806],[-8.146888,41.084159],[-8.160892,41.089437],[-8.172854,41.088163],[-8.187808,41.093135],[-8.204555,41.094086],[-8.211695,41.091217],[-8.221753,41.079354],[-8.2328,41.079022],[-8.244184,41.070104],[-8.250413,41.068657],[-8.259457,41.070399],[-8.263992,41.065857],[-8.268617,41.064184],[-8.279932,41.067398],[-8.286535,41.078419],[-8.294082,41.080126],[-8.298287,41.076966],[-8.300705,41.06972],[-8.313412,41.058967],[-8.327012,41.057906],[-8.333597,41.053312],[-8.342796,41.042888],[-8.347287,41.040608],[-8.356366,41.04119],[-8.370524,41.050714],[-8.381409,41.049319],[-8.398665,41.052367],[-8.399074,41.04981],[-8.396344,41.046056],[-8.39908,41.043867],[-8.398198,41.039696],[-8.400076,41.038063],[-8.400606,41.032257],[-8.395694,41.026245],[-8.39077,41.025367],[-8.389843,41.026327],[-8.383337,41.023151],[-8.383174,41.02086],[-8.386026,41.019202],[-8.385432,41.015589],[-8.387805,41.013382],[-8.385008,41.01086],[-8.383977,41.004101],[-8.389219,41.00138],[-8.390422,41.00209],[-8.388852,41.00453],[-8.396766,41.012448],[-8.401083,41.012134],[-8.415216,41.015069],[-8.419007,41.018427],[-8.429986,41.022457],[-8.428659,41.023479],[-8.433009,41.029262],[-8.429217,41.033163],[-8.428375,41.036594],[-8.432025,41.037895],[-8.448741,41.053461],[-8.451562,41.049989],[-8.451444,41.0474],[-8.456785,41.042378],[-8.466059,41.048283],[-8.477178,41.051701],[-8.476879,41.052886],[-8.481544,41.051797],[-8.486223,41.052702],[-8.489555,41.049171],[-8.492581,41.039599],[-8.48279,41.036408],[-8.481682,41.03489],[-8.475702,41.034044],[-8.475878,41.031514],[-8.469603,41.032295],[-8.466616,41.030253],[-8.475018,41.028493],[-8.477484,41.024799],[-8.488039,41.023793],[-8.491933,41.02215],[-8.489166,41.013401],[-8.495139,41.010794],[-8.497656,41.011704],[-8.501183,41.009411],[-8.505637,41.009304],[-8.515242,41.015389],[-8.527775,41.035799],[-8.528448,41.040509],[-8.536175,41.036108],[-8.543363,41.035264],[-8.554969,41.026496],[-8.554073,41.023072],[-8.557505,41.018349],[-8.557193,41.015564],[-8.56608,41.013808],[-8.593623,41.014106],[-8.605858,41.025766],[-8.618269,41.020185],[-8.622834,41.019822],[-8.622989,41.018673],[-8.631019,41.018386],[-8.635422,41.015248],[-8.644973,41.015969],[-8.648116,41.009382],[-8.646368,41.007733],[-8.647847,40.99927],[-8.646362,40.995822],[-8.647257,40.990678],[-8.649998,40.989502],[-8.647774,40.988831],[-8.649043,40.982628],[-8.651261,40.982069],[-8.649359,40.981039],[-8.652234,40.973823],[-8.650268,40.973489],[-8.650698,40.970794],[-8.655755,40.961101],[-8.655731,40.956079],[-8.658868,40.949852],[-8.65708,40.949038],[-8.661325,40.940113],[-8.659179,40.939372],[-8.662906,40.931394],[-8.660963,40.931053],[-8.660716,40.929241],[-8.670444,40.890833],[-8.697139,40.8075],[-8.710444,40.772472],[-8.712083,40.762472],[-8.726497,40.727802],[-8.750417,40.6475],[-8.749167,40.64625],[-8.744194,40.64625],[-8.740806,40.647889],[-8.734611,40.658278],[-8.72625,40.665806],[-8.72375,40.671639],[-8.716528,40.676778],[-8.713944,40.676139],[-8.707556,40.662056],[-8.701694,40.662028],[-8.6925,40.668722],[-8.688083,40.667444],[-8.697889,40.654306],[-8.714167,40.659556],[-8.725833,40.657917],[-8.733806,40.653306],[-8.729972,40.652889],[-8.728778,40.650778],[-8.735028,40.647083],[-8.735861,40.643417],[-8.749167,40.643722],[-8.749886,40.640724],[-8.751278,40.640833],[-8.749691,40.640049],[-8.751985,40.622253],[-8.766009,40.584284],[-8.767164,40.575237],[-8.783119,40.519816],[-8.81371,40.427555],[-8.817917,40.408278],[-8.823778,40.395833],[-8.828778,40.370833],[-8.836306,40.352472],[-8.839556,40.339139],[-8.857083,40.293278],[-8.866306,40.276667],[-8.87125,40.26],[-8.908778,40.187468],[-8.906532,40.17883],[-8.896996,40.175677],[-8.89419,40.171972],[-8.875267,40.161997],[-8.870417,40.1575],[-8.866694,40.147917],[-8.835028,40.147083],[-8.8175,40.142889],[-8.810889,40.13875],[-8.805833,40.137889],[-8.79625,40.125806],[-8.792917,40.118306],[-8.801694,40.125417],[-8.810861,40.125417],[-8.8175,40.122056],[-8.826667,40.121222],[-8.830028,40.119556],[-8.841639,40.12125],[-8.847972,40.127472],[-8.852111,40.138306],[-8.857917,40.145],[-8.863361,40.145417],[-8.864611,40.144167],[-8.864748,40.140555],[-8.863044,40.140076],[-8.864265,40.125224],[-8.869306,40.108248],[-8.894933,40.045503],[-8.914621,40.00238],[-8.914667,39.998306],[-8.939639,39.945778],[-8.946492,39.934829],[-8.947972,39.928278],[-8.955417,39.915806],[-8.958778,39.902444],[-8.97125,39.880806],[-8.970528,39.878306],[-8.997476,39.827811],[-8.999639,39.819944],[-9.009807,39.803673],[-9.016278,39.788306],[-9.031111,39.766528],[-9.033778,39.751611],[-9.046735,39.727512],[-9.049611,39.717444],[-9.050417,39.701667],[-9.058938,39.686175],[-9.059583,39.677444],[-9.078347,39.636671],[-9.084611,39.616667],[-9.085417,39.607528],[-9.082556,39.606194],[-9.075056,39.606222],[-9.073806,39.605],[-9.072083,39.593333],[-9.112686,39.54705],[-9.125305,39.537829],[-9.129088,39.528249],[-9.141281,39.520502],[-9.142111,39.515806],[-9.140833,39.514611],[-9.135833,39.514611],[-9.136614,39.505758],[-9.140885,39.502803],[-9.145061,39.502927],[-9.148887,39.504616],[-9.145604,39.509094],[-9.152855,39.509625],[-9.15851,39.507486],[-9.161813,39.504403],[-9.167381,39.503552],[-9.17183,39.500936],[-9.171816,39.496875],[-9.176664,39.495336],[-9.180873,39.491525],[-9.18441,39.485593],[-9.187639,39.48469],[-9.19534,39.475082],[-9.203676,39.473091],[-9.20389,39.467622],[-9.209656,39.460184],[-9.211743,39.454062],[-9.217683,39.449397],[-9.228812,39.435153],[-9.224194,39.432083],[-9.212528,39.430389],[-9.209194,39.426278],[-9.205,39.425417],[-9.204611,39.418333],[-9.200889,39.408722],[-9.195,39.409528],[-9.189167,39.412917],[-9.182972,39.406639],[-9.184139,39.405417],[-9.188333,39.405417],[-9.190861,39.407083],[-9.196694,39.407056],[-9.197944,39.405806],[-9.193778,39.394139],[-9.198417,39.390417],[-9.198778,39.395],[-9.203361,39.399556],[-9.205861,39.397083],[-9.215833,39.398722],[-9.224139,39.392083],[-9.223806,39.396667],[-9.218361,39.402056],[-9.215472,39.402444],[-9.215861,39.404583],[-9.223389,39.404556],[-9.22375,39.405806],[-9.212111,39.409944],[-9.220472,39.4175],[-9.220417,39.422472],[-9.22375,39.425778],[-9.22375,39.430028],[-9.233333,39.430389],[-9.232385,39.432533],[-9.274622,39.401558],[-9.305139,39.383428],[-9.323371,39.375596],[-9.33139,39.373847],[-9.339234,39.374654],[-9.34103,39.379565],[-9.3416,39.37535],[-9.339024,39.371017],[-9.340019,39.367866],[-9.346948,39.363465],[-9.355339,39.36068],[-9.365709,39.361525],[-9.371283,39.363568],[-9.372113,39.364942],[-9.370725,39.36539],[-9.37281,39.365283],[-9.373645,39.367542],[-9.371808,39.370386],[-9.379317,39.376071],[-9.377085,39.371953],[-9.378332,39.369096],[-9.385425,39.37128],[-9.397115,39.370544],[-9.40348,39.367469],[-9.407387,39.362505],[-9.391694,39.356222],[-9.377472,39.356222],[-9.376694,39.359583],[-9.374194,39.359583],[-9.36375,39.350806],[-9.360008,39.336865],[-9.360032,39.326045],[-9.347944,39.316639],[-9.344611,39.309972],[-9.345472,39.304139],[-9.341306,39.299972],[-9.340576,39.291935],[-9.336139,39.292825],[-9.317384,39.290902],[-9.317438,39.28875],[-9.311122,39.290604],[-9.310856,39.289187],[-9.30708,39.289813],[-9.296939,39.283459],[-9.295404,39.286971],[-9.290879,39.29028],[-9.290488,39.293063],[-9.288234,39.293792],[-9.288139,39.297656],[-9.277894,39.301066],[-9.276281,39.308341],[-9.271358,39.308753],[-9.262977,39.315186],[-9.261444,39.314042],[-9.25561,39.317729],[-9.252564,39.310168],[-9.250231,39.310127],[-9.250662,39.308638],[-9.247454,39.308772],[-9.245393,39.304916],[-9.236998,39.306505],[-9.234513,39.305258],[-9.22783,39.30629],[-9.225982,39.304898],[-9.2239,39.30694],[-9.218791,39.304447],[-9.217554,39.301902],[-9.214617,39.303803],[-9.200478,39.302316],[-9.203356,39.300593],[-9.199787,39.297665],[-9.196534,39.281089],[-9.191887,39.275263],[-9.188217,39.273511],[-9.18702,39.268861],[-9.191135,39.267054],[-9.19708,39.25877],[-9.195949,39.25392],[-9.19728,39.249824],[-9.20239,39.247682],[-9.198811,39.234762],[-9.19378,39.230153],[-9.186494,39.226968],[-9.188033,39.220544],[-9.185589,39.214981],[-9.18305,39.212653],[-9.177993,39.211577],[-9.171715,39.219642],[-9.172394,39.221407],[-9.164255,39.222695],[-9.159536,39.221546],[-9.151848,39.233472],[-9.148489,39.2325],[-9.146025,39.22932],[-9.143125,39.22903],[-9.137681,39.23437],[-9.13575,39.241075],[-9.132291,39.241401],[-9.131962,39.244617],[-9.126311,39.245281],[-9.126944,39.248328],[-9.124762,39.2487],[-9.122543,39.25187],[-9.123614,39.254222],[-9.12107,39.256919],[-9.12245,39.259083],[-9.120736,39.26104],[-9.123031,39.262951],[-9.12307,39.268656],[-9.121043,39.269032],[-9.121189,39.270932],[-9.11846,39.272605],[-9.115224,39.272287],[-9.11439,39.273764],[-9.112945,39.273193],[-9.108516,39.276141],[-9.105959,39.278889],[-9.105161,39.284966],[-9.10118,39.289696],[-9.092733,39.29015],[-9.090355,39.293399],[-9.084785,39.295216],[-9.084952,39.296456],[-9.072184,39.299401],[-9.07369,39.302174],[-9.066403,39.309854],[-9.063666,39.307746],[-9.057805,39.309493],[-9.055817,39.311987],[-9.050815,39.310108],[-9.045698,39.31135],[-9.03938,39.310286],[-9.030957,39.303396],[-9.026488,39.293197],[-9.015418,39.29404],[-9.011052,39.293051],[-9.010569,39.291774],[-9.003926,39.291428],[-8.998166,39.296473],[-8.994503,39.296697],[-8.986446,39.318767],[-8.996924,39.328484],[-8.99908,39.333203],[-8.998151,39.343301],[-9.00026,39.345937],[-9.001574,39.354637],[-8.99819,39.358047],[-8.998644,39.360881],[-8.991752,39.373045],[-8.991804,39.375754],[-8.984695,39.381841],[-8.983674,39.384766],[-8.97503,39.387758],[-8.974774,39.389967],[-8.968632,39.394276],[-8.965393,39.392454],[-8.957394,39.393159],[-8.953244,39.391433],[-8.945712,39.391037],[-8.940011,39.405661],[-8.934567,39.413055],[-8.932405,39.423241],[-8.923016,39.433279],[-8.903429,39.466004],[-8.892567,39.465251],[-8.885479,39.472393],[-8.881437,39.474354],[-8.863646,39.47547],[-8.846371,39.47253],[-8.818393,39.478003],[-8.802352,39.483009],[-8.789008,39.479123],[-8.771862,39.47897],[-8.765806,39.476328],[-8.759345,39.47574],[-8.755027,39.476318],[-8.747738,39.480172],[-8.741367,39.477669],[-8.738732,39.480636],[-8.735906,39.480513],[-8.73583,39.479358],[-8.729327,39.480024],[-8.731376,39.482419],[-8.730425,39.483943],[-8.732426,39.48422],[-8.731797,39.487634],[-8.733679,39.488231],[-8.732544,39.490088],[-8.73468,39.492541],[-8.733752,39.496354],[-8.73522,39.497811],[-8.732203,39.499101],[-8.736524,39.50024],[-8.743326,39.509682],[-8.746492,39.529122],[-8.742914,39.530625],[-8.741775,39.534079],[-8.74002,39.533906],[-8.737583,39.536935],[-8.733809,39.536256],[-8.728173,39.529779],[-8.714485,39.520785],[-8.705423,39.529575],[-8.703686,39.52861],[-8.700286,39.529665],[-8.697864,39.532813],[-8.695172,39.532347],[-8.69287,39.539782],[-8.690083,39.542136],[-8.688467,39.549772],[-8.671472,39.561758],[-8.6723,39.565086],[-8.677303,39.566566],[-8.685946,39.575247],[-8.685712,39.580874],[-8.689506,39.588784],[-8.687483,39.609912],[-8.691905,39.620509],[-8.700743,39.631535],[-8.701962,39.639962],[-8.687975,39.643168],[-8.683125,39.645942],[-8.68034,39.645268],[-8.677338,39.64687],[-8.676256,39.650846],[-8.671687,39.65107],[-8.661579,39.656911],[-8.649468,39.660644],[-8.641859,39.674304],[-8.646027,39.680452],[-8.643329,39.682785],[-8.642296,39.686753],[-8.637215,39.688067],[-8.63516,39.693724],[-8.632076,39.69553],[-8.640513,39.701311],[-8.655672,39.702611],[-8.673757,39.709821],[-8.679182,39.708868],[-8.680614,39.718347],[-8.679481,39.720463],[-8.675613,39.723597],[-8.66782,39.722707],[-8.664183,39.725059],[-8.672658,39.730335],[-8.67155,39.732631],[-8.67764,39.737873],[-8.679616,39.746757],[-8.681525,39.748522],[-8.678844,39.760469],[-8.6804,39.767774],[-8.676061,39.774232],[-8.668564,39.775219],[-8.651489,39.78095],[-8.647892,39.783488],[-8.640731,39.78532],[-8.63498,39.789888],[-8.622182,39.789634],[-8.614926,39.787692],[-8.610985,39.788505],[-8.60941,39.784384],[-8.604918,39.782033],[-8.604235,39.779929],[-8.593831,39.777],[-8.584775,39.779411],[-8.57518,39.787513],[-8.571357,39.787277],[-8.564992,39.791971],[-8.556627,39.791892],[-8.550971,39.796259],[-8.545457,39.798226],[-8.541078,39.802413],[-8.539462,39.808056],[-8.534904,39.810716],[-8.532181,39.814595],[-8.526648,39.816834],[-8.523355,39.825594],[-8.524212,39.827669],[-8.517497,39.82805],[-8.50644,39.81505],[-8.501167,39.817913],[-8.500983,39.823992],[-8.496839,39.826229],[-8.496005,39.828512],[-8.486851,39.830731],[-8.478597,39.836604],[-8.477954,39.838729],[-8.474417,39.834401],[-8.474189,39.820868],[-8.470399,39.817266],[-8.467258,39.806941],[-8.462393,39.804183],[-8.465441,39.793026],[-8.4629,39.785381],[-8.463991,39.783153],[-8.461863,39.781156],[-8.462573,39.773206],[-8.457181,39.765896],[-8.457832,39.763124],[-8.453511,39.759814],[-8.453582,39.757052],[-8.450611,39.754741],[-8.450809,39.749218],[-8.455099,39.7439],[-8.454723,39.739883],[-8.451462,39.737026],[-8.45275,39.730891],[-8.446656,39.733942],[-8.443915,39.73775],[-8.44035,39.737963],[-8.438773,39.739497],[-8.436576,39.738634],[-8.430607,39.741074],[-8.426,39.747133],[-8.423579,39.747876],[-8.42318,39.754178],[-8.418465,39.756045],[-8.414738,39.754646],[-8.404154,39.760309],[-8.392335,39.76035],[-8.385138,39.753377],[-8.380133,39.751922],[-8.375771,39.754705],[-8.373661,39.759113],[-8.36843,39.761129],[-8.361289,39.768461],[-8.350349,39.769762],[-8.347657,39.773646],[-8.344932,39.774427],[-8.338089,39.770043],[-8.332634,39.76097],[-8.329159,39.761987],[-8.328421,39.764511],[-8.324449,39.765694],[-8.33021,39.774763],[-8.329405,39.777065],[-8.32698,39.777344],[-8.327742,39.77975],[-8.325648,39.781023],[-8.325922,39.787821],[-8.333157,39.797885],[-8.335719,39.798357],[-8.335722,39.803353],[-8.332629,39.802945],[-8.32677,39.798993],[-8.322593,39.800786],[-8.316106,39.798996],[-8.304269,39.793217],[-8.290727,39.797494],[-8.285089,39.79576],[-8.281295,39.788588],[-8.284361,39.78179],[-8.281325,39.777063],[-8.27338,39.7726],[-8.269244,39.774777],[-8.266808,39.769657],[-8.263715,39.768672],[-8.251221,39.777265],[-8.243202,39.779078],[-8.235364,39.76568],[-8.232071,39.762799],[-8.22896,39.754216],[-8.227885,39.742881],[-8.233781,39.740256],[-8.237255,39.734309],[-8.237199,39.73036],[-8.23158,39.725596],[-8.235697,39.720595],[-8.233455,39.714547],[-8.237438,39.711224],[-8.238101,39.708506],[-8.234632,39.703537],[-8.232232,39.703748],[-8.228898,39.70699],[-8.226026,39.706283],[-8.225446,39.704433],[-8.230426,39.696058],[-8.229845,39.68792],[-8.232443,39.682827],[-8.229118,39.675521],[-8.228993,39.664813],[-8.232735,39.659246],[-8.237372,39.641755],[-8.235229,39.645093],[-8.23193,39.646453],[-8.222461,39.642518],[-8.218591,39.636591],[-8.208395,39.637133],[-8.195953,39.633472],[-8.189901,39.633235],[-8.180705,39.62946],[-8.174605,39.624551],[-8.164283,39.626686],[-8.162431,39.626439],[-8.162598,39.623961],[-8.15347,39.624133],[-8.153713,39.620166],[-8.151232,39.619797],[-8.150739,39.617565],[-8.148018,39.617105],[-8.14527,39.613982],[-8.134585,39.611285],[-8.126906,39.614703],[-8.120032,39.611625],[-8.117598,39.614319],[-8.114067,39.61529],[-8.109605,39.61349],[-8.102065,39.612897],[-8.100671,39.614245],[-8.096889,39.612713],[-8.090928,39.612775],[-8.084453,39.613987],[-8.069513,39.620825],[-8.053573,39.616506],[-8.064531,39.634261],[-8.068029,39.634723],[-8.065986,39.640004],[-8.070736,39.643542],[-8.0697,39.64449],[-8.073619,39.652346],[-8.078836,39.656998],[-8.073774,39.661163],[-8.074928,39.66382],[-8.071427,39.668744],[-8.060845,39.668351],[-8.057219,39.674372],[-8.058879,39.687923],[-8.060769,39.688654],[-8.059601,39.69024],[-8.06238,39.692632],[-8.061652,39.69672],[-8.058096,39.697992],[-8.056811,39.702669],[-8.054905,39.703494],[-8.05323,39.716305],[-8.05028,39.718461],[-8.050507,39.724065],[-8.053521,39.726144],[-8.055585,39.732088],[-8.055013,39.73599],[-8.051922,39.736063],[-8.049451,39.738724],[-8.046331,39.737005],[-8.045523,39.739856],[-8.041808,39.739083],[-8.043628,39.741538],[-8.03895,39.742724],[-8.039447,39.746673],[-8.037373,39.747834],[-8.033921,39.746506],[-8.033872,39.74244],[-8.02858,39.74244],[-8.023455,39.740213],[-8.012647,39.743979],[-8.004695,39.743336],[-8.001665,39.738683],[-7.999381,39.738692],[-7.999959,39.733511],[-7.993026,39.731904],[-7.990434,39.728462],[-7.986721,39.728933],[-7.98605,39.731524],[-7.983556,39.731405],[-7.972758,39.737942],[-7.973164,39.740495],[-7.970116,39.746009],[-7.96232,39.743781],[-7.95768,39.740727],[-7.957302,39.731239],[-7.954268,39.720607],[-7.955945,39.717722],[-7.953407,39.716947],[-7.955409,39.714275],[-7.954248,39.699174],[-7.950548,39.686623],[-7.95215,39.684086],[-7.951136,39.682336],[-7.953321,39.680506],[-7.949728,39.679729],[-7.95181,39.677814],[-7.956039,39.67722],[-7.956904,39.673755],[-7.954226,39.670765],[-7.959543,39.667107],[-7.957756,39.661452],[-7.954068,39.662796],[-7.949247,39.660978],[-7.939037,39.662141],[-7.93575,39.658288],[-7.931601,39.663572],[-7.926529,39.661107],[-7.927611,39.66767],[-7.920517,39.666898],[-7.914737,39.668444],[-7.915099,39.665614],[-7.911607,39.666443],[-7.908899,39.664283],[-7.911964,39.661667],[-7.905573,39.661842],[-7.903342,39.65943],[-7.900832,39.660122],[-7.897473,39.65887],[-7.902562,39.655744],[-7.899197,39.654062],[-7.895252,39.655329],[-7.892416,39.653175],[-7.892895,39.651918],[-7.889767,39.649409],[-7.894739,39.64799],[-7.892112,39.643386],[-7.889733,39.642604],[-7.887546,39.645132],[-7.881216,39.644532],[-7.880725,39.641447],[-7.875852,39.642626],[-7.871479,39.636004],[-7.86925,39.639143],[-7.867051,39.637583],[-7.864756,39.638337],[-7.862859,39.631913],[-7.861312,39.630418],[-7.858113,39.630827],[-7.86155,39.626584],[-7.861297,39.624058],[-7.855671,39.625107],[-7.848053,39.623261],[-7.847066,39.620095],[-7.850311,39.619503],[-7.847316,39.616799],[-7.849529,39.613083],[-7.847956,39.607567],[-7.838595,39.607649],[-7.84109,39.600308],[-7.832593,39.600196],[-7.8373,39.595533],[-7.8346,39.594104],[-7.83024,39.594476],[-7.827073,39.59211],[-7.827069,39.587045],[-7.821896,39.588705],[-7.820657,39.582438],[-7.819254,39.582516],[-7.819046,39.585554],[-7.816999,39.585528],[-7.818688,39.578391],[-7.815791,39.574944],[-7.816718,39.571954],[-7.810338,39.571136],[-7.812162,39.568188],[-7.808988,39.565783],[-7.815778,39.563986],[-7.821858,39.559326],[-7.824383,39.546258],[-7.828705,39.545199],[-7.825104,39.537365],[-7.822173,39.540012],[-7.814947,39.542616],[-7.797821,39.544696],[-7.789731,39.550319],[-7.786815,39.555755],[-7.782037,39.55962],[-7.769803,39.564255],[-7.761158,39.575327],[-7.758042,39.584817],[-7.754922,39.588325],[-7.736205,39.593289],[-7.725817,39.591597],[-7.722306,39.593268],[-7.7166,39.604467],[-7.712717,39.608537],[-7.716035,39.6251],[-7.703235,39.636617],[-7.694208,39.638602],[-7.689261,39.642134],[-7.671821,39.648874],[-7.667855,39.646575],[-7.660556,39.634223],[-7.648301,39.624597],[-7.643479,39.622749],[-7.637442,39.622724],[-7.620307,39.628481],[-7.607284,39.637143],[-7.596377,39.639771],[-7.594926,39.650017],[-7.582372,39.657478],[-7.567268,39.660267],[-7.551615,39.657616],[-7.543198,39.662754],[-7.54168,39.66368],[-7.531696,39.66729],[-7.516623,39.665748],[-7.491843,39.665785],[-7.4769,39.662765],[-7.455523,39.662361],[-7.439699,39.658779],[-7.432233,39.654808],[-7.427753,39.652425],[-7.402991,39.646351],[-7.391818,39.649744],[-7.375163,39.650777],[-7.333676,39.640846],[-7.327015,39.642689],[-7.318382,39.648538],[-7.293747,39.655553],[-7.289884,39.658594],[-7.287693,39.660319],[-7.251522,39.666811],[-7.21568,39.659886],[-7.201502,39.662165],[-7.150596,39.653136],[-7.144348,39.653666],[-7.128041,39.662726],[-7.122836,39.663784],[-7.089401,39.663359],[-7.070025,39.658138],[-7.065462,39.65806],[-7.052866,39.660293],[-7.035839,39.666165],[-7.015431,39.670772],[-7.01521,39.671671],[-7.013393,39.679048],[-7.007877,39.684208],[-7.006808,39.690447],[-7.006591,39.691969],[-7.005409,39.694073],[-7.003783,39.696964],[-7.005384,39.701814],[-7.003463,39.704001],[-7.002147,39.706054],[-6.998719,39.714623],[-6.995212,39.716938],[-6.993727,39.721761],[-6.98727,39.727595],[-6.993851,39.731639],[-6.991765,39.735611],[-6.993943,39.7403],[-6.989763,39.75217],[-6.987029,39.754242],[-6.98709,39.757837],[-6.987154,39.761545],[-6.983404,39.768542],[-6.976861,39.772613],[-6.977001,39.774083],[-6.977851,39.778194],[-6.981728,39.782144],[-6.983524,39.79069],[-6.989398,39.794626],[-6.987873,39.796591],[-6.986604,39.798226],[-6.987967,39.800755],[-6.986912,39.810059],[-6.983957,39.81098],[-6.984189,39.814214],[-6.981464,39.819123],[-6.977987,39.819733],[-6.975846,39.819529],[-6.971823,39.823809],[-6.970656,39.82505],[-6.960376,39.825113],[-6.959905,39.825],[-6.958213,39.823784],[-6.948384,39.827526],[-6.946961,39.831249],[-6.945362,39.834584],[-6.945167,39.834719],[-6.943798,39.835669],[-6.940531,39.834273],[-6.939853,39.834814],[-6.939072,39.83731],[-6.935254,39.838482],[-6.934153,39.840804],[-6.936009,39.842819],[-6.929978,39.853257],[-6.929347,39.854215],[-6.923884,39.857834],[-6.913938,39.859412],[-6.910799,39.862724],[-6.907514,39.868774],[-6.903591,39.870705],[-6.901972,39.886645],[-6.906039,39.890331],[-6.899411,39.900893],[-6.902251,39.905756],[-6.899529,39.910719],[-6.904159,39.916831],[-6.907375,39.917833],[-6.907491,39.917931],[-6.90733,39.919748],[-6.903624,39.921108],[-6.906537,39.923775],[-6.90657,39.923829],[-6.901381,39.927746],[-6.901074,39.930806],[-6.892776,39.932483],[-6.890663,39.937583],[-6.884954,39.940692],[-6.884711,39.954858],[-6.88716,39.958807],[-6.888257,39.96198],[-6.88762,39.964206],[-6.880996,39.970627],[-6.879567,39.971841],[-6.885341,39.977937],[-6.88668,39.979351],[-6.880811,39.986532],[-6.873937,39.994943],[-6.873762,40.006965],[-6.871988,40.008002],[-6.870963,40.008289],[-6.866243,40.009611],[-6.864129,40.012395],[-6.864499,40.012811],[-6.866659,40.015239],[-6.876764,40.018034],[-6.875771,40.020939],[-6.874263,40.023771],[-6.878061,40.028195],[-6.882536,40.033408],[-6.881013,40.04125],[-6.88417,40.044193],[-6.889895,40.048643],[-6.896818,40.051946],[-6.892547,40.059827],[-6.896877,40.060741],[-6.904195,40.061697],[-6.905929,40.06247],[-6.908889,40.066093],[-6.909391,40.067205],[-6.916863,40.066036],[-6.917997,40.074156],[-6.918796,40.082744],[-6.920786,40.087074],[-6.931668,40.095932],[-6.93377,40.103551],[-6.938672,40.10378],[-6.94307,40.104436],[-6.94336,40.105877],[-6.940956,40.106894],[-6.941638,40.112399],[-6.945783,40.111806],[-6.945884,40.11178],[-6.948053,40.109941],[-6.951501,40.113107],[-6.954224,40.115607],[-6.95801,40.111664],[-6.960835,40.111136],[-6.962258,40.117052],[-6.968161,40.115268],[-6.976049,40.116406],[-6.977514,40.117859],[-6.97903,40.118742],[-6.983244,40.117522],[-6.984166,40.117951],[-6.98637,40.118978],[-6.989782,40.117677],[-6.991057,40.11325],[-6.993024,40.112816],[-6.993253,40.119268],[-6.998386,40.119169],[-6.999814,40.119141],[-6.999344,40.121301],[-7.00289,40.121321],[-7.00351,40.123547],[-7.005704,40.123298],[-7.007265,40.122769],[-7.007165,40.125112],[-7.012936,40.12613],[-7.011119,40.127963],[-7.009371,40.130403],[-7.011912,40.132169],[-7.014618,40.131794],[-7.012642,40.13412],[-7.015231,40.135745],[-7.013732,40.137565],[-7.015636,40.138104],[-7.01707,40.14258],[-7.021217,40.143863],[-7.015194,40.149019],[-7.014416,40.149713],[-7.016014,40.153865],[-7.014407,40.15818],[-7.022023,40.167458],[-7.01963,40.168938],[-7.017872,40.170927],[-7.018232,40.175462],[-7.016487,40.176464],[-7.021287,40.180545],[-7.025514,40.180761],[-7.028528,40.182709],[-7.029972,40.18639],[-7.024999,40.194353],[-7.019002,40.197247],[-7.018938,40.204692],[-7.013013,40.218108],[-7.010721,40.222885],[-7.01183,40.224334],[-7.012071,40.225885],[-6.998991,40.234893],[-6.998472,40.235225],[-6.988893,40.236388],[-6.984053,40.238487],[-6.978688,40.240649],[-6.976425,40.240606],[-6.972521,40.237032],[-6.972136,40.23668],[-6.96467,40.237569],[-6.9645,40.237649],[-6.96275,40.239653],[-6.9615,40.243008],[-6.954626,40.248955],[-6.954435,40.249338],[-6.955086,40.251781],[-6.951418,40.257573],[-6.950875,40.257496],[-6.944211,40.256546],[-6.939305,40.258275],[-6.937909,40.258632],[-6.933664,40.257109],[-6.926108,40.258344],[-6.919278,40.255422],[-6.916881,40.256074],[-6.9161,40.255975],[-6.907322,40.253899],[-6.905742,40.255698],[-6.901796,40.257158],[-6.892604,40.259613],[-6.889902,40.26049],[-6.886007,40.258762],[-6.884007,40.257874],[-6.876845,40.260395],[-6.874663,40.261163],[-6.867909,40.26506],[-6.867839,40.265121],[-6.864764,40.270346],[-6.863116,40.275083],[-6.864547,40.286233],[-6.863919,40.296187],[-6.862117,40.298614],[-6.861926,40.298871],[-6.855776,40.302593],[-6.847706,40.30689],[-6.840055,40.313723],[-6.834692,40.314476],[-6.8323,40.317352],[-6.826556,40.318865],[-6.825621,40.320777],[-6.824113,40.322773],[-6.821664,40.322347],[-6.816978,40.325299],[-6.803997,40.324437],[-6.80226,40.32538],[-6.794967,40.328436],[-6.79055,40.335523],[-6.793443,40.355922],[-6.789569,40.359955],[-6.781024,40.364658],[-6.781706,40.365777],[-6.784368,40.369923],[-6.793828,40.372516],[-6.798484,40.376794],[-6.809219,40.384182],[-6.809378,40.386247],[-6.809443,40.387091],[-6.810945,40.389064],[-6.821928,40.395642],[-6.834649,40.408012],[-6.834985,40.408566],[-6.840618,40.42109],[-6.845038,40.435913],[-6.849492,40.451852],[-6.83523,40.475406],[-6.822665,40.483161],[-6.817896,40.489712],[-6.817864,40.494883],[-6.813795,40.502405],[-6.806148,40.507032],[-6.795348,40.511775],[-6.797448,40.522429],[-6.80418,40.531185],[-6.805202,40.535951],[-6.805361,40.54077],[-6.802107,40.547701],[-6.800949,40.550355],[-6.804634,40.550437],[-6.805611,40.55489],[-6.806938,40.554626],[-6.807705,40.554474],[-6.819888,40.557342],[-6.82091,40.557604],[-6.828771,40.562179],[-6.830365,40.563107],[-6.845357,40.565954],[-6.841332,40.576604],[-6.838743,40.579034],[-6.837862,40.580942],[-6.838112,40.594235],[-6.833739,40.597862],[-6.825043,40.606135],[-6.81583,40.61764],[-6.814172,40.620115],[-6.807434,40.630827],[-6.799529,40.654357],[-6.798077,40.656243],[-6.794132,40.661371],[-6.805464,40.668745],[-6.801741,40.677953],[-6.805559,40.693019],[-6.806839,40.69346],[-6.806995,40.697874],[-6.810941,40.701521],[-6.812869,40.707114],[-6.811041,40.71721],[-6.818197,40.725965],[-6.82463,40.729904],[-6.824909,40.737016],[-6.82839,40.738463],[-6.829645,40.740792],[-6.830489,40.742647],[-6.828788,40.744443],[-6.831156,40.752757],[-6.828007,40.761848],[-6.825936,40.767829],[-6.827748,40.776179],[-6.826924,40.779617],[-6.823832,40.786316],[-6.816929,40.797088],[-6.817081,40.80094],[-6.817191,40.803721],[-6.817538,40.807802],[-6.823682,40.817901],[-6.824301,40.826516],[-6.823389,40.831968],[-6.823383,40.83434],[-6.820989,40.833541],[-6.821191,40.836647],[-6.824063,40.840119],[-6.825973,40.840229],[-6.826148,40.842017],[-6.825218,40.844119],[-6.824533,40.844789],[-6.822689,40.843236],[-6.820949,40.843817],[-6.819077,40.842286],[-6.817736,40.842873],[-6.816262,40.843925],[-6.815086,40.842865],[-6.813588,40.842321],[-6.809284,40.844805],[-6.803002,40.845666],[-6.800335,40.848341],[-6.80056,40.848834],[-6.801603,40.851116],[-6.803872,40.857049],[-6.802814,40.859174],[-6.801997,40.860818],[-6.805197,40.865181],[-6.805014,40.867174],[-6.804772,40.8697],[-6.807795,40.879073],[-6.808924,40.882101],[-6.809592,40.882326],[-6.815452,40.881592],[-6.81941,40.881095],[-6.820913,40.882436],[-6.822508,40.884872],[-6.83034,40.885535],[-6.83848,40.890517],[-6.84275,40.897533],[-6.848902,40.902619],[-6.84907,40.903331],[-6.847643,40.924565],[-6.853232,40.931214],[-6.852458,40.936365],[-6.859131,40.949726],[-6.8669,40.957647],[-6.875521,40.960905],[-6.878812,40.966327],[-6.88911,40.97608],[-6.890413,40.981092],[-6.903531,40.98973],[-6.907033,40.995826],[-6.90881,40.99892],[-6.921579,41.002481],[-6.924653,41.010969],[-6.931633,41.01681],[-6.930985,41.019018],[-6.93039,41.026351],[-6.931357,41.029411],[-6.95805,41.030908],[-6.965624,41.035954],[-6.969019,41.036354],[-6.975979,41.033608],[-6.984582,41.02565],[-6.991968,41.025005],[-6.995059,41.027556],[-6.994111,41.031628],[-6.998004,41.036647],[-7.003652,41.03647],[-7.012637,41.041369],[-7.019162,41.038878],[-7.027062,41.038223],[-7.043135,41.04411],[-7.050468,41.048635],[-7.051225,41.057242],[-7.058247,41.062982],[-7.083145,41.074858],[-7.101457,41.08007],[-7.105597,41.09086],[-7.102383,41.104677],[-7.093025,41.11176],[-7.085189,41.12106],[-7.083856,41.125999],[-7.087127,41.131397],[-7.096733,41.134997],[-7.107885,41.136128],[-7.123264,41.134338],[-7.127275,41.135143],[-7.130137,41.137638],[-7.130223,41.141782],[-7.127963,41.144499],[-7.118929,41.146909],[-7.114666,41.150824],[-7.112774,41.17589],[-7.117357,41.179213],[-7.121489,41.178728],[-7.125656,41.17623],[-7.128361,41.165789],[-7.132417,41.160327],[-7.147539,41.156504],[-7.1505,41.154029],[-7.158734,41.143033],[-7.160645,41.137659],[-7.16054,41.128861],[-7.163955,41.126086],[-7.173493,41.127332],[-7.192667,41.126649],[-7.197972,41.128488],[-7.201715,41.132826],[-7.20921,41.136043],[-7.225519,41.136736],[-7.249504,41.145],[-7.268733,41.142321],[-7.281671,41.135498],[-7.296799,41.139374],[-7.304573,41.139525]]],[[[-9.5055,39.419989],[-9.506906,39.421063],[-9.508655,39.419035],[-9.50956,39.420605],[-9.507858,39.416039],[-9.51237,39.418909],[-9.512974,39.414926],[-9.515417,39.4125],[-9.510546,39.411453],[-9.511172,39.412575],[-9.50927,39.412351],[-9.502556,39.417083],[-9.5055,39.419989]]],[[[-8.719556,40.665],[-8.716639,40.662889],[-8.712944,40.664139],[-8.712944,40.6675],[-8.716667,40.672028],[-8.718778,40.670833],[-8.719556,40.665]]],[[[-8.857083,40.145],[-8.851278,40.140833],[-8.851278,40.1375],[-8.847583,40.132861],[-8.84,40.125417],[-8.835833,40.12375],[-8.818389,40.123722],[-8.813389,40.126222],[-8.805861,40.127083],[-8.802944,40.13],[-8.802944,40.131639],[-8.808361,40.136222],[-8.814167,40.137056],[-8.832556,40.143778],[-8.841722,40.14625],[-8.847556,40.14625],[-8.851639,40.144528],[-8.855,40.147056],[-8.856722,40.147056],[-8.857083,40.145]]]]},"properties":{"key":"CENTRO","countryCode":"PRT"}},{"type":"Feature","geometry":{"type":"MultiPolygon","coordinates":[[[[-9.340576,39.291935],[-9.341465,39.290414],[-9.33625,39.2875],[-9.335417,39.284194],[-9.335417,39.264972],[-9.341266,39.244944],[-9.338806,39.237472],[-9.340378,39.225503],[-9.344236,39.214141],[-9.346316,39.213222],[-9.346198,39.204375],[-9.355855,39.183513],[-9.358404,39.181728],[-9.356343,39.178764],[-9.356864,39.177253],[-9.359162,39.177316],[-9.358023,39.176044],[-9.359652,39.170844],[-9.366803,39.16146],[-9.374985,39.145609],[-9.393908,39.121521],[-9.392705,39.117823],[-9.394512,39.112125],[-9.413005,39.090313],[-9.421277,39.075754],[-9.41625,39.065806],[-9.415258,39.057013],[-9.417521,39.051551],[-9.416117,39.043182],[-9.419599,39.035928],[-9.418753,39.03236],[-9.424262,39.022672],[-9.421874,39.011957],[-9.42675,39.008886],[-9.42509,39.004882],[-9.427561,39.003479],[-9.424466,38.999544],[-9.425164,38.994621],[-9.419217,38.987156],[-9.42265,38.979369],[-9.420341,38.976629],[-9.421429,38.969806],[-9.419917,38.965908],[-9.422655,38.963892],[-9.419831,38.965032],[-9.418828,38.963084],[-9.420354,38.960912],[-9.415779,38.95896],[-9.415919,38.956176],[-9.417457,38.956044],[-9.415239,38.949355],[-9.415699,38.944252],[-9.419784,38.938147],[-9.419641,38.932563],[-9.42361,38.926979],[-9.426001,38.91883],[-9.431384,38.91178],[-9.435502,38.90049],[-9.434787,38.896936],[-9.436457,38.897938],[-9.439227,38.893665],[-9.439382,38.887299],[-9.444137,38.879972],[-9.444198,38.874582],[-9.451365,38.867083],[-9.449229,38.863936],[-9.450607,38.860157],[-9.462382,38.840315],[-9.467161,38.835754],[-9.470238,38.826566],[-9.473148,38.824508],[-9.476371,38.81634],[-9.480394,38.810379],[-9.48431,38.807667],[-9.484534,38.802433],[-9.489471,38.800633],[-9.489796,38.795087],[-9.493667,38.793899],[-9.491931,38.79272],[-9.493499,38.792654],[-9.492308,38.79029],[-9.496535,38.788075],[-9.495692,38.785869],[-9.500422,38.780821],[-9.498097,38.776848],[-9.493342,38.775514],[-9.49494,38.769386],[-9.493487,38.766266],[-9.493153,38.767291],[-9.490923,38.765971],[-9.491196,38.762981],[-9.487793,38.762409],[-9.487054,38.760649],[-9.4847,38.761572],[-9.483777,38.757348],[-9.478503,38.756038],[-9.478861,38.754469],[-9.476343,38.75476],[-9.477267,38.753134],[-9.474052,38.753459],[-9.473088,38.751771],[-9.474393,38.75079],[-9.471919,38.749968],[-9.473319,38.743837],[-9.471972,38.741498],[-9.473759,38.740344],[-9.472123,38.73672],[-9.475463,38.729201],[-9.477132,38.728709],[-9.477202,38.724556],[-9.479785,38.723032],[-9.47907,38.720253],[-9.484499,38.714932],[-9.486048,38.707884],[-9.482535,38.705203],[-9.479724,38.70503],[-9.480451,38.704027],[-9.477469,38.701838],[-9.475096,38.702213],[-9.467028,38.699086],[-9.460261,38.695086],[-9.444885,38.694577],[-9.4397,38.695765],[-9.430232,38.689911],[-9.430167,38.690822],[-9.426828,38.689374],[-9.420819,38.69006],[-9.421364,38.691719],[-9.419583,38.690806],[-9.419956,38.696382],[-9.417839,38.697061],[-9.417031,38.700079],[-9.410208,38.701864],[-9.408513,38.701139],[-9.405775,38.70364],[-9.39912,38.702515],[-9.398869,38.701025],[-9.397997,38.702071],[-9.392178,38.702026],[-9.38775,38.698983],[-9.373323,38.69375],[-9.372377,38.692066],[-9.370797,38.693748],[-9.366298,38.69202],[-9.358401,38.686348],[-9.34992,38.684002],[-9.346755,38.680723],[-9.342785,38.68168],[-9.335712,38.679695],[-9.326926,38.676025],[-9.327008,38.67432],[-9.323824,38.673147],[-9.322762,38.675897],[-9.316571,38.6764],[-9.31388,38.684022],[-9.305279,38.684622],[-9.2982,38.689732],[-9.293475,38.690591],[-9.289241,38.695627],[-9.280583,38.6987],[-9.276052,38.696972],[-9.25716,38.699976],[-9.251165,38.698512],[-9.25126,38.697488],[-9.249519,38.699219],[-9.238991,38.698199],[-9.23558,38.694928],[-9.232187,38.696091],[-9.220861,38.688722],[-9.216667,38.687944],[-9.202528,38.692944],[-9.180833,38.696222],[-9.160833,38.702111],[-9.151722,38.703722],[-9.145861,38.702861],[-9.122528,38.710389],[-9.100417,38.734167],[-9.096278,38.743306],[-9.094611,38.753333],[-9.095444,38.78],[-9.092917,38.7975],[-9.089611,38.8025],[-9.087889,38.819139],[-9.077083,38.834139],[-9.067083,38.854167],[-9.058361,38.862083],[-9.046667,38.867056],[-9.039194,38.872056],[-9.031667,38.880417],[-9.022944,38.886639],[-9.020472,38.893333],[-9.021278,38.903306],[-9.006278,38.924194],[-9.001278,38.935806],[-8.981667,38.959583],[-8.970028,38.965417],[-8.958806,38.974972],[-8.95125,38.987444],[-8.948806,38.995806],[-8.945806,38.997056],[-8.94375,38.992472],[-8.94625,38.98],[-8.9575,38.967889],[-8.9775,38.957917],[-8.982917,38.9525],[-8.993778,38.935778],[-8.994583,38.928333],[-8.990417,38.915806],[-8.990417,38.908306],[-8.995472,38.900028],[-8.996278,38.891667],[-8.992528,38.887889],[-8.985861,38.885417],[-8.980444,38.879139],[-8.979639,38.869972],[-8.985444,38.863333],[-8.98625,38.850806],[-8.98375,38.844111],[-8.974167,38.832083],[-8.969194,38.832083],[-8.959972,38.842056],[-8.949583,38.846667],[-8.955059,38.842477],[-8.945349,38.848174],[-8.932929,38.868047],[-8.919249,38.879256],[-8.911379,38.888327],[-8.910063,38.89447],[-8.911955,38.899826],[-8.911263,38.903355],[-8.903543,38.914824],[-8.894199,38.920885],[-8.891285,38.925111],[-8.890677,38.927872],[-8.894303,38.933219],[-8.891389,38.94448],[-8.885564,38.948077],[-8.870033,38.951036],[-8.850669,38.959889],[-8.852211,38.963435],[-8.876861,38.969534],[-8.878367,38.971754],[-8.876666,38.974839],[-8.863226,38.979969],[-8.864758,38.989339],[-8.860424,38.998363],[-8.848629,39.008514],[-8.847102,39.01382],[-8.841672,39.016606],[-8.8424,39.018815],[-8.847677,39.01849],[-8.860769,39.025464],[-8.860695,39.028656],[-8.844482,39.029925],[-8.825594,39.027801],[-8.818582,39.029293],[-8.814759,39.032455],[-8.808492,39.045077],[-8.800974,39.053899],[-8.794187,39.056953],[-8.781861,39.058387],[-8.793753,39.079582],[-8.805184,39.090507],[-8.80406,39.090983],[-8.805429,39.092203],[-8.797815,39.09576],[-8.804063,39.099175],[-8.80756,39.104484],[-8.819839,39.112078],[-8.821593,39.110852],[-8.82576,39.115592],[-8.829683,39.1119],[-8.835798,39.113297],[-8.845233,39.116523],[-8.860365,39.128281],[-8.868035,39.128615],[-8.873116,39.132281],[-8.879225,39.141258],[-8.881654,39.148975],[-8.887625,39.153625],[-8.889838,39.153164],[-8.892421,39.157939],[-8.898198,39.159764],[-8.898633,39.16198],[-8.904485,39.162491],[-8.906965,39.166475],[-8.909125,39.166347],[-8.912684,39.170163],[-8.912978,39.174559],[-8.901213,39.17147],[-8.897062,39.173356],[-8.893435,39.176754],[-8.891464,39.183363],[-8.884292,39.186826],[-8.871836,39.187527],[-8.860434,39.182556],[-8.855206,39.178681],[-8.846787,39.18309],[-8.841503,39.180574],[-8.841327,39.182017],[-8.839751,39.181448],[-8.840105,39.183123],[-8.837784,39.182533],[-8.838355,39.183782],[-8.835022,39.183923],[-8.835525,39.184939],[-8.826523,39.185893],[-8.825853,39.188517],[-8.82244,39.189579],[-8.818926,39.194709],[-8.820733,39.204809],[-8.829353,39.215467],[-8.832793,39.223194],[-8.835338,39.225299],[-8.842902,39.223768],[-8.851543,39.228028],[-8.862259,39.230442],[-8.872234,39.241983],[-8.876998,39.251702],[-8.887339,39.249286],[-8.89078,39.249752],[-8.893705,39.24861],[-8.895898,39.244776],[-8.903097,39.243473],[-8.907845,39.244352],[-8.905678,39.240009],[-8.911586,39.234913],[-8.919772,39.240797],[-8.925275,39.237517],[-8.928506,39.239317],[-8.937404,39.239883],[-8.938891,39.242084],[-8.950568,39.247192],[-8.962708,39.255467],[-8.981314,39.249381],[-8.983887,39.253524],[-8.975224,39.287136],[-8.98007,39.288434],[-8.983657,39.286909],[-8.986571,39.29008],[-8.990111,39.29053],[-8.992646,39.296701],[-8.994503,39.296697],[-8.998166,39.296473],[-9.003926,39.291428],[-9.010569,39.291774],[-9.011052,39.293051],[-9.015418,39.29404],[-9.026488,39.293197],[-9.030957,39.303396],[-9.03938,39.310286],[-9.045698,39.31135],[-9.050815,39.310108],[-9.055817,39.311987],[-9.057805,39.309493],[-9.063666,39.307746],[-9.066403,39.309854],[-9.07369,39.302174],[-9.072184,39.299401],[-9.084952,39.296456],[-9.084785,39.295216],[-9.090355,39.293399],[-9.092733,39.29015],[-9.10118,39.289696],[-9.105161,39.284966],[-9.105959,39.278889],[-9.108516,39.276141],[-9.112945,39.273193],[-9.11439,39.273764],[-9.115224,39.272287],[-9.11846,39.272605],[-9.121189,39.270932],[-9.121043,39.269032],[-9.12307,39.268656],[-9.123031,39.262951],[-9.120736,39.26104],[-9.12245,39.259083],[-9.12107,39.256919],[-9.123614,39.254222],[-9.122543,39.25187],[-9.124762,39.2487],[-9.126944,39.248328],[-9.126311,39.245281],[-9.131962,39.244617],[-9.132291,39.241401],[-9.13575,39.241075],[-9.137681,39.23437],[-9.143125,39.22903],[-9.146025,39.22932],[-9.148489,39.2325],[-9.151848,39.233472],[-9.159536,39.221546],[-9.164255,39.222695],[-9.172394,39.221407],[-9.171715,39.219642],[-9.177993,39.211577],[-9.18305,39.212653],[-9.185589,39.214981],[-9.188033,39.220544],[-9.186494,39.226968],[-9.19378,39.230153],[-9.198811,39.234762],[-9.20239,39.247682],[-9.19728,39.249824],[-9.195949,39.25392],[-9.19708,39.25877],[-9.191135,39.267054],[-9.18702,39.268861],[-9.188217,39.273511],[-9.191887,39.275263],[-9.196534,39.281089],[-9.199787,39.297665],[-9.203356,39.300593],[-9.200478,39.302316],[-9.214617,39.303803],[-9.217554,39.301902],[-9.218791,39.304447],[-9.2239,39.30694],[-9.225982,39.304898],[-9.22783,39.30629],[-9.234513,39.305258],[-9.236998,39.306505],[-9.245393,39.304916],[-9.247454,39.308772],[-9.250662,39.308638],[-9.250231,39.310127],[-9.252564,39.310168],[-9.25561,39.317729],[-9.261444,39.314042],[-9.262977,39.315186],[-9.271358,39.308753],[-9.276281,39.308341],[-9.277894,39.301066],[-9.288139,39.297656],[-9.288234,39.293792],[-9.290488,39.293063],[-9.290879,39.29028],[-9.295404,39.286971],[-9.296939,39.283459],[-9.30708,39.289813],[-9.310856,39.289187],[-9.311122,39.290604],[-9.317438,39.28875],[-9.317384,39.290902],[-9.336139,39.292825],[-9.340576,39.291935]]],[[[-9.005028,38.859583],[-8.992528,38.861222],[-8.988722,38.865],[-8.98625,38.871639],[-8.997944,38.8825],[-9,38.887056],[-9.005833,38.88625],[-9.012111,38.880806],[-9.022944,38.861639],[-9.021694,38.858722],[-9.015833,38.858722],[-9.012556,38.860389],[-9.005028,38.859583]]],[[[-9.003333,38.920417],[-9.01125,38.913306],[-9.014167,38.884583],[-9.011667,38.884583],[-9.005444,38.890028],[-8.999639,38.904139],[-8.996278,38.915806],[-8.997083,38.9225],[-9,38.923722],[-9.003333,38.920417]]],[[[-8.997083,38.885833],[-8.993333,38.881194],[-8.9825,38.87375],[-8.98125,38.877472],[-8.985861,38.882917],[-8.995028,38.88875],[-8.997083,38.885833]]],[[[-9.084583,38.811667],[-9.081667,38.81125],[-9.0775,38.813722],[-9.075,38.817889],[-9.071639,38.81875],[-9.056667,38.832889],[-9.047528,38.837889],[-9.043806,38.841667],[-9.041306,38.846639],[-9.040444,38.855],[-9.031306,38.865806],[-9.028361,38.875417],[-9.032528,38.874556],[-9.038333,38.867056],[-9.052528,38.862083],[-9.060417,38.856639],[-9.071222,38.836667],[-9.077944,38.830833],[-9.082917,38.823333],[-9.084583,38.811667]]],[[[-8.639114,38.549491],[-8.640916,38.567473],[-8.645281,38.573359],[-8.648219,38.57732],[-8.649668,38.582795],[-8.653614,38.597708],[-8.654775,38.598846],[-8.658323,38.602323],[-8.656532,38.607813],[-8.652901,38.610866],[-8.65347,38.612272],[-8.650583,38.612662],[-8.647787,38.613039],[-8.636709,38.620373],[-8.634035,38.624917],[-8.632167,38.628091],[-8.624401,38.632052],[-8.621462,38.633551],[-8.613373,38.643618],[-8.612545,38.644649],[-8.612465,38.644658],[-8.611452,38.644772],[-8.601534,38.645885],[-8.601521,38.645886],[-8.590656,38.65405],[-8.577399,38.667623],[-8.578218,38.669656],[-8.579001,38.671598],[-8.567292,38.677911],[-8.566747,38.677893],[-8.558586,38.677627],[-8.556626,38.679059],[-8.552327,38.682199],[-8.544654,38.684499],[-8.540711,38.685681],[-8.540535,38.686641],[-8.540145,38.688763],[-8.533492,38.691071],[-8.531215,38.691861],[-8.525361,38.700814],[-8.520043,38.708947],[-8.513231,38.711291],[-8.501018,38.715495],[-8.502068,38.717316],[-8.502536,38.718127],[-8.501949,38.719587],[-8.500893,38.722213],[-8.506688,38.727863],[-8.507825,38.727794],[-8.509144,38.727713],[-8.511356,38.732398],[-8.510841,38.736067],[-8.505593,38.745864],[-8.491947,38.75447],[-8.491734,38.754604],[-8.490972,38.761311],[-8.495265,38.761964],[-8.501532,38.762917],[-8.514514,38.764891],[-8.520197,38.763131],[-8.524556,38.761781],[-8.546798,38.763436],[-8.54815,38.762749],[-8.555039,38.767596],[-8.557444,38.769289],[-8.560496,38.769507],[-8.566578,38.769942],[-8.570732,38.771389],[-8.572416,38.771975],[-8.577928,38.771894],[-8.581496,38.769072],[-8.584501,38.766696],[-8.59651,38.771611],[-8.59828,38.774812],[-8.598827,38.775801],[-8.600516,38.776116],[-8.60722,38.777364],[-8.609846,38.781556],[-8.609882,38.781613],[-8.610014,38.781654],[-8.612791,38.782507],[-8.6125,38.785963],[-8.608149,38.789536],[-8.605354,38.79183],[-8.604457,38.796294],[-8.603972,38.801267],[-8.604852,38.803525],[-8.606712,38.808297],[-8.604942,38.817225],[-8.603846,38.822754],[-8.604991,38.824665],[-8.606036,38.826409],[-8.603028,38.828135],[-8.600291,38.829705],[-8.595698,38.837829],[-8.596111,38.841277],[-8.609828,38.839235],[-8.610468,38.83914],[-8.612166,38.838887],[-8.613622,38.837613],[-8.618205,38.833603],[-8.626363,38.831445],[-8.629307,38.830666],[-8.629811,38.827461],[-8.630662,38.822053],[-8.636384,38.816076],[-8.637975,38.814414],[-8.638401,38.812582],[-8.639147,38.809378],[-8.647906,38.809493],[-8.649223,38.810068],[-8.654764,38.812486],[-8.65579,38.812398],[-8.658524,38.812165],[-8.670008,38.821884],[-8.670697,38.822467],[-8.672016,38.822537],[-8.676516,38.822776],[-8.685982,38.826556],[-8.693504,38.836066],[-8.696925,38.840391],[-8.708031,38.845423],[-8.707103,38.844875],[-8.703998,38.84304],[-8.704002,38.839961],[-8.709354,38.825885],[-8.717265,38.815406],[-8.733884,38.793391],[-8.743882,38.777451],[-8.747929,38.756567],[-8.748759,38.752285],[-8.748976,38.751861],[-8.750691,38.748513],[-8.753605,38.742824],[-8.758959,38.740957],[-8.769002,38.737455],[-8.779132,38.733923],[-8.791582,38.734122],[-8.799107,38.739622],[-8.801854,38.74163],[-8.810296,38.740119],[-8.810299,38.740123],[-8.813469,38.744745],[-8.814086,38.745645],[-8.824099,38.754281],[-8.833408,38.761049],[-8.839329,38.761778],[-8.85085,38.758495],[-8.852428,38.757143],[-8.856053,38.754037],[-8.860348,38.752501],[-8.865988,38.750485],[-8.866757,38.74968],[-8.868426,38.747933],[-8.875153,38.747045],[-8.875822,38.746957],[-8.880332,38.74542],[-8.892315,38.741336],[-8.894124,38.742882],[-8.89681,38.745177],[-8.90217,38.745252],[-8.903951,38.746911],[-8.908298,38.741939],[-8.907517,38.736327],[-8.90544,38.734704],[-8.901363,38.734414],[-8.899402,38.734274],[-8.898955,38.732069],[-8.901967,38.732097],[-8.905081,38.732127],[-8.908627,38.73216],[-8.911597,38.734919],[-8.912803,38.742205],[-8.913223,38.744743],[-8.923015,38.750125],[-8.923969,38.750649],[-8.923972,38.750737],[-8.924232,38.75786],[-8.926033,38.760616],[-8.926694,38.759583],[-8.929167,38.761222],[-8.946639,38.764556],[-8.968361,38.76125],[-8.969096,38.758047],[-8.953914,38.762473],[-8.953631,38.760109],[-8.972735,38.753661],[-8.984139,38.747056],[-9.004194,38.742111],[-9.01625,38.735],[-9.015806,38.732083],[-9.012528,38.732083],[-9.009407,38.734135],[-9.0075,38.735389],[-9.008361,38.732889],[-9.010389,38.731881],[-9.013333,38.730417],[-9.021722,38.729556],[-9.025079,38.727324],[-9.024077,38.725735],[-9.03653,38.721624],[-9.044649,38.716031],[-9.047562,38.708311],[-9.049085,38.690444],[-9.046694,38.691222],[-9.045048,38.693221],[-9.039167,38.700361],[-9.033361,38.702083],[-9.02316,38.701545],[-9.017556,38.70125],[-9.014795,38.702433],[-9.011722,38.70375],[-9.008987,38.703049],[-9.008388,38.702896],[-9.005,38.702028],[-8.982556,38.702889],[-8.982183,38.701851],[-8.981667,38.700417],[-8.976907,38.701074],[-8.975833,38.701222],[-8.97475,38.700671],[-8.970861,38.698694],[-8.963333,38.697889],[-8.96205,38.695002],[-8.96,38.690389],[-8.964291,38.696126],[-8.965028,38.697111],[-8.975028,38.698694],[-8.980444,38.692472],[-8.981306,38.689139],[-8.979556,38.684003],[-8.97875,38.681639],[-8.980861,38.680389],[-8.98125,38.684972],[-8.981716,38.685575],[-8.984167,38.68875],[-8.994167,38.691278],[-8.999194,38.689556],[-8.999528,38.688015],[-8.999639,38.6875],[-8.996278,38.683306],[-8.999194,38.682056],[-8.997944,38.684111],[-9.002138,38.688342],[-9.004194,38.690417],[-9.008361,38.689556],[-9.015444,38.678361],[-9.01625,38.673306],[-9.007111,38.667472],[-9.007111,38.660847],[-9.007111,38.659972],[-9.003333,38.657917],[-9.006667,38.657917],[-9.010019,38.66261],[-9.010833,38.66375],[-9.01226,38.663968],[-9.021722,38.665417],[-9.029357,38.668771],[-9.035,38.67125],[-9.03625,38.665],[-9.038794,38.661767],[-9.039222,38.661222],[-9.039175,38.66174],[-9.038806,38.665806],[-9.04136,38.665144],[-9.043417,38.664611],[-9.04625,38.67],[-9.044998,38.676849],[-9.044194,38.68125],[-9.047556,38.68125],[-9.053145,38.678347],[-9.068361,38.670444],[-9.070781,38.670435],[-9.074897,38.670421],[-9.071553,38.668331],[-9.070314,38.667557],[-9.071805,38.667037],[-9.071951,38.667245],[-9.073007,38.668752],[-9.072846,38.667175],[-9.075677,38.667607],[-9.074981,38.666224],[-9.074844,38.665951],[-9.079593,38.664684],[-9.089546,38.662029],[-9.092556,38.658112],[-9.093816,38.659102],[-9.09428,38.657233],[-9.090889,38.657889],[-9.090028,38.656222],[-9.087528,38.656222],[-9.087169,38.657275],[-9.086667,38.65875],[-9.085417,38.6575],[-9.085488,38.657361],[-9.087111,38.654167],[-9.085056,38.65125],[-9.078313,38.651593],[-9.069222,38.652056],[-9.067111,38.650806],[-9.067244,38.649608],[-9.068778,38.635806],[-9.065833,38.634556],[-9.064643,38.635385],[-9.063361,38.636278],[-9.062115,38.633924],[-9.061361,38.6325],[-9.056278,38.629111],[-9.057139,38.618306],[-9.053,38.610806],[-9.053197,38.605618],[-9.053333,38.602056],[-9.0675,38.620417],[-9.071222,38.618306],[-9.071667,38.612917],[-9.073778,38.614972],[-9.073778,38.619167],[-9.06875,38.625],[-9.069173,38.629362],[-9.069194,38.629583],[-9.069341,38.629613],[-9.081667,38.632083],[-9.079556,38.634139],[-9.08,38.63625],[-9.086722,38.637917],[-9.091306,38.636667],[-9.09,38.642889],[-9.084058,38.642382],[-9.080889,38.642111],[-9.077083,38.645833],[-9.080028,38.649528],[-9.082583,38.649528],[-9.085056,38.647083],[-9.098197,38.650374],[-9.099736,38.648283],[-9.101765,38.651031],[-9.102917,38.647472],[-9.106722,38.647056],[-9.110444,38.641611],[-9.110027,38.626539],[-9.109972,38.624556],[-9.115606,38.637373],[-9.115833,38.637889],[-9.124167,38.642056],[-9.1275,38.642056],[-9.128878,38.643419],[-9.130056,38.644583],[-9.134222,38.642917],[-9.14,38.64375],[-9.144583,38.638306],[-9.144583,38.643306],[-9.148306,38.642889],[-9.14875,38.644139],[-9.140889,38.648722],[-9.138389,38.64875],[-9.137083,38.65],[-9.137972,38.652528],[-9.135,38.654583],[-9.131694,38.655444],[-9.127528,38.653722],[-9.122153,38.648903],[-9.119194,38.64625],[-9.115833,38.64625],[-9.105251,38.65142],[-9.119116,38.652431],[-9.129211,38.655856],[-9.128496,38.657642],[-9.130215,38.65642],[-9.133076,38.657519],[-9.138481,38.659595],[-9.141219,38.6669],[-9.141715,38.668223],[-9.141888,38.666888],[-9.142063,38.665532],[-9.14368,38.666797],[-9.143682,38.666799],[-9.143682,38.666797],[-9.143702,38.665514],[-9.146931,38.666214],[-9.146569,38.66686],[-9.14603,38.667821],[-9.147204,38.668022],[-9.148337,38.668216],[-9.152972,38.675],[-9.149611,38.679167],[-9.149639,38.6825],[-9.146637,38.685502],[-9.14612,38.686019],[-9.147135,38.686799],[-9.145657,38.686852],[-9.14702,38.688215],[-9.151696,38.686921],[-9.180065,38.679074],[-9.194393,38.678151],[-9.197899,38.677925],[-9.202871,38.678881],[-9.213743,38.676454],[-9.220364,38.674976],[-9.222568,38.675683],[-9.223318,38.675923],[-9.225568,38.675421],[-9.23444,38.673439],[-9.238109,38.674271],[-9.241548,38.672556],[-9.242197,38.672232],[-9.242757,38.671341],[-9.244723,38.668211],[-9.246371,38.667709],[-9.246705,38.667607],[-9.24954,38.670113],[-9.247699,38.667589],[-9.248802,38.666496],[-9.249732,38.665574],[-9.252539,38.665334],[-9.255871,38.665049],[-9.25441,38.666039],[-9.258248,38.663558],[-9.258729,38.663248],[-9.259188,38.662951],[-9.26297,38.662724],[-9.256383,38.660384],[-9.251626,38.656324],[-9.248022,38.653248],[-9.246722,38.651546],[-9.247355,38.651135],[-9.247976,38.650731],[-9.247235,38.650989],[-9.246634,38.651199],[-9.24477,38.648808],[-9.245213,38.648532],[-9.245976,38.648057],[-9.245149,38.648455],[-9.244649,38.648696],[-9.242869,38.646521],[-9.243291,38.646198],[-9.2442,38.645501],[-9.243017,38.645865],[-9.242668,38.645972],[-9.242494,38.64523],[-9.242006,38.643145],[-9.240716,38.643069],[-9.23979,38.643015],[-9.239557,38.641661],[-9.239311,38.640236],[-9.238554,38.640443],[-9.237958,38.640606],[-9.234517,38.636583],[-9.234979,38.6361],[-9.235338,38.635725],[-9.234407,38.635405],[-9.232338,38.634694],[-9.223454,38.622099],[-9.21713,38.613133],[-9.211941,38.605777],[-9.205586,38.589919],[-9.202944,38.583325],[-9.190922,38.560772],[-9.190676,38.56031],[-9.190218,38.558407],[-9.186704,38.543797],[-9.182951,38.528193],[-9.183102,38.522719],[-9.183596,38.504798],[-9.183979,38.490919],[-9.188841,38.47382],[-9.193951,38.462083],[-9.195295,38.460629],[-9.199011,38.456607],[-9.198948,38.455208],[-9.198881,38.453714],[-9.200431,38.453008],[-9.201816,38.452377],[-9.201785,38.450999],[-9.201766,38.450183],[-9.202485,38.449959],[-9.205799,38.448929],[-9.207534,38.443641],[-9.210654,38.44062],[-9.210168,38.438559],[-9.209831,38.437127],[-9.216442,38.42925],[-9.218016,38.427375],[-9.217313,38.426444],[-9.214869,38.423207],[-9.218113,38.421982],[-9.218477,38.421845],[-9.218265,38.421132],[-9.217495,38.418535],[-9.218844,38.417906],[-9.220895,38.41695],[-9.21984,38.414845],[-9.222922,38.413873],[-9.203097,38.409643],[-9.198949,38.410316],[-9.194428,38.411049],[-9.193361,38.411222],[-9.192653,38.412285],[-9.188361,38.418722],[-9.18,38.422056],[-9.177556,38.427056],[-9.170861,38.43125],[-9.151177,38.429866],[-9.147353,38.429597],[-9.146898,38.429927],[-9.145583,38.430882],[-9.140608,38.430114],[-9.136452,38.429472],[-9.133015,38.431404],[-9.130142,38.433019],[-9.126981,38.43243],[-9.125573,38.432167],[-9.118028,38.433666],[-9.11797,38.433961],[-9.117111,38.438333],[-9.107452,38.442507],[-9.101781,38.441976],[-9.098729,38.441691],[-9.095386,38.441378],[-9.085406,38.437558],[-9.082386,38.436402],[-9.067225,38.435055],[-9.066957,38.435459],[-9.064222,38.439583],[-9.060831,38.439835],[-9.053361,38.440389],[-9.052755,38.440743],[-9.041912,38.447075],[-9.035699,38.448286],[-9.032316,38.447145],[-9.030427,38.446508],[-9.029633,38.447001],[-9.0175,38.454528],[-9.015926,38.454709],[-9.01,38.455389],[-8.999374,38.460713],[-8.996639,38.462083],[-8.985444,38.4725],[-8.98423,38.476233],[-8.981531,38.478629],[-8.981199,38.478924],[-8.980953,38.479142],[-8.980243,38.479222],[-8.971654,38.480193],[-8.969299,38.482639],[-8.968279,38.483699],[-8.960889,38.484837],[-8.953309,38.484364],[-8.943484,38.483752],[-8.933855,38.488372],[-8.932473,38.493408],[-8.930444,38.500806],[-8.926329,38.505326],[-8.928955,38.508323],[-8.924967,38.506822],[-8.921694,38.510417],[-8.916473,38.511558],[-8.914194,38.512056],[-8.912569,38.513387],[-8.910056,38.515444],[-8.8975,38.520389],[-8.888343,38.520389],[-8.887584,38.520389],[-8.887528,38.520389],[-8.886232,38.519938],[-8.868389,38.513722],[-8.863361,38.509556],[-8.859222,38.50875],[-8.852528,38.504556],[-8.842556,38.495389],[-8.824167,38.48375],[-8.816667,38.482083],[-8.812528,38.47875],[-8.809194,38.481194],[-8.805472,38.477472],[-8.810417,38.476694],[-8.808333,38.47375],[-8.793333,38.46875],[-8.785861,38.467889],[-8.780833,38.469583],[-8.770389,38.476667],[-8.776278,38.481667],[-8.777139,38.486639],[-8.775806,38.487889],[-8.773778,38.488306],[-8.774583,38.482472],[-8.7725,38.480389],[-8.765861,38.479583],[-8.762528,38.481222],[-8.756306,38.488306],[-8.754583,38.497472],[-8.755407,38.497755],[-8.758306,38.49875],[-8.761308,38.497592],[-8.763778,38.496639],[-8.763333,38.49875],[-8.760227,38.49875],[-8.760056,38.49875],[-8.757627,38.500462],[-8.757139,38.500806],[-8.757917,38.505833],[-8.76125,38.508361],[-8.760444,38.511667],[-8.764139,38.51625],[-8.770056,38.517083],[-8.7775,38.508722],[-8.779611,38.510806],[-8.771722,38.517889],[-8.768361,38.517861],[-8.767111,38.519194],[-8.7725,38.522056],[-8.775861,38.522056],[-8.78,38.520417],[-8.786667,38.512917],[-8.787684,38.512404],[-8.790028,38.511222],[-8.805472,38.507472],[-8.789311,38.513876],[-8.787528,38.514583],[-8.781306,38.522472],[-8.781667,38.52625],[-8.773361,38.524583],[-8.768333,38.525417],[-8.750889,38.537917],[-8.750417,38.544972],[-8.751524,38.548258],[-8.752944,38.552472],[-8.748493,38.551462],[-8.747556,38.55125],[-8.747111,38.554167],[-8.747897,38.555143],[-8.750444,38.558306],[-8.75125,38.562472],[-8.746722,38.563722],[-8.739194,38.569611],[-8.725833,38.572028],[-8.732472,38.568722],[-8.739194,38.567889],[-8.743311,38.564193],[-8.746962,38.560915],[-8.747083,38.560806],[-8.747095,38.560094],[-8.747111,38.559139],[-8.743833,38.558333],[-8.744583,38.550778],[-8.74125,38.545806],[-8.744611,38.5375],[-8.744583,38.531667],[-8.741333,38.523306],[-8.736556,38.520382],[-8.732528,38.517917],[-8.729167,38.51875],[-8.729611,38.520833],[-8.725889,38.522083],[-8.72,38.517083],[-8.71,38.520444],[-8.707972,38.519972],[-8.70952,38.517777],[-8.699714,38.523239],[-8.680125,38.542678],[-8.647618,38.548424],[-8.639114,38.549491]]],[[[-8.710814,38.517056],[-8.713389,38.517056],[-8.716667,38.514556],[-8.717654,38.51434],[-8.715931,38.514206],[-8.710814,38.517056]]],[[[-8.728837,38.515214],[-8.729194,38.515389],[-8.729334,38.515252],[-8.728837,38.515214]]],[[[-8.829583,38.479167],[-8.824194,38.473722],[-8.820861,38.472056],[-8.816278,38.472472],[-8.81925,38.477056],[-8.821722,38.477056],[-8.829194,38.481222],[-8.829583,38.479167]]],[[[-8.819611,38.479167],[-8.813778,38.476639],[-8.813778,38.478306],[-8.817556,38.481222],[-8.819222,38.481222],[-8.819611,38.479167]]],[[[-9.041278,38.683306],[-9.0375,38.682056],[-9.036694,38.687111],[-9.041278,38.683306]]],[[[-8.842139,38.491667],[-8.840028,38.489556],[-8.835444,38.489139],[-8.840028,38.492917],[-8.842139,38.491667]]],[[[-8.848778,38.480806],[-8.839194,38.473694],[-8.834167,38.47375],[-8.832139,38.475806],[-8.832111,38.480833],[-8.845056,38.491222],[-8.847083,38.489972],[-8.847111,38.486639],[-8.844639,38.482472],[-8.848333,38.483722],[-8.848778,38.480806]]]]},"properties":{"key":"LISBOA","countryCode":"PRT"}},{"type":"Feature","geometry":{"type":"MultiPolygon","coordinates":[[[[-7.825104,39.537365],[-7.828705,39.545199],[-7.824383,39.546258],[-7.821858,39.559326],[-7.815778,39.563986],[-7.808988,39.565783],[-7.812162,39.568188],[-7.810338,39.571136],[-7.816718,39.571954],[-7.815791,39.574944],[-7.818688,39.578391],[-7.816999,39.585528],[-7.819046,39.585554],[-7.819254,39.582516],[-7.820657,39.582438],[-7.821896,39.588705],[-7.827069,39.587045],[-7.827073,39.59211],[-7.83024,39.594476],[-7.8346,39.594104],[-7.8373,39.595533],[-7.832593,39.600196],[-7.84109,39.600308],[-7.838595,39.607649],[-7.847956,39.607567],[-7.849529,39.613083],[-7.847316,39.616799],[-7.850311,39.619503],[-7.847066,39.620095],[-7.848053,39.623261],[-7.855671,39.625107],[-7.861297,39.624058],[-7.86155,39.626584],[-7.858113,39.630827],[-7.861312,39.630418],[-7.862859,39.631913],[-7.864756,39.638337],[-7.867051,39.637583],[-7.86925,39.639143],[-7.871479,39.636004],[-7.875852,39.642626],[-7.880725,39.641447],[-7.881216,39.644532],[-7.887546,39.645132],[-7.889733,39.642604],[-7.892112,39.643386],[-7.894739,39.64799],[-7.889767,39.649409],[-7.892895,39.651918],[-7.892416,39.653175],[-7.895252,39.655329],[-7.899197,39.654062],[-7.902562,39.655744],[-7.897473,39.65887],[-7.900832,39.660122],[-7.903342,39.65943],[-7.905573,39.661842],[-7.911964,39.661667],[-7.908899,39.664283],[-7.911607,39.666443],[-7.915099,39.665614],[-7.914737,39.668444],[-7.920517,39.666898],[-7.927611,39.66767],[-7.926529,39.661107],[-7.931601,39.663572],[-7.93575,39.658288],[-7.939037,39.662141],[-7.949247,39.660978],[-7.954068,39.662796],[-7.957756,39.661452],[-7.959543,39.667107],[-7.954226,39.670765],[-7.956904,39.673755],[-7.956039,39.67722],[-7.95181,39.677814],[-7.949728,39.679729],[-7.953321,39.680506],[-7.951136,39.682336],[-7.95215,39.684086],[-7.950548,39.686623],[-7.954248,39.699174],[-7.955409,39.714275],[-7.953407,39.716947],[-7.955945,39.717722],[-7.954268,39.720607],[-7.957302,39.731239],[-7.95768,39.740727],[-7.96232,39.743781],[-7.970116,39.746009],[-7.973164,39.740495],[-7.972758,39.737942],[-7.983556,39.731405],[-7.98605,39.731524],[-7.986721,39.728933],[-7.990434,39.728462],[-7.993026,39.731904],[-7.999959,39.733511],[-7.999381,39.738692],[-8.001665,39.738683],[-8.004695,39.743336],[-8.012647,39.743979],[-8.023455,39.740213],[-8.02858,39.74244],[-8.033872,39.74244],[-8.033921,39.746506],[-8.037373,39.747834],[-8.039447,39.746673],[-8.03895,39.742724],[-8.043628,39.741538],[-8.041808,39.739083],[-8.045523,39.739856],[-8.046331,39.737005],[-8.049451,39.738724],[-8.051922,39.736063],[-8.055013,39.73599],[-8.055585,39.732088],[-8.053521,39.726144],[-8.050507,39.724065],[-8.05028,39.718461],[-8.05323,39.716305],[-8.054905,39.703494],[-8.056811,39.702669],[-8.058096,39.697992],[-8.061652,39.69672],[-8.06238,39.692632],[-8.059601,39.69024],[-8.060769,39.688654],[-8.058879,39.687923],[-8.057219,39.674372],[-8.060845,39.668351],[-8.071427,39.668744],[-8.074928,39.66382],[-8.073774,39.661163],[-8.078836,39.656998],[-8.073619,39.652346],[-8.0697,39.64449],[-8.070736,39.643542],[-8.065986,39.640004],[-8.068029,39.634723],[-8.064531,39.634261],[-8.053573,39.616506],[-8.069513,39.620825],[-8.084453,39.613987],[-8.090928,39.612775],[-8.096889,39.612713],[-8.100671,39.614245],[-8.102065,39.612897],[-8.109605,39.61349],[-8.114067,39.61529],[-8.117598,39.614319],[-8.120032,39.611625],[-8.126906,39.614703],[-8.134585,39.611285],[-8.14527,39.613982],[-8.148018,39.617105],[-8.150739,39.617565],[-8.151232,39.619797],[-8.153713,39.620166],[-8.15347,39.624133],[-8.162598,39.623961],[-8.162431,39.626439],[-8.164283,39.626686],[-8.174605,39.624551],[-8.180705,39.62946],[-8.189901,39.633235],[-8.195953,39.633472],[-8.208395,39.637133],[-8.218591,39.636591],[-8.222461,39.642518],[-8.23193,39.646453],[-8.235229,39.645093],[-8.237372,39.641755],[-8.232735,39.659246],[-8.228993,39.664813],[-8.229118,39.675521],[-8.232443,39.682827],[-8.229845,39.68792],[-8.230426,39.696058],[-8.225446,39.704433],[-8.226026,39.706283],[-8.228898,39.70699],[-8.232232,39.703748],[-8.234632,39.703537],[-8.238101,39.708506],[-8.237438,39.711224],[-8.233455,39.714547],[-8.235697,39.720595],[-8.23158,39.725596],[-8.237199,39.73036],[-8.237255,39.734309],[-8.233781,39.740256],[-8.227885,39.742881],[-8.22896,39.754216],[-8.232071,39.762799],[-8.235364,39.76568],[-8.243202,39.779078],[-8.251221,39.777265],[-8.263715,39.768672],[-8.266808,39.769657],[-8.269244,39.774777],[-8.27338,39.7726],[-8.281325,39.777063],[-8.284361,39.78179],[-8.281295,39.788588],[-8.285089,39.79576],[-8.290727,39.797494],[-8.304269,39.793217],[-8.316106,39.798996],[-8.322593,39.800786],[-8.32677,39.798993],[-8.332629,39.802945],[-8.335722,39.803353],[-8.335719,39.798357],[-8.333157,39.797885],[-8.325922,39.787821],[-8.325648,39.781023],[-8.327742,39.77975],[-8.32698,39.777344],[-8.329405,39.777065],[-8.33021,39.774763],[-8.324449,39.765694],[-8.328421,39.764511],[-8.329159,39.761987],[-8.332634,39.76097],[-8.338089,39.770043],[-8.344932,39.774427],[-8.347657,39.773646],[-8.350349,39.769762],[-8.361289,39.768461],[-8.36843,39.761129],[-8.373661,39.759113],[-8.375771,39.754705],[-8.380133,39.751922],[-8.385138,39.753377],[-8.392335,39.76035],[-8.404154,39.760309],[-8.414738,39.754646],[-8.418465,39.756045],[-8.42318,39.754178],[-8.423579,39.747876],[-8.426,39.747133],[-8.430607,39.741074],[-8.436576,39.738634],[-8.438773,39.739497],[-8.44035,39.737963],[-8.443915,39.73775],[-8.446656,39.733942],[-8.45275,39.730891],[-8.451462,39.737026],[-8.454723,39.739883],[-8.455099,39.7439],[-8.450809,39.749218],[-8.450611,39.754741],[-8.453582,39.757052],[-8.453511,39.759814],[-8.457832,39.763124],[-8.457181,39.765896],[-8.462573,39.773206],[-8.461863,39.781156],[-8.463991,39.783153],[-8.4629,39.785381],[-8.465441,39.793026],[-8.462393,39.804183],[-8.467258,39.806941],[-8.470399,39.817266],[-8.474189,39.820868],[-8.474417,39.834401],[-8.477954,39.838729],[-8.478597,39.836604],[-8.486851,39.830731],[-8.496005,39.828512],[-8.496839,39.826229],[-8.500983,39.823992],[-8.501167,39.817913],[-8.50644,39.81505],[-8.517497,39.82805],[-8.524212,39.827669],[-8.523355,39.825594],[-8.526648,39.816834],[-8.532181,39.814595],[-8.534904,39.810716],[-8.539462,39.808056],[-8.541078,39.802413],[-8.545457,39.798226],[-8.550971,39.796259],[-8.556627,39.791892],[-8.564992,39.791971],[-8.571357,39.787277],[-8.57518,39.787513],[-8.584775,39.779411],[-8.593831,39.777],[-8.604235,39.779929],[-8.604918,39.782033],[-8.60941,39.784384],[-8.610985,39.788505],[-8.614926,39.787692],[-8.622182,39.789634],[-8.63498,39.789888],[-8.640731,39.78532],[-8.647892,39.783488],[-8.651489,39.78095],[-8.668564,39.775219],[-8.676061,39.774232],[-8.6804,39.767774],[-8.678844,39.760469],[-8.681525,39.748522],[-8.679616,39.746757],[-8.67764,39.737873],[-8.67155,39.732631],[-8.672658,39.730335],[-8.664183,39.725059],[-8.66782,39.722707],[-8.675613,39.723597],[-8.679481,39.720463],[-8.680614,39.718347],[-8.679182,39.708868],[-8.673757,39.709821],[-8.655672,39.702611],[-8.640513,39.701311],[-8.632076,39.69553],[-8.63516,39.693724],[-8.637215,39.688067],[-8.642296,39.686753],[-8.643329,39.682785],[-8.646027,39.680452],[-8.641859,39.674304],[-8.649468,39.660644],[-8.661579,39.656911],[-8.671687,39.65107],[-8.676256,39.650846],[-8.677338,39.64687],[-8.68034,39.645268],[-8.683125,39.645942],[-8.687975,39.643168],[-8.701962,39.639962],[-8.700743,39.631535],[-8.691905,39.620509],[-8.687483,39.609912],[-8.689506,39.588784],[-8.685712,39.580874],[-8.685946,39.575247],[-8.677303,39.566566],[-8.6723,39.565086],[-8.671472,39.561758],[-8.688467,39.549772],[-8.690083,39.542136],[-8.69287,39.539782],[-8.695172,39.532347],[-8.697864,39.532813],[-8.700286,39.529665],[-8.703686,39.52861],[-8.705423,39.529575],[-8.714485,39.520785],[-8.728173,39.529779],[-8.733809,39.536256],[-8.737583,39.536935],[-8.74002,39.533906],[-8.741775,39.534079],[-8.742914,39.530625],[-8.746492,39.529122],[-8.743326,39.509682],[-8.736524,39.50024],[-8.732203,39.499101],[-8.73522,39.497811],[-8.733752,39.496354],[-8.73468,39.492541],[-8.732544,39.490088],[-8.733679,39.488231],[-8.731797,39.487634],[-8.732426,39.48422],[-8.730425,39.483943],[-8.731376,39.482419],[-8.729327,39.480024],[-8.73583,39.479358],[-8.735906,39.480513],[-8.738732,39.480636],[-8.741367,39.477669],[-8.747738,39.480172],[-8.755027,39.476318],[-8.759345,39.47574],[-8.765806,39.476328],[-8.771862,39.47897],[-8.789008,39.479123],[-8.802352,39.483009],[-8.818393,39.478003],[-8.846371,39.47253],[-8.863646,39.47547],[-8.881437,39.474354],[-8.885479,39.472393],[-8.892567,39.465251],[-8.903429,39.466004],[-8.923016,39.433279],[-8.932405,39.423241],[-8.934567,39.413055],[-8.940011,39.405661],[-8.945712,39.391037],[-8.953244,39.391433],[-8.957394,39.393159],[-8.965393,39.392454],[-8.968632,39.394276],[-8.974774,39.389967],[-8.97503,39.387758],[-8.983674,39.384766],[-8.984695,39.381841],[-8.991804,39.375754],[-8.991752,39.373045],[-8.998644,39.360881],[-8.99819,39.358047],[-9.001574,39.354637],[-9.00026,39.345937],[-8.998151,39.343301],[-8.99908,39.333203],[-8.996924,39.328484],[-8.986446,39.318767],[-8.994503,39.296697],[-8.992646,39.296701],[-8.990111,39.29053],[-8.986571,39.29008],[-8.983657,39.286909],[-8.98007,39.288434],[-8.975224,39.287136],[-8.983887,39.253524],[-8.981314,39.249381],[-8.962708,39.255467],[-8.950568,39.247192],[-8.938891,39.242084],[-8.937404,39.239883],[-8.928506,39.239317],[-8.925275,39.237517],[-8.919772,39.240797],[-8.911586,39.234913],[-8.905678,39.240009],[-8.907845,39.244352],[-8.903097,39.243473],[-8.895898,39.244776],[-8.893705,39.24861],[-8.89078,39.249752],[-8.887339,39.249286],[-8.876998,39.251702],[-8.872234,39.241983],[-8.862259,39.230442],[-8.851543,39.228028],[-8.842902,39.223768],[-8.835338,39.225299],[-8.832793,39.223194],[-8.829353,39.215467],[-8.820733,39.204809],[-8.818926,39.194709],[-8.82244,39.189579],[-8.825853,39.188517],[-8.826523,39.185893],[-8.835525,39.184939],[-8.835022,39.183923],[-8.838355,39.183782],[-8.837784,39.182533],[-8.840105,39.183123],[-8.839751,39.181448],[-8.841327,39.182017],[-8.841503,39.180574],[-8.846787,39.18309],[-8.855206,39.178681],[-8.860434,39.182556],[-8.871836,39.187527],[-8.884292,39.186826],[-8.891464,39.183363],[-8.893435,39.176754],[-8.897062,39.173356],[-8.901213,39.17147],[-8.912978,39.174559],[-8.912684,39.170163],[-8.909125,39.166347],[-8.906965,39.166475],[-8.904485,39.162491],[-8.898633,39.16198],[-8.898198,39.159764],[-8.892421,39.157939],[-8.889838,39.153164],[-8.887625,39.153625],[-8.881654,39.148975],[-8.879225,39.141258],[-8.873116,39.132281],[-8.868035,39.128615],[-8.860365,39.128281],[-8.845233,39.116523],[-8.835798,39.113297],[-8.829683,39.1119],[-8.82576,39.115592],[-8.821593,39.110852],[-8.819839,39.112078],[-8.80756,39.104484],[-8.804063,39.099175],[-8.797815,39.09576],[-8.805429,39.092203],[-8.80406,39.090983],[-8.805184,39.090507],[-8.793753,39.079582],[-8.781861,39.058387],[-8.794187,39.056953],[-8.800974,39.053899],[-8.808492,39.045077],[-8.814759,39.032455],[-8.818582,39.029293],[-8.825594,39.027801],[-8.844482,39.029925],[-8.860695,39.028656],[-8.860769,39.025464],[-8.847677,39.01849],[-8.8424,39.018815],[-8.841672,39.016606],[-8.847102,39.01382],[-8.848629,39.008514],[-8.860424,38.998363],[-8.864758,38.989339],[-8.863226,38.979969],[-8.876666,38.974839],[-8.878367,38.971754],[-8.876861,38.969534],[-8.852211,38.963435],[-8.850669,38.959889],[-8.870033,38.951036],[-8.885564,38.948077],[-8.891389,38.94448],[-8.894303,38.933219],[-8.890677,38.927872],[-8.891285,38.925111],[-8.894199,38.920885],[-8.903543,38.914824],[-8.911263,38.903355],[-8.911955,38.899826],[-8.910063,38.89447],[-8.911379,38.888327],[-8.919249,38.879256],[-8.932929,38.868047],[-8.945349,38.848174],[-8.955059,38.842477],[-8.963778,38.835806],[-8.964583,38.830833],[-8.96,38.823722],[-8.948361,38.817889],[-8.936306,38.806667],[-8.932083,38.791667],[-8.932083,38.778278],[-8.92375,38.767472],[-8.926033,38.760616],[-8.924232,38.75786],[-8.923969,38.750649],[-8.913223,38.744743],[-8.911597,38.734919],[-8.908627,38.73216],[-8.898955,38.732069],[-8.899402,38.734274],[-8.90544,38.734704],[-8.907517,38.736327],[-8.908298,38.741939],[-8.903951,38.746911],[-8.90217,38.745252],[-8.89681,38.745177],[-8.892315,38.741336],[-8.875822,38.746957],[-8.868426,38.747933],[-8.865988,38.750485],[-8.856053,38.754037],[-8.85085,38.758495],[-8.839329,38.761778],[-8.833408,38.761049],[-8.824099,38.754281],[-8.814086,38.745645],[-8.810296,38.740119],[-8.801854,38.74163],[-8.791582,38.734122],[-8.779132,38.733923],[-8.753605,38.742824],[-8.748759,38.752285],[-8.743882,38.777451],[-8.733884,38.793391],[-8.709354,38.825885],[-8.704002,38.839961],[-8.703998,38.84304],[-8.708031,38.845423],[-8.696925,38.840391],[-8.685982,38.826556],[-8.676516,38.822776],[-8.670697,38.822467],[-8.658524,38.812165],[-8.654764,38.812486],[-8.647906,38.809493],[-8.639147,38.809378],[-8.637975,38.814414],[-8.630662,38.822053],[-8.629307,38.830666],[-8.618205,38.833603],[-8.612166,38.838887],[-8.596111,38.841277],[-8.595698,38.837829],[-8.600291,38.829705],[-8.606036,38.826409],[-8.603846,38.822754],[-8.606712,38.808297],[-8.603972,38.801267],[-8.604457,38.796294],[-8.605354,38.79183],[-8.6125,38.785963],[-8.612791,38.782507],[-8.609882,38.781613],[-8.60722,38.777364],[-8.598827,38.775801],[-8.59651,38.771611],[-8.584501,38.766696],[-8.577928,38.771894],[-8.572416,38.771975],[-8.566578,38.769942],[-8.557444,38.769289],[-8.54815,38.762749],[-8.546798,38.763436],[-8.524556,38.761781],[-8.514514,38.764891],[-8.490972,38.761311],[-8.491734,38.754604],[-8.505593,38.745864],[-8.510841,38.736067],[-8.511356,38.732398],[-8.509144,38.727713],[-8.506688,38.727863],[-8.500893,38.722213],[-8.502536,38.718127],[-8.501018,38.715495],[-8.520043,38.708947],[-8.531215,38.691861],[-8.540145,38.688763],[-8.540711,38.685681],[-8.552327,38.682199],[-8.558586,38.677627],[-8.567292,38.677911],[-8.579001,38.671598],[-8.577399,38.667623],[-8.590656,38.65405],[-8.601521,38.645886],[-8.612545,38.644649],[-8.621462,38.633551],[-8.632167,38.628091],[-8.636709,38.620373],[-8.647787,38.613039],[-8.65347,38.612272],[-8.652901,38.610866],[-8.656532,38.607813],[-8.658323,38.602323],[-8.653614,38.597708],[-8.648219,38.57732],[-8.640916,38.567473],[-8.639114,38.549491],[-8.630514,38.549841],[-8.615685,38.553099],[-8.621904,38.551733],[-8.630514,38.549841],[-8.639113,38.549491],[-8.639114,38.549491],[-8.647618,38.548424],[-8.680125,38.542678],[-8.699714,38.523239],[-8.70952,38.517777],[-8.710028,38.517056],[-8.710814,38.517056],[-8.715931,38.514206],[-8.717654,38.51434],[-8.724167,38.512917],[-8.728837,38.515214],[-8.729334,38.515252],[-8.731306,38.513333],[-8.731295,38.512364],[-8.73125,38.508306],[-8.727944,38.499972],[-8.728806,38.483278],[-8.731278,38.479972],[-8.730861,38.477056],[-8.728389,38.477083],[-8.72625,38.481667],[-8.724013,38.483335],[-8.722972,38.484111],[-8.723873,38.481937],[-8.725389,38.478278],[-8.732972,38.473333],[-8.731694,38.470417],[-8.725417,38.470861],[-8.729583,38.469139],[-8.729583,38.465833],[-8.724583,38.459972],[-8.726306,38.451639],[-8.722972,38.449167],[-8.725,38.44875],[-8.728333,38.45375],[-8.730444,38.4525],[-8.730444,38.449972],[-8.726306,38.445833],[-8.727944,38.441667],[-8.719222,38.437861],[-8.717111,38.439139],[-8.717347,38.441277],[-8.717528,38.442917],[-8.714314,38.441533],[-8.711722,38.440417],[-8.681694,38.418722],[-8.662528,38.407917],[-8.657528,38.407028],[-8.654722,38.408188],[-8.653361,38.40875],[-8.630444,38.408333],[-8.636667,38.404583],[-8.650551,38.404033],[-8.651571,38.403993],[-8.658417,38.403722],[-8.670028,38.407889],[-8.675471,38.411055],[-8.685833,38.417083],[-8.695861,38.420361],[-8.702472,38.420389],[-8.711667,38.417083],[-8.733417,38.418722],[-8.740889,38.423722],[-8.747556,38.43125],[-8.755028,38.434583],[-8.759167,38.434583],[-8.765889,38.427056],[-8.769167,38.427917],[-8.773333,38.422889],[-8.776667,38.422083],[-8.770917,38.429583],[-8.764639,38.434139],[-8.765861,38.437056],[-8.77,38.438722],[-8.782528,38.439556],[-8.78375,38.436639],[-8.781278,38.434972],[-8.782972,38.434111],[-8.782917,38.430806],[-8.78625,38.43],[-8.786694,38.424556],[-8.791278,38.430806],[-8.785444,38.434111],[-8.785444,38.4375],[-8.793333,38.442889],[-8.800028,38.444556],[-8.808417,38.444583],[-8.815028,38.439556],[-8.815472,38.440806],[-8.81125,38.444972],[-8.812556,38.447056],[-8.816694,38.445389],[-8.819167,38.446194],[-8.819167,38.447917],[-8.825861,38.447917],[-8.826306,38.445806],[-8.81875,38.439972],[-8.809194,38.422889],[-8.80125,38.424139],[-8.808333,38.421222],[-8.811722,38.424556],[-8.814194,38.424556],[-8.814611,38.420778],[-8.811667,38.417917],[-8.800028,38.417083],[-8.798722,38.415778],[-8.809194,38.417056],[-8.810444,38.413333],[-8.805889,38.40875],[-8.801306,38.407472],[-8.802917,38.404167],[-8.8017,38.395351],[-8.801306,38.3925],[-8.799611,38.388306],[-8.79375,38.382472],[-8.795056,38.382056],[-8.8005,38.386639],[-8.802944,38.391639],[-8.802928,38.397177],[-8.802917,38.400778],[-8.807045,38.403299],[-8.807056,38.403306],[-8.807077,38.403347],[-8.810472,38.409944],[-8.815118,38.415303],[-8.822056,38.423306],[-8.827111,38.441694],[-8.830028,38.444556],[-8.833361,38.447083],[-8.847528,38.451222],[-8.855833,38.456194],[-8.873576,38.476659],[-8.877556,38.48125],[-8.886694,38.487889],[-8.887944,38.485778],[-8.883831,38.477574],[-8.882944,38.475806],[-8.885056,38.472889],[-8.890417,38.484972],[-8.898778,38.49],[-8.896667,38.490417],[-8.890056,38.486222],[-8.889975,38.486606],[-8.889167,38.490417],[-8.895,38.492944],[-8.908361,38.49375],[-8.909194,38.490417],[-8.911213,38.492419],[-8.910617,38.488785],[-8.90817,38.48738],[-8.8975,38.48125],[-8.890949,38.471331],[-8.864999,38.453919],[-8.845968,38.438831],[-8.833048,38.4279],[-8.825685,38.419411],[-8.811905,38.397045],[-8.803292,38.378904],[-8.802939,38.37816],[-8.799719,38.371378],[-8.788963,38.342175],[-8.783808,38.321766],[-8.781966,38.308214],[-8.779857,38.292692],[-8.777948,38.278644],[-8.777407,38.263766],[-8.776431,38.236903],[-8.775859,38.221147],[-8.780369,38.183239],[-8.780547,38.182567],[-8.796966,38.120748],[-8.797442,38.118956],[-8.819486,38.061966],[-8.822789,38.055606],[-8.837537,38.027206],[-8.855727,37.992177],[-8.858705,37.987984],[-8.865015,37.9791],[-8.872191,37.968997],[-8.87387,37.968798],[-8.878743,37.96822],[-8.87908,37.965662],[-8.879085,37.965623],[-8.87994,37.965144],[-8.881225,37.964424],[-8.883791,37.965291],[-8.882615,37.963815],[-8.883193,37.963186],[-8.885428,37.960752],[-8.888366,37.957552],[-8.887288,37.956378],[-8.882556,37.951222],[-8.869167,37.953722],[-8.849167,37.941222],[-8.830798,37.936945],[-8.81623,37.931701],[-8.813715,37.929026],[-8.812823,37.928078],[-8.81077,37.927772],[-8.809475,37.927579],[-8.810089,37.926829],[-8.81051,37.926315],[-8.809576,37.925808],[-8.807489,37.924677],[-8.800263,37.907914],[-8.799746,37.904165],[-8.796306,37.879229],[-8.793275,37.86858],[-8.792456,37.865703],[-8.793363,37.863852],[-8.795061,37.860385],[-8.794008,37.859795],[-8.793434,37.859473],[-8.794259,37.858216],[-8.794398,37.858004],[-8.794296,37.857982],[-8.79244,37.857587],[-8.794531,37.856508],[-8.79478,37.856379],[-8.794586,37.856161],[-8.793584,37.855032],[-8.795035,37.853338],[-8.796127,37.852063],[-8.796098,37.849838],[-8.794926,37.849428],[-8.793352,37.848876],[-8.79418,37.847322],[-8.79486,37.846045],[-8.793718,37.846019],[-8.792424,37.84599],[-8.792787,37.843393],[-8.792963,37.842134],[-8.791692,37.840305],[-8.789929,37.837768],[-8.791016,37.836068],[-8.79263,37.833545],[-8.792971,37.819562],[-8.792965,37.819561],[-8.785479,37.817899],[-8.792971,37.819562],[-8.801747,37.795516],[-8.801977,37.780458],[-8.802863,37.777785],[-8.806956,37.776041],[-8.807112,37.772393],[-8.804683,37.77024],[-8.806653,37.770174],[-8.804495,37.768727],[-8.807541,37.764291],[-8.806344,37.75958],[-8.808775,37.755561],[-8.807202,37.752533],[-8.81251,37.748883],[-8.810845,37.747977],[-8.812081,37.744362],[-8.810126,37.741728],[-8.804001,37.74004],[-8.800716,37.736807],[-8.79713,37.736391],[-8.797073,37.73182],[-8.792481,37.724013],[-8.793351,37.720163],[-8.791858,37.719583],[-8.775889,37.727917],[-8.760028,37.730417],[-8.756278,37.729139],[-8.771639,37.727056],[-8.779167,37.721222],[-8.787528,37.720389],[-8.786004,37.714004],[-8.790195,37.710337],[-8.791943,37.705574],[-8.796167,37.704008],[-8.794398,37.701559],[-8.794981,37.698989],[-8.792062,37.697656],[-8.791879,37.694289],[-8.793727,37.685859],[-8.79615,37.684245],[-8.795724,37.67423],[-8.801364,37.664674],[-8.801072,37.662167],[-8.802773,37.661518],[-8.799951,37.657365],[-8.801957,37.656119],[-8.803005,37.649573],[-8.806034,37.648826],[-8.807368,37.637992],[-8.808815,37.637772],[-8.807752,37.636015],[-8.810156,37.63477],[-8.80919,37.630797],[-8.811777,37.630288],[-8.80929,37.624039],[-8.810985,37.62233],[-8.809964,37.620709],[-8.812785,37.61823],[-8.811342,37.616327],[-8.811797,37.610001],[-8.81549,37.607648],[-8.815231,37.606019],[-8.817393,37.607168],[-8.815137,37.603185],[-8.818457,37.601981],[-8.817375,37.599339],[-8.819534,37.599327],[-8.816589,37.595956],[-8.816783,37.5926],[-8.810814,37.58479],[-8.813322,37.583775],[-8.803095,37.575606],[-8.804324,37.57438],[-8.800695,37.567708],[-8.796681,37.566564],[-8.797695,37.564334],[-8.794772,37.559982],[-8.791824,37.559027],[-8.794615,37.558098],[-8.793705,37.556224],[-8.795572,37.556196],[-8.795349,37.554758],[-8.791991,37.551573],[-8.794214,37.550112],[-8.790007,37.545905],[-8.79092,37.543605],[-8.788843,37.543047],[-8.788742,37.537717],[-8.786334,37.536128],[-8.785668,37.532795],[-8.786647,37.529424],[-8.789786,37.527495],[-8.786565,37.523929],[-8.786843,37.5219],[-8.790571,37.521364],[-8.787489,37.518165],[-8.790493,37.517021],[-8.789963,37.514216],[-8.794397,37.51083],[-8.790904,37.506683],[-8.791556,37.503935],[-8.794081,37.502951],[-8.79212,37.500916],[-8.796022,37.501066],[-8.794856,37.498351],[-8.796567,37.498646],[-8.793862,37.492059],[-8.795873,37.490615],[-8.798469,37.491308],[-8.795633,37.489048],[-8.794491,37.482577],[-8.797415,37.479524],[-8.79961,37.479636],[-8.797814,37.47735],[-8.799518,37.477016],[-8.798231,37.47342],[-8.799598,37.473743],[-8.798336,37.468725],[-8.799583,37.466667],[-8.796859,37.464003],[-8.799611,37.460833],[-8.797944,37.457528],[-8.800419,37.451664],[-8.80044,37.44406],[-8.796322,37.442948],[-8.796322,37.440073],[-8.788786,37.434161],[-8.78607,37.435926],[-8.781053,37.433864],[-8.768706,37.436566],[-8.768008,37.434522],[-8.760695,37.43326],[-8.76188,37.430623],[-8.759753,37.430934],[-8.757879,37.429041],[-8.753177,37.430413],[-8.753179,37.431945],[-8.749683,37.431878],[-8.748747,37.429565],[-8.751303,37.427714],[-8.752361,37.42387],[-8.748713,37.422825],[-8.746622,37.425283],[-8.744169,37.424022],[-8.749057,37.42052],[-8.749252,37.417052],[-8.746582,37.414831],[-8.742979,37.41612],[-8.739052,37.414467],[-8.739436,37.412199],[-8.736292,37.410129],[-8.738451,37.402041],[-8.735503,37.400309],[-8.733504,37.395185],[-8.728966,37.397921],[-8.729833,37.400668],[-8.728328,37.401872],[-8.726907,37.400985],[-8.727245,37.39798],[-8.72457,37.396793],[-8.722636,37.398177],[-8.723251,37.401165],[-8.721251,37.401513],[-8.720191,37.39824],[-8.71602,37.399529],[-8.714055,37.396787],[-8.706725,37.400387],[-8.705799,37.396764],[-8.700432,37.397144],[-8.699765,37.399156],[-8.697554,37.399649],[-8.687691,37.395462],[-8.683958,37.400693],[-8.682143,37.399842],[-8.681881,37.397146],[-8.678688,37.398712],[-8.677043,37.402739],[-8.675167,37.401739],[-8.674794,37.398984],[-8.671823,37.40184],[-8.670199,37.398452],[-8.663987,37.400727],[-8.659275,37.397936],[-8.659582,37.396075],[-8.654183,37.389254],[-8.654084,37.384502],[-8.650818,37.385579],[-8.646194,37.3834],[-8.648393,37.379433],[-8.644423,37.379456],[-8.644014,37.376029],[-8.639656,37.375394],[-8.636516,37.377868],[-8.633917,37.386558],[-8.627849,37.389674],[-8.62493,37.39732],[-8.620878,37.401134],[-8.61024,37.402886],[-8.602766,37.40074],[-8.599073,37.402763],[-8.589555,37.402367],[-8.586788,37.404648],[-8.584856,37.403518],[-8.576555,37.407713],[-8.576805,37.410029],[-8.573189,37.411985],[-8.560623,37.406369],[-8.540837,37.394107],[-8.536111,37.389427],[-8.533058,37.389222],[-8.520704,37.381693],[-8.516874,37.381401],[-8.515084,37.378718],[-8.511741,37.379744],[-8.510387,37.383951],[-8.507442,37.3856],[-8.502684,37.384615],[-8.494181,37.386008],[-8.485953,37.382844],[-8.481135,37.384131],[-8.477188,37.381145],[-8.454543,37.373719],[-8.450921,37.37665],[-8.450803,37.383053],[-8.448761,37.383043],[-8.446856,37.386422],[-8.444753,37.382153],[-8.44178,37.388338],[-8.440938,37.386356],[-8.430174,37.383401],[-8.425794,37.390504],[-8.423208,37.390714],[-8.421625,37.395312],[-8.424231,37.405572],[-8.423258,37.40768],[-8.425098,37.410216],[-8.419486,37.409368],[-8.418283,37.411388],[-8.420078,37.415179],[-8.417362,37.419753],[-8.408099,37.419064],[-8.406807,37.424328],[-8.401198,37.424142],[-8.400483,37.426161],[-8.395186,37.425713],[-8.394297,37.427495],[-8.386877,37.424871],[-8.385491,37.428603],[-8.380075,37.425495],[-8.377927,37.427265],[-8.371438,37.426329],[-8.368467,37.428106],[-8.366653,37.431849],[-8.36423,37.430274],[-8.357269,37.432827],[-8.357505,37.428622],[-8.350101,37.429244],[-8.346297,37.426207],[-8.342977,37.425675],[-8.336386,37.433384],[-8.335125,37.430806],[-8.331888,37.429277],[-8.331491,37.423888],[-8.32911,37.423217],[-8.327932,37.425403],[-8.321373,37.429097],[-8.319681,37.439216],[-8.317592,37.439374],[-8.31389,37.436686],[-8.31346,37.43338],[-8.310726,37.433209],[-8.309857,37.431644],[-8.302795,37.431678],[-8.301972,37.434281],[-8.295865,37.433343],[-8.29577,37.431115],[-8.292039,37.429935],[-8.290708,37.431785],[-8.287787,37.431873],[-8.277852,37.425504],[-8.279145,37.42208],[-8.277931,37.420131],[-8.279674,37.417971],[-8.277878,37.416596],[-8.27843,37.413785],[-8.264626,37.407984],[-8.275729,37.402672],[-8.273402,37.394701],[-8.27557,37.3931],[-8.275614,37.387158],[-8.270233,37.387933],[-8.266701,37.38394],[-8.263814,37.384281],[-8.262782,37.387159],[-8.259222,37.388037],[-8.248619,37.384753],[-8.24607,37.377799],[-8.239897,37.376331],[-8.239311,37.373678],[-8.233222,37.370612],[-8.23084,37.367606],[-8.225963,37.368805],[-8.216657,37.359595],[-8.207803,37.354509],[-8.199176,37.354392],[-8.19861,37.353131],[-8.201089,37.350851],[-8.192129,37.343341],[-8.187202,37.34108],[-8.182547,37.342753],[-8.179778,37.34078],[-8.174716,37.340238],[-8.172997,37.337263],[-8.168772,37.337852],[-8.158052,37.333617],[-8.153361,37.334393],[-8.14822,37.331805],[-8.132965,37.332447],[-8.12968,37.330435],[-8.122761,37.331687],[-8.112885,37.328069],[-8.107384,37.329143],[-8.107043,37.326693],[-8.103804,37.326287],[-8.095875,37.328908],[-8.089714,37.327033],[-8.082919,37.328827],[-8.076357,37.32641],[-8.075272,37.323877],[-8.065847,37.318937],[-8.062233,37.323345],[-8.063519,37.324461],[-8.057687,37.323033],[-8.054611,37.327805],[-8.047986,37.332636],[-8.046604,37.33162],[-8.045217,37.332571],[-8.04671,37.333842],[-8.045704,37.334957],[-8.04998,37.336309],[-8.048749,37.337326],[-8.043262,37.336849],[-8.042477,37.340688],[-8.037607,37.337393],[-8.034502,37.338326],[-8.037823,37.342951],[-8.036401,37.34349],[-8.03403,37.34137],[-8.032876,37.342845],[-8.035287,37.343368],[-8.038006,37.346931],[-8.033901,37.347905],[-8.033098,37.349887],[-8.028118,37.3491],[-8.027984,37.351048],[-8.030479,37.352289],[-8.028044,37.354377],[-8.0203,37.352601],[-8.019302,37.355229],[-8.015758,37.354877],[-8.018421,37.357927],[-8.015564,37.360438],[-8.011964,37.359172],[-8.01063,37.360941],[-8.0073,37.360652],[-8.005819,37.363203],[-8.003912,37.361733],[-8.006047,37.359284],[-8.001766,37.357798],[-8.001715,37.3603],[-7.998227,37.364391],[-7.993396,37.362129],[-7.990507,37.363037],[-7.990404,37.366552],[-7.994259,37.365977],[-7.995351,37.367052],[-7.99334,37.371565],[-7.995973,37.371449],[-7.999768,37.368433],[-8.000907,37.375981],[-8.003119,37.376912],[-8.00497,37.375379],[-8.006672,37.378158],[-7.999237,37.382612],[-7.999809,37.385086],[-8.003656,37.384874],[-8.004893,37.386064],[-8.000088,37.393049],[-8.000025,37.39795],[-7.989913,37.395863],[-7.984002,37.397001],[-7.981692,37.400568],[-7.98476,37.404981],[-7.983402,37.40681],[-7.978252,37.406333],[-7.975853,37.402969],[-7.972,37.402288],[-7.965254,37.409014],[-7.962113,37.410156],[-7.957365,37.40972],[-7.956512,37.405613],[-7.954303,37.403864],[-7.941489,37.410469],[-7.939846,37.40822],[-7.942821,37.404768],[-7.941538,37.403418],[-7.930149,37.406585],[-7.924062,37.413744],[-7.920976,37.412308],[-7.921431,37.40754],[-7.912833,37.410775],[-7.909455,37.410704],[-7.910311,37.405272],[-7.90776,37.404248],[-7.901723,37.413015],[-7.903248,37.415928],[-7.901883,37.417767],[-7.897958,37.418233],[-7.888301,37.415316],[-7.891559,37.421837],[-7.891198,37.426025],[-7.893052,37.426658],[-7.89445,37.423641],[-7.896781,37.425756],[-7.893061,37.429974],[-7.892065,37.434487],[-7.876566,37.43218],[-7.872411,37.438287],[-7.867504,37.440025],[-7.862775,37.435707],[-7.859312,37.437636],[-7.855993,37.437253],[-7.856999,37.445257],[-7.85242,37.44929],[-7.848148,37.449491],[-7.84383,37.447637],[-7.839377,37.449361],[-7.832499,37.448438],[-7.825956,37.453707],[-7.826071,37.459894],[-7.823051,37.462282],[-7.820557,37.461041],[-7.823257,37.454208],[-7.820939,37.452621],[-7.817834,37.453402],[-7.810719,37.456603],[-7.80938,37.459134],[-7.800531,37.462666],[-7.79936,37.46529],[-7.796128,37.466427],[-7.793993,37.471298],[-7.787654,37.468463],[-7.777776,37.472717],[-7.776671,37.476675],[-7.772758,37.47958],[-7.768585,37.480756],[-7.763204,37.479118],[-7.761682,37.481335],[-7.765005,37.482946],[-7.765776,37.487579],[-7.76066,37.486672],[-7.760003,37.484502],[-7.75409,37.479855],[-7.747219,37.483387],[-7.744823,37.486709],[-7.741702,37.487301],[-7.74504,37.489022],[-7.743614,37.491301],[-7.740183,37.491844],[-7.737543,37.489836],[-7.733752,37.490605],[-7.731378,37.496938],[-7.725721,37.496001],[-7.725921,37.493304],[-7.723521,37.492305],[-7.72007,37.494134],[-7.718933,37.497223],[-7.716444,37.496717],[-7.712998,37.501776],[-7.706264,37.498597],[-7.700563,37.499484],[-7.698105,37.50135],[-7.689358,37.501444],[-7.687281,37.502936],[-7.678779,37.502501],[-7.675442,37.505957],[-7.669746,37.502399],[-7.662348,37.505763],[-7.659592,37.504068],[-7.658014,37.500341],[-7.651229,37.502367],[-7.650676,37.501096],[-7.653744,37.498075],[-7.650463,37.497671],[-7.648133,37.494157],[-7.642388,37.499858],[-7.636847,37.500132],[-7.630942,37.494682],[-7.623221,37.492883],[-7.620673,37.489783],[-7.614549,37.494474],[-7.615365,37.499838],[-7.611409,37.499684],[-7.608961,37.502483],[-7.600539,37.500787],[-7.596189,37.503841],[-7.596489,37.50713],[-7.593917,37.509726],[-7.596843,37.511929],[-7.596133,37.513234],[-7.588613,37.516459],[-7.586832,37.513822],[-7.584324,37.513571],[-7.57937,37.516936],[-7.574428,37.529092],[-7.563625,37.526284],[-7.564738,37.52202],[-7.55752,37.522782],[-7.555445,37.524566],[-7.551527,37.522856],[-7.548153,37.525917],[-7.546084,37.52436],[-7.546103,37.520706],[-7.543736,37.520176],[-7.542366,37.523972],[-7.535546,37.522697],[-7.531349,37.523394],[-7.525653,37.526386],[-7.525342,37.528927],[-7.521182,37.526251],[-7.515961,37.528648],[-7.514358,37.525204],[-7.512459,37.526295],[-7.512376,37.532199],[-7.513128,37.53881],[-7.518673,37.545714],[-7.519255,37.546437],[-7.520475,37.548803],[-7.522628,37.555715],[-7.522616,37.555849],[-7.519517,37.559295],[-7.512504,37.56007],[-7.508333,37.557015],[-7.508063,37.556818],[-7.506656,37.557367],[-7.507519,37.566804],[-7.510191,37.56749],[-7.512353,37.56639],[-7.513461,37.566004],[-7.515426,37.569209],[-7.515299,37.569401],[-7.510213,37.573798],[-7.502244,37.577697],[-7.501605,37.582984],[-7.501366,37.585815],[-7.496833,37.593398],[-7.496649,37.594164],[-7.500245,37.597295],[-7.503635,37.604541],[-7.497124,37.607066],[-7.495398,37.606074],[-7.489489,37.603812],[-7.48887,37.603966],[-7.48558,37.609589],[-7.486087,37.611654],[-7.480415,37.617779],[-7.482164,37.62382],[-7.476189,37.625347],[-7.470746,37.624647],[-7.470592,37.624777],[-7.470969,37.634917],[-7.466444,37.637508],[-7.465056,37.639683],[-7.463707,37.642109],[-7.464389,37.643531],[-7.467138,37.649265],[-7.463807,37.649719],[-7.458028,37.646254],[-7.454488,37.646343],[-7.453101,37.64848],[-7.454518,37.65435],[-7.451431,37.658418],[-7.455354,37.661986],[-7.449137,37.663509],[-7.443571,37.664606],[-7.446139,37.669505],[-7.448572,37.674146],[-7.450097,37.675689],[-7.451999,37.677613],[-7.448253,37.681052],[-7.448063,37.681226],[-7.446861,37.68301],[-7.444158,37.687919],[-7.44713,37.696014],[-7.447812,37.69754],[-7.44366,37.702009],[-7.442304,37.700709],[-7.441193,37.699645],[-7.439416,37.700607],[-7.440185,37.70633],[-7.43617,37.718318],[-7.432521,37.719994],[-7.429349,37.725906],[-7.426394,37.733922],[-7.428436,37.736801],[-7.428661,37.737119],[-7.428624,37.73893],[-7.428582,37.740972],[-7.425487,37.741869],[-7.418692,37.744792],[-7.418731,37.747782],[-7.418897,37.749001],[-7.422712,37.754974],[-7.421166,37.758963],[-7.413228,37.75989],[-7.408892,37.765499],[-7.407604,37.767165],[-7.402581,37.766687],[-7.396642,37.763949],[-7.391216,37.770879],[-7.386216,37.773293],[-7.382548,37.775063],[-7.380448,37.779076],[-7.378763,37.782296],[-7.368775,37.787291],[-7.36751,37.789739],[-7.366114,37.792741],[-7.360665,37.793651],[-7.359727,37.794851],[-7.356476,37.799013],[-7.350614,37.801631],[-7.345836,37.805708],[-7.341681,37.806649],[-7.339063,37.80849],[-7.334592,37.811634],[-7.322698,37.817345],[-7.321189,37.819012],[-7.320211,37.823527],[-7.313857,37.82883],[-7.310675,37.834802],[-7.31006,37.835872],[-7.307561,37.837495],[-7.301934,37.84115],[-7.30119,37.842072],[-7.297606,37.856426],[-7.289211,37.861594],[-7.28699,37.864427],[-7.283434,37.869166],[-7.281909,37.874499],[-7.279603,37.876663],[-7.282565,37.888678],[-7.282165,37.897456],[-7.276424,37.898602],[-7.273699,37.899991],[-7.273752,37.90458],[-7.26946,37.906501],[-7.267913,37.912557],[-7.26478,37.915245],[-7.261399,37.918146],[-7.262011,37.924164],[-7.258126,37.922071],[-7.257922,37.922115],[-7.255057,37.922727],[-7.257477,37.933381],[-7.254072,37.937319],[-7.253573,37.938733],[-7.252683,37.941254],[-7.252765,37.944471],[-7.254733,37.945682],[-7.254765,37.945735],[-7.251284,37.948721],[-7.250812,37.952369],[-7.248297,37.954493],[-7.251773,37.959683],[-7.249674,37.966894],[-7.261819,37.977465],[-7.262418,37.979796],[-7.261661,37.979741],[-7.259911,37.97948],[-7.259517,37.980683],[-7.257707,37.981636],[-7.255989,37.98143],[-7.253451,37.985361],[-7.2533,37.985418],[-7.250033,37.985637],[-7.249142,37.986978],[-7.248382,37.988121],[-7.246734,37.990601],[-7.24568,37.992186],[-7.24364,37.991974],[-7.242644,37.991871],[-7.232656,37.989877],[-7.230679,37.991475],[-7.227042,37.988405],[-7.224771,37.989195],[-7.221659,37.990925],[-7.216149,37.99575],[-7.21497,37.995975],[-7.205712,37.997647],[-7.2067,37.999707],[-7.206903,38.000331],[-7.202262,38.003424],[-7.193038,38.000718],[-7.187033,38.002733],[-7.183953,37.996563],[-7.178779,37.998002],[-7.176825,37.997574],[-7.173445,37.992828],[-7.164931,37.995839],[-7.162017,37.99446],[-7.160084,37.995188],[-7.159758,37.995083],[-7.156422,37.994002],[-7.153172,37.996024],[-7.150404,37.998116],[-7.149992,37.999833],[-7.149748,38.00085],[-7.145135,38.002934],[-7.140646,38.000674],[-7.135978,37.999416],[-7.129003,38.001614],[-7.12862,38.00178],[-7.122269,38.004532],[-7.121064,38.005055],[-7.12184,38.005971],[-7.128945,38.010704],[-7.129054,38.010776],[-7.127772,38.019711],[-7.130894,38.021073],[-7.131879,38.021503],[-7.130079,38.022488],[-7.126971,38.022288],[-7.126528,38.022842],[-7.124931,38.024994],[-7.128423,38.027331],[-7.128386,38.028099],[-7.128172,38.029574],[-7.121032,38.032928],[-7.119266,38.03073],[-7.118601,38.031375],[-7.117465,38.032476],[-7.117328,38.032413],[-7.116217,38.031906],[-7.114782,38.03626],[-7.114629,38.036726],[-7.113273,38.03729],[-7.11211,38.03747],[-7.1108,38.036193],[-7.110006,38.037694],[-7.107756,38.040932],[-7.103576,38.040919],[-7.098699,38.043816],[-7.098004,38.043563],[-7.093389,38.041817],[-7.093077,38.040426],[-7.093048,38.040297],[-7.091386,38.040276],[-7.090719,38.040267],[-7.090098,38.038049],[-7.085947,38.036998],[-7.082099,38.036024],[-7.082549,38.034405],[-7.082032,38.034116],[-7.080274,38.035128],[-7.077861,38.034019],[-7.073741,38.032194],[-7.073395,38.032435],[-7.069432,38.033774],[-7.067256,38.033484],[-7.068278,38.031012],[-7.066552,38.027449],[-7.064234,38.028363],[-7.064207,38.026997],[-7.062164,38.026725],[-7.062217,38.026465],[-7.063527,38.020037],[-7.063509,38.019947],[-7.059327,38.017451],[-7.058809,38.017808],[-7.057078,38.019002],[-7.056698,38.018993],[-7.048332,38.017742],[-7.047858,38.017594],[-7.048335,38.015438],[-7.044241,38.014649],[-7.042513,38.016603],[-7.038968,38.017365],[-7.038173,38.017536],[-7.029369,38.022285],[-7.024977,38.024655],[-7.017411,38.022053],[-7.015664,38.021452],[-7.007186,38.020752],[-7.004543,38.022962],[-7.00439,38.023059],[-7.002008,38.022391],[-7.002201,38.031129],[-6.999276,38.03552],[-7.00066,38.039033],[-7.002383,38.043404],[-6.999749,38.049499],[-6.989828,38.055572],[-6.990258,38.061258],[-6.990409,38.067456],[-6.987402,38.074849],[-6.987864,38.077719],[-6.989351,38.092802],[-6.986885,38.10367],[-6.983953,38.103155],[-6.979633,38.104657],[-6.977766,38.104772],[-6.97556,38.104494],[-6.975366,38.106715],[-6.975265,38.107876],[-6.974442,38.108382],[-6.970618,38.110488],[-6.972356,38.114738],[-6.972202,38.115245],[-6.969032,38.122295],[-6.965645,38.127008],[-6.964746,38.12777],[-6.964853,38.130459],[-6.964872,38.130933],[-6.964915,38.132003],[-6.960863,38.133079],[-6.960274,38.133235],[-6.958376,38.13609],[-6.960214,38.139308],[-6.961352,38.140474],[-6.958325,38.145476],[-6.958702,38.150166],[-6.956506,38.151045],[-6.952353,38.152707],[-6.952445,38.152942],[-6.957527,38.156027],[-6.962497,38.154668],[-6.964186,38.155992],[-6.968409,38.15962],[-6.96885,38.163626],[-6.969145,38.166313],[-6.966076,38.167644],[-6.965507,38.167939],[-6.957695,38.181347],[-6.95529,38.184265],[-6.94919,38.189099],[-6.936898,38.198839],[-6.934794,38.200907],[-6.931529,38.208214],[-6.931592,38.208265],[-6.931693,38.208229],[-6.932683,38.207876],[-6.935647,38.206818],[-6.937559,38.207338],[-6.938349,38.207674],[-6.935925,38.21954],[-6.936325,38.219906],[-6.942038,38.218169],[-6.942341,38.218026],[-6.947364,38.212016],[-6.949515,38.212748],[-6.947774,38.217351],[-6.956726,38.216833],[-6.971942,38.20214],[-6.975418,38.20478],[-6.977239,38.206163],[-6.979629,38.209661],[-6.980759,38.211316],[-6.99304,38.205223],[-6.995442,38.203796],[-7.001755,38.203187],[-7.004937,38.204648],[-7.011027,38.204459],[-7.01114,38.204324],[-7.010077,38.196438],[-7.010117,38.196339],[-7.011035,38.195952],[-7.015681,38.196949],[-7.016588,38.197144],[-7.017105,38.191986],[-7.021839,38.186326],[-7.025772,38.184108],[-7.029077,38.182728],[-7.036096,38.18585],[-7.04326,38.187232],[-7.044621,38.185601],[-7.048862,38.180519],[-7.049649,38.180248],[-7.055908,38.180178],[-7.056166,38.180175],[-7.057726,38.178988],[-7.059168,38.177892],[-7.059458,38.180025],[-7.055174,38.183109],[-7.056027,38.18534],[-7.05647,38.185633],[-7.056865,38.185895],[-7.065641,38.186519],[-7.066185,38.185901],[-7.066208,38.180175],[-7.06669,38.178881],[-7.074064,38.176817],[-7.074649,38.176653],[-7.076738,38.175269],[-7.084817,38.169918],[-7.088477,38.177199],[-7.088957,38.178153],[-7.094053,38.178801],[-7.097591,38.179251],[-7.097846,38.179458],[-7.102388,38.186203],[-7.102838,38.186871],[-7.107759,38.187987],[-7.107752,38.188038],[-7.10712,38.192635],[-7.109887,38.193572],[-7.113315,38.206309],[-7.116064,38.207148],[-7.117245,38.210041],[-7.122024,38.21272],[-7.123775,38.217004],[-7.134388,38.227099],[-7.142198,38.239546],[-7.144789,38.25089],[-7.143217,38.254479],[-7.142764,38.255515],[-7.145149,38.258137],[-7.144298,38.259539],[-7.142944,38.261715],[-7.145021,38.263566],[-7.147164,38.26272],[-7.147195,38.26271],[-7.145922,38.265298],[-7.148681,38.268539],[-7.146976,38.268917],[-7.147445,38.26998],[-7.149876,38.270001],[-7.150255,38.268418],[-7.152648,38.267892],[-7.153136,38.269557],[-7.153355,38.270722],[-7.151757,38.272247],[-7.153281,38.273477],[-7.150692,38.275753],[-7.152453,38.275865],[-7.155536,38.275895],[-7.155495,38.278148],[-7.156883,38.278954],[-7.16202,38.279354],[-7.163712,38.281048],[-7.16411,38.281314],[-7.16749,38.280083],[-7.169601,38.279314],[-7.169527,38.284798],[-7.173815,38.287434],[-7.17963,38.293115],[-7.198009,38.319374],[-7.202252,38.32903],[-7.216735,38.341606],[-7.219642,38.342496],[-7.231859,38.356241],[-7.246061,38.367852],[-7.251464,38.373749],[-7.25838,38.381298],[-7.271324,38.394818],[-7.279943,38.413998],[-7.280508,38.419582],[-7.283571,38.419201],[-7.283694,38.419186],[-7.283934,38.419773],[-7.28531,38.423143],[-7.287908,38.422982],[-7.288078,38.425115],[-7.289392,38.424773],[-7.291097,38.42433],[-7.292179,38.424049],[-7.292204,38.424082],[-7.291889,38.427352],[-7.291681,38.427538],[-7.292795,38.427904],[-7.294262,38.428113],[-7.294551,38.427284],[-7.294815,38.425812],[-7.296508,38.425878],[-7.29992,38.426011],[-7.300194,38.429039],[-7.302058,38.429456],[-7.302896,38.430902],[-7.303445,38.43185],[-7.305022,38.431519],[-7.307077,38.431088],[-7.306694,38.43278],[-7.308996,38.433293],[-7.310701,38.433672],[-7.310409,38.435058],[-7.310933,38.435714],[-7.314425,38.435418],[-7.314713,38.439203],[-7.317765,38.439703],[-7.320153,38.439494],[-7.327808,38.438827],[-7.328951,38.43699],[-7.330304,38.437855],[-7.333915,38.434713],[-7.335655,38.435709],[-7.33406,38.438587],[-7.330465,38.444149],[-7.323121,38.446631],[-7.315041,38.44907],[-7.312462,38.4546],[-7.313292,38.456187],[-7.313894,38.459378],[-7.310967,38.461305],[-7.305268,38.463547],[-7.302995,38.464923],[-7.30023,38.467843],[-7.29745,38.473771],[-7.296073,38.478931],[-7.296306,38.479478],[-7.300431,38.482955],[-7.307692,38.480952],[-7.313271,38.474079],[-7.319995,38.475766],[-7.321572,38.478269],[-7.320813,38.485377],[-7.316195,38.494808],[-7.315556,38.496114],[-7.315032,38.501916],[-7.314552,38.513876],[-7.311991,38.515424],[-7.302626,38.521086],[-7.30087,38.526865],[-7.302707,38.538837],[-7.302962,38.543518],[-7.288968,38.558108],[-7.286021,38.563344],[-7.286385,38.567443],[-7.285418,38.573517],[-7.284623,38.574989],[-7.2819,38.576347],[-7.275277,38.57604],[-7.269628,38.584628],[-7.266839,38.586207],[-7.263867,38.588324],[-7.263358,38.59447],[-7.259565,38.603285],[-7.259376,38.603958],[-7.260048,38.610888],[-7.254015,38.617074],[-7.244139,38.623661],[-7.244448,38.624951],[-7.246835,38.627545],[-7.265578,38.627313],[-7.272498,38.638406],[-7.269836,38.648454],[-7.270164,38.666612],[-7.266193,38.681372],[-7.268849,38.687904],[-7.26716,38.69935],[-7.264379,38.703652],[-7.264173,38.70397],[-7.25801,38.713505],[-7.260346,38.719963],[-7.259808,38.723544],[-7.245005,38.734116],[-7.237909,38.736918],[-7.230416,38.736781],[-7.227592,38.737188],[-7.221969,38.739989],[-7.208947,38.747685],[-7.203715,38.751497],[-7.200143,38.755638],[-7.196323,38.761652],[-7.196677,38.765122],[-7.190318,38.770125],[-7.188478,38.769119],[-7.188301,38.769184],[-7.188838,38.770662],[-7.185401,38.770249],[-7.185355,38.770266],[-7.181207,38.773465],[-7.163804,38.77978],[-7.156145,38.789723],[-7.153376,38.794938],[-7.132624,38.810743],[-7.127242,38.81416],[-7.12063,38.815745],[-7.105853,38.817038],[-7.099492,38.815253],[-7.096683,38.815896],[-7.089231,38.821033],[-7.085396,38.830841],[-7.076612,38.843062],[-7.071204,38.850587],[-7.067604,38.854219],[-7.065366,38.85426],[-7.061895,38.857415],[-7.060736,38.858063],[-7.059664,38.858051],[-7.053428,38.857983],[-7.045877,38.864621],[-7.044682,38.8641],[-7.043184,38.863447],[-7.041399,38.864006],[-7.039311,38.865711],[-7.039172,38.87052],[-7.033182,38.879115],[-7.035627,38.883535],[-7.040442,38.883816],[-7.039174,38.891317],[-7.043738,38.90041],[-7.045593,38.90192],[-7.048849,38.902666],[-7.051946,38.90709],[-7.03265,38.91835],[-7.027068,38.92386],[-7.022677,38.934557],[-7.019797,38.940851],[-7.003987,38.958198],[-6.99611,38.966841],[-6.989259,38.974358],[-6.984787,38.979264],[-6.974355,38.995521],[-6.964489,39.010978],[-6.951434,39.023888],[-6.967713,39.039657],[-6.967221,39.040535],[-6.960675,39.052222],[-6.959557,39.05474],[-6.962954,39.061214],[-6.969087,39.067427],[-6.97051,39.072765],[-6.971039,39.073532],[-6.981412,39.088207],[-6.998704,39.100301],[-7.00631,39.103166],[-7.027445,39.114879],[-7.032907,39.117379],[-7.034327,39.117624],[-7.050126,39.117875],[-7.053184,39.117736],[-7.055331,39.115913],[-7.055775,39.115537],[-7.056273,39.115385],[-7.064677,39.112825],[-7.069166,39.112893],[-7.069983,39.112598],[-7.08015,39.108934],[-7.086529,39.107664],[-7.100108,39.104962],[-7.105334,39.0992],[-7.144025,39.108633],[-7.148015,39.114527],[-7.149343,39.121731],[-7.143632,39.127624],[-7.142052,39.13919],[-7.136461,39.144173],[-7.136278,39.144637],[-7.140279,39.150384],[-7.136938,39.155201],[-7.133273,39.160486],[-7.134364,39.162971],[-7.132329,39.16506],[-7.134633,39.17111],[-7.135792,39.171475],[-7.148755,39.172588],[-7.150371,39.174221],[-7.150817,39.174672],[-7.158446,39.17667],[-7.160513,39.177795],[-7.1652,39.180346],[-7.173733,39.180889],[-7.179749,39.181272],[-7.184188,39.182254],[-7.194755,39.187094],[-7.197916,39.186483],[-7.201115,39.185865],[-7.204496,39.186567],[-7.214284,39.190688],[-7.220722,39.192558],[-7.22922,39.20138],[-7.24146,39.208255],[-7.24114,39.210351],[-7.240207,39.218276],[-7.24165,39.220904],[-7.245069,39.227133],[-7.244656,39.231955],[-7.242074,39.23409],[-7.241828,39.234294],[-7.241793,39.235992],[-7.24201,39.241652],[-7.2457,39.245683],[-7.248018,39.253376],[-7.231472,39.278259],[-7.267004,39.301018],[-7.270153,39.304204],[-7.269962,39.304976],[-7.269164,39.309573],[-7.277918,39.316849],[-7.281494,39.320617],[-7.288038,39.32309],[-7.287855,39.324667],[-7.292772,39.328902],[-7.294602,39.329334],[-7.299246,39.330429],[-7.307622,39.336341],[-7.310341,39.340961],[-7.306021,39.351095],[-7.306276,39.356273],[-7.309737,39.360871],[-7.310362,39.361794],[-7.310539,39.369033],[-7.313225,39.371531],[-7.316278,39.373991],[-7.316317,39.374095],[-7.317728,39.377876],[-7.319579,39.378066],[-7.321212,39.378234],[-7.322816,39.381294],[-7.321454,39.386446],[-7.314915,39.394087],[-7.312759,39.399328],[-7.310024,39.398667],[-7.305537,39.411083],[-7.303256,39.411971],[-7.302736,39.41268],[-7.302271,39.416009],[-7.302279,39.418803],[-7.302286,39.421073],[-7.301436,39.422685],[-7.308613,39.430317],[-7.304935,39.437656],[-7.305531,39.445833],[-7.301687,39.449214],[-7.295942,39.4538],[-7.294261,39.456828],[-7.300375,39.463297],[-7.304428,39.463867],[-7.309119,39.467565],[-7.317706,39.469592],[-7.322963,39.474691],[-7.332592,39.476222],[-7.338088,39.478969],[-7.343811,39.478136],[-7.347621,39.483425],[-7.347755,39.48765],[-7.351407,39.48621],[-7.35765,39.483749],[-7.361759,39.482128],[-7.364892,39.482194],[-7.364992,39.486219],[-7.381881,39.491237],[-7.37878,39.494535],[-7.379113,39.496402],[-7.386428,39.498607],[-7.386623,39.499335],[-7.387201,39.501496],[-7.390364,39.503226],[-7.389423,39.508471],[-7.387721,39.510375],[-7.388258,39.519829],[-7.3883,39.520558],[-7.388947,39.524304],[-7.392772,39.52724],[-7.392021,39.528131],[-7.391755,39.530182],[-7.39857,39.533141],[-7.400123,39.533745],[-7.406168,39.530626],[-7.410278,39.53225],[-7.414949,39.531901],[-7.418423,39.531552],[-7.42186,39.534381],[-7.425958,39.532956],[-7.430259,39.534509],[-7.441703,39.543171],[-7.442802,39.545664],[-7.445191,39.547705],[-7.446504,39.548127],[-7.445266,39.550201],[-7.445108,39.551408],[-7.448191,39.552375],[-7.448273,39.552567],[-7.452196,39.561798],[-7.458642,39.566136],[-7.461196,39.57272],[-7.464828,39.573762],[-7.465729,39.574511],[-7.466904,39.576955],[-7.469808,39.577904],[-7.470097,39.577999],[-7.476566,39.578745],[-7.478909,39.578763],[-7.488089,39.586592],[-7.493432,39.586249],[-7.494985,39.58615],[-7.497481,39.588101],[-7.499442,39.590063],[-7.499741,39.594124],[-7.500122,39.599301],[-7.503564,39.600724],[-7.504009,39.601341],[-7.504594,39.604328],[-7.507475,39.606492],[-7.509964,39.618288],[-7.520647,39.626219],[-7.527388,39.634871],[-7.524739,39.642777],[-7.527578,39.647545],[-7.527557,39.655921],[-7.53174,39.658407],[-7.532091,39.662184],[-7.534868,39.661782],[-7.537185,39.661447],[-7.54168,39.66368],[-7.543198,39.662754],[-7.551615,39.657616],[-7.567268,39.660267],[-7.582372,39.657478],[-7.594926,39.650017],[-7.596377,39.639771],[-7.607284,39.637143],[-7.620307,39.628481],[-7.637442,39.622724],[-7.643479,39.622749],[-7.648301,39.624597],[-7.660556,39.634223],[-7.667855,39.646575],[-7.671821,39.648874],[-7.689261,39.642134],[-7.694208,39.638602],[-7.703235,39.636617],[-7.716035,39.6251],[-7.712717,39.608537],[-7.7166,39.604467],[-7.722306,39.593268],[-7.725817,39.591597],[-7.736205,39.593289],[-7.754922,39.588325],[-7.758042,39.584817],[-7.761158,39.575327],[-7.769803,39.564255],[-7.782037,39.55962],[-7.786815,39.555755],[-7.789731,39.550319],[-7.797821,39.544696],[-7.814947,39.542616],[-7.822173,39.540012],[-7.825104,39.537365]],[[-8.368034,37.861104],[-8.367459,37.859738],[-8.366548,37.857574],[-8.363469,37.85772],[-8.359259,37.857919],[-8.358072,37.85499],[-8.357766,37.854234],[-8.330787,37.847031],[-8.330769,37.847026],[-8.330769,37.847027],[-8.336192,37.864588],[-8.330769,37.847026],[-8.357766,37.854234],[-8.359259,37.857919],[-8.366548,37.857574],[-8.368034,37.861104]],[[-8.309302,37.911665],[-8.300208,37.923983],[-8.300099,37.92413],[-8.3001,37.924131],[-8.307119,37.92995],[-8.307117,37.929954],[-8.295918,37.950985],[-8.295917,37.950987],[-8.295917,37.950988],[-8.293609,37.993323],[-8.295917,37.950987],[-8.307119,37.92995],[-8.300099,37.92413],[-8.309302,37.911665]],[[-8.307717,38.004869],[-8.306992,38.005594],[-8.305673,38.006913],[-8.307798,38.007351],[-8.309037,38.007607],[-8.311184,38.011095],[-8.314429,38.016366],[-8.317704,38.018304],[-8.321644,38.020634],[-8.32101,38.021958],[-8.318999,38.026162],[-8.341189,38.01916],[-8.347504,38.017168],[-8.349929,38.021594],[-8.353117,38.027412],[-8.358322,38.024771],[-8.363837,38.021973],[-8.363506,38.024797],[-8.363163,38.027728],[-8.36997,38.030137],[-8.374436,38.031718],[-8.372728,38.033315],[-8.371917,38.034073],[-8.374436,38.031718],[-8.363163,38.027728],[-8.363837,38.021973],[-8.353117,38.027412],[-8.347504,38.017168],[-8.318999,38.026162],[-8.321644,38.020634],[-8.314429,38.016366],[-8.309037,38.007607],[-8.305673,38.006913],[-8.307717,38.004869]],[[-8.398038,38.055144],[-8.398953,38.056813],[-8.400562,38.059748],[-8.407739,38.066391],[-8.407742,38.066394],[-8.400562,38.059748],[-8.398038,38.055144]],[[-8.409647,38.07277],[-8.404201,38.076467],[-8.400744,38.078813],[-8.400363,38.08122],[-8.399645,38.085751],[-8.395941,38.094832],[-8.393467,38.100897],[-8.393628,38.101951],[-8.394427,38.107169],[-8.393467,38.100897],[-8.399645,38.085751],[-8.400744,38.078813],[-8.409647,38.07277]],[[-8.359775,38.10757],[-8.360043,38.110357],[-8.360263,38.112643],[-8.355399,38.118858],[-8.353459,38.121336],[-8.360263,38.112643],[-8.359775,38.10757]],[[-8.291051,38.138682],[-8.291745,38.152885],[-8.291778,38.153561],[-8.290769,38.1552],[-8.287081,38.161187],[-8.288272,38.165075],[-8.289893,38.170367],[-8.287081,38.161187],[-8.291778,38.153561],[-8.291051,38.138682]],[[-8.275318,38.186327],[-8.271129,38.183393],[-8.266446,38.180112],[-8.256399,38.181828],[-8.25364,38.182299],[-8.251242,38.180904],[-8.248896,38.179538],[-8.24669,38.17951],[-8.24412,38.179477],[-8.239854,38.179422],[-8.238348,38.181584],[-8.237459,38.182861],[-8.237453,38.182863],[-8.235169,38.183464],[-8.235293,38.186495],[-8.235327,38.187341],[-8.234656,38.187566],[-8.23281,38.188185],[-8.230678,38.194255],[-8.229713,38.197001],[-8.227196,38.197863],[-8.22422,38.198882],[-8.221528,38.201498],[-8.220583,38.202417],[-8.217029,38.202068],[-8.203129,38.200703],[-8.194326,38.203625],[-8.187327,38.205948],[-8.186141,38.206342],[-8.203129,38.200703],[-8.220583,38.202417],[-8.22422,38.198882],[-8.229713,38.197001],[-8.23281,38.188185],[-8.235327,38.187341],[-8.235169,38.183464],[-8.237459,38.182861],[-8.239854,38.179422],[-8.248896,38.179538],[-8.25364,38.182299],[-8.266446,38.180112],[-8.275318,38.186327]],[[-8.129861,38.223987],[-8.129861,38.223989],[-8.131286,38.231164],[-8.130223,38.25466],[-8.129696,38.2663],[-8.133305,38.270536],[-8.136628,38.274436],[-8.136298,38.275588],[-8.135571,38.278132],[-8.136628,38.274436],[-8.129696,38.2663],[-8.131286,38.231164],[-8.129861,38.223987]],[[-8.143088,38.297838],[-8.164332,38.319804],[-8.164369,38.319843],[-8.143088,38.297838]],[[-8.19121,38.335632],[-8.19312,38.337667],[-8.197734,38.342585],[-8.19121,38.335632]],[[-8.313199,38.385056],[-8.307111,38.390321],[-8.305513,38.391702],[-8.30323,38.396061],[-8.30133,38.399689],[-8.29623,38.403069],[-8.293906,38.404609],[-8.29344,38.405616],[-8.292672,38.407273],[-8.290135,38.408633],[-8.283718,38.412071],[-8.292672,38.407273],[-8.293906,38.404609],[-8.30133,38.399689],[-8.305513,38.391702],[-8.313199,38.385056]],[[-8.287595,38.417343],[-8.292608,38.419376],[-8.30074,38.422674],[-8.287595,38.417343]],[[-8.348271,38.518701],[-8.357624,38.52474],[-8.359824,38.526161],[-8.359924,38.528943],[-8.359958,38.529877],[-8.359824,38.526161],[-8.348271,38.518701]],[[-8.520196,38.542915],[-8.507864,38.527598],[-8.506952,38.526465],[-8.520196,38.542915]],[[-8.589913,38.542116],[-8.595813,38.545188],[-8.602761,38.548806],[-8.589913,38.542116]]],[[[-8.424119,37.866946],[-8.398368,37.862497],[-8.385822,37.86033],[-8.382373,37.861519],[-8.380586,37.862135],[-8.385822,37.86033],[-8.424119,37.866946]]],[[[-8.331715,37.869076],[-8.330168,37.870035],[-8.311126,37.881843],[-8.31208,37.888343],[-8.312577,37.891726],[-8.305334,37.895815],[-8.299378,37.899178],[-8.305035,37.904085],[-8.308284,37.906904],[-8.299378,37.899178],[-8.312577,37.891726],[-8.311126,37.881843],[-8.331715,37.869076]]],[[[-8.376287,38.044301],[-8.377921,38.044413],[-8.382504,38.044726],[-8.386243,38.048787],[-8.389708,38.052549],[-8.393199,38.052442],[-8.393821,38.052423],[-8.389708,38.052549],[-8.382504,38.044726],[-8.376287,38.044301]]],[[[-8.378308,38.11156],[-8.37276,38.106153],[-8.369585,38.103059],[-8.378308,38.11156]]],[[[-8.35331,38.129141],[-8.354884,38.132246],[-8.355805,38.134061],[-8.35331,38.129141]]],[[[-8.350351,38.141865],[-8.349013,38.141626],[-8.342133,38.140398],[-8.350351,38.141865]]],[[[-8.337991,38.141241],[-8.337421,38.145177],[-8.336539,38.151275],[-8.337991,38.141241]]],[[[-8.3336,38.155204],[-8.318671,38.146483],[-8.316545,38.145242],[-8.313889,38.14369],[-8.314084,38.142861],[-8.314625,38.140565],[-8.313889,38.14369],[-8.3336,38.155204]]],[[[-8.18289,38.207816],[-8.182445,38.208576],[-8.180922,38.211178],[-8.18289,38.207816]]],[[[-8.165384,38.217637],[-8.163473,38.217249],[-8.160453,38.216637],[-8.165384,38.217637]]],[[[-8.205645,38.344733],[-8.232381,38.346037],[-8.237474,38.346285],[-8.205645,38.344733]]],[[[-8.246848,38.348243],[-8.255761,38.352119],[-8.258381,38.353258],[-8.246848,38.348243]]],[[[-8.300572,38.375522],[-8.307163,38.374522],[-8.322571,38.372183],[-8.300572,38.375522]]],[[[-8.291979,38.425874],[-8.290479,38.425253],[-8.286733,38.423703],[-8.291979,38.425874]]],[[[-8.284443,38.425603],[-8.288971,38.437477],[-8.289029,38.437628],[-8.289058,38.437644],[-8.291414,38.438954],[-8.301051,38.437905],[-8.308456,38.437099],[-8.312607,38.438157],[-8.316884,38.439246],[-8.31932,38.438303],[-8.323085,38.436845],[-8.316884,38.439246],[-8.308456,38.437099],[-8.291414,38.438954],[-8.289029,38.437628],[-8.284443,38.425603]]],[[[-8.324988,38.445773],[-8.323164,38.446475],[-8.322222,38.446838],[-8.323079,38.449406],[-8.32405,38.452314],[-8.321469,38.453477],[-8.310313,38.458504],[-8.312164,38.461549],[-8.318188,38.471457],[-8.322054,38.480955],[-8.323159,38.483671],[-8.325672,38.485683],[-8.328777,38.488168],[-8.331237,38.49458],[-8.335985,38.506956],[-8.328777,38.488168],[-8.323159,38.483671],[-8.318188,38.471457],[-8.310313,38.458504],[-8.32405,38.452314],[-8.322222,38.446838],[-8.324988,38.445773]]],[[[-8.379144,38.545203],[-8.397065,38.538532],[-8.397421,38.538399],[-8.399708,38.537548],[-8.407766,38.528179],[-8.410396,38.525121],[-8.399708,38.537548],[-8.379144,38.545203]]],[[[-8.42313,38.520983],[-8.438545,38.521966],[-8.439922,38.522053],[-8.442175,38.522197],[-8.443904,38.524918],[-8.445501,38.527431],[-8.447724,38.525904],[-8.450456,38.524028],[-8.455718,38.523314],[-8.460124,38.522716],[-8.462023,38.521271],[-8.467252,38.517291],[-8.460124,38.522716],[-8.450456,38.524028],[-8.445501,38.527431],[-8.442175,38.522197],[-8.42313,38.520983]]],[[[-8.475922,38.516767],[-8.475922,38.516769],[-8.480092,38.533201],[-8.488496,38.530617],[-8.492897,38.529264],[-8.494658,38.544464],[-8.494974,38.547195],[-8.492897,38.529264],[-8.480092,38.533201],[-8.475922,38.516767]]],[[[-8.52872,38.511155],[-8.529339,38.514032],[-8.532378,38.528149],[-8.545828,38.529311],[-8.57254,38.531619],[-8.575216,38.547908],[-8.575218,38.547921],[-8.575219,38.547921],[-8.580121,38.54451],[-8.575218,38.547921],[-8.57254,38.531619],[-8.532378,38.528149],[-8.52872,38.511155]]],[[[-8.822243,38.430123],[-8.820889,38.42875],[-8.817889,38.43],[-8.82,38.435389],[-8.822917,38.434139],[-8.822917,38.43199],[-8.822917,38.430806],[-8.822243,38.430123]]],[[[-8.819913,38.42367],[-8.819167,38.422917],[-8.817917,38.424972],[-8.820889,38.427889],[-8.821224,38.427299],[-8.822056,38.425833],[-8.819913,38.42367]]],[[[-8.817917,38.426611],[-8.815889,38.424556],[-8.815861,38.42875],[-8.817528,38.42875],[-8.817917,38.426611]]],[[[-8.824583,38.438306],[-8.822528,38.43625],[-8.820444,38.436639],[-8.822528,38.440361],[-8.824583,38.439972],[-8.824583,38.438306]]],[[[-8.752139,38.514972],[-8.748806,38.51],[-8.745417,38.499167],[-8.744194,38.497917],[-8.740028,38.497889],[-8.738806,38.505],[-8.742083,38.510778],[-8.748333,38.515361],[-8.752139,38.514972]]],[[[-8.752111,38.458333],[-8.747917,38.452472],[-8.747556,38.44875],[-8.744194,38.450417],[-8.739194,38.447889],[-8.735056,38.447917],[-8.72875,38.455806],[-8.727944,38.461639],[-8.730028,38.463722],[-8.739222,38.462861],[-8.740889,38.45875],[-8.745028,38.462889],[-8.748389,38.462889],[-8.752111,38.458333]]]]},"properties":{"key":"ALENTEJO","countryCode":"PRT"}},{"type":"Feature","geometry":{"type":"MultiPolygon","coordinates":[[[[-8.796322,37.442948],[-8.80356,37.437006],[-8.805088,37.437702],[-8.80394,37.435894],[-8.805952,37.435075],[-8.806556,37.430344],[-8.808622,37.428614],[-8.806947,37.422957],[-8.808254,37.419636],[-8.807157,37.418565],[-8.809238,37.418306],[-8.808406,37.413928],[-8.812495,37.40669],[-8.814694,37.405774],[-8.816713,37.397866],[-8.825378,37.383704],[-8.828032,37.382287],[-8.827215,37.380588],[-8.829997,37.376826],[-8.832813,37.376597],[-8.833165,37.372197],[-8.835278,37.371897],[-8.834268,37.37004],[-8.84139,37.358813],[-8.8462,37.355268],[-8.844656,37.352012],[-8.846884,37.349005],[-8.849886,37.34996],[-8.850945,37.344731],[-8.855895,37.341304],[-8.857152,37.338115],[-8.871819,37.322003],[-8.877859,37.321049],[-8.876531,37.315268],[-8.871878,37.311162],[-8.873049,37.308978],[-8.875627,37.309326],[-8.87625,37.306328],[-8.873494,37.302386],[-8.876055,37.3027],[-8.876245,37.301632],[-8.873179,37.300019],[-8.876278,37.295806],[-8.870028,37.296194],[-8.865562,37.293592],[-8.864472,37.289058],[-8.867661,37.283563],[-8.865567,37.282463],[-8.866325,37.277642],[-8.862347,37.275364],[-8.860215,37.269112],[-8.870449,37.245688],[-8.879216,37.233297],[-8.885107,37.220933],[-8.89601,37.206101],[-8.904204,37.19818],[-8.911371,37.199061],[-8.914824,37.196721],[-8.918187,37.196424],[-8.915119,37.192639],[-8.909362,37.189359],[-8.911119,37.188142],[-8.909954,37.187061],[-8.912803,37.185583],[-8.912369,37.183182],[-8.913667,37.18317],[-8.90888,37.180441],[-8.909583,37.175],[-8.903287,37.170526],[-8.903408,37.165374],[-8.910423,37.155916],[-8.909533,37.154116],[-8.913958,37.152321],[-8.913371,37.149285],[-8.919545,37.144185],[-8.917943,37.141948],[-8.919511,37.137357],[-8.925075,37.133372],[-8.926618,37.126869],[-8.938261,37.108207],[-8.946471,37.102503],[-8.945242,37.101888],[-8.948268,37.097896],[-8.951474,37.098421],[-8.953683,37.097435],[-8.953655,37.094635],[-8.958519,37.094119],[-8.957355,37.091187],[-8.959901,37.089507],[-8.962095,37.082088],[-8.961026,37.07878],[-8.962436,37.070128],[-8.966229,37.067462],[-8.968751,37.068591],[-8.968385,37.064892],[-8.973811,37.061045],[-8.974052,37.059102],[-8.979004,37.056841],[-8.980567,37.05012],[-8.983336,37.048825],[-8.979497,37.046651],[-8.979362,37.043853],[-8.986365,37.034943],[-8.989193,37.03374],[-8.986953,37.030166],[-8.989018,37.031004],[-8.994655,37.025528],[-8.995444,37.0225],[-8.991544,37.020704],[-8.988367,37.023955],[-8.985861,37.019583],[-8.983971,37.021871],[-8.985296,37.024176],[-8.984085,37.027014],[-8.983182,37.025906],[-8.981501,37.027439],[-8.975986,37.02691],[-8.971927,37.024729],[-8.96742,37.026534],[-8.963789,37.025273],[-8.959654,37.021453],[-8.956088,37.014749],[-8.953274,37.014371],[-8.952807,37.011181],[-8.947889,37.005833],[-8.947889,37.003306],[-8.951694,36.998376],[-8.949611,36.994139],[-8.946603,36.994026],[-8.947178,36.999874],[-8.942177,37.0046],[-8.934665,37.0053],[-8.931116,37.001824],[-8.924894,37.008653],[-8.925833,37.010389],[-8.930472,37.011667],[-8.92689,37.018902],[-8.92053,37.022128],[-8.911152,37.022979],[-8.909028,37.024559],[-8.909043,37.023331],[-8.906694,37.023722],[-8.90375,37.029167],[-8.897111,37.035778],[-8.895056,37.042083],[-8.887621,37.041458],[-8.885158,37.043828],[-8.880806,37.043722],[-8.878824,37.046317],[-8.875028,37.044528],[-8.871635,37.046501],[-8.865255,37.042577],[-8.857972,37.049139],[-8.855028,37.055444],[-8.839222,37.06125],[-8.825724,37.064406],[-8.808838,37.066154],[-8.795697,37.065445],[-8.792651,37.064691],[-8.791436,37.06247],[-8.788092,37.062844],[-8.783612,37.068344],[-8.778258,37.06886],[-8.775092,37.071194],[-8.764836,37.071329],[-8.763,37.072948],[-8.754538,37.073351],[-8.726927,37.086466],[-8.685742,37.085342],[-8.668041,37.080765],[-8.666377,37.085585],[-8.669513,37.090824],[-8.666508,37.095783],[-8.668207,37.097438],[-8.666546,37.09869],[-8.668898,37.101611],[-8.659709,37.110544],[-8.648333,37.116194],[-8.637528,37.119528],[-8.621639,37.122056],[-8.620417,37.123333],[-8.621694,37.125389],[-8.624222,37.123722],[-8.628361,37.124556],[-8.631722,37.122889],[-8.632944,37.124167],[-8.622944,37.134139],[-8.620833,37.142028],[-8.619611,37.141639],[-8.620417,37.138306],[-8.610028,37.130389],[-8.598361,37.132056],[-8.59875,37.141611],[-8.595444,37.141611],[-8.596278,37.132444],[-8.598389,37.12875],[-8.605917,37.128722],[-8.610833,37.125417],[-8.618333,37.126222],[-8.6175,37.122917],[-8.602358,37.123094],[-8.585833,37.12125],[-8.573758,37.115576],[-8.566722,37.115417],[-8.566016,37.118113],[-8.562308,37.119779],[-8.543643,37.117324],[-8.537528,37.117861],[-8.529967,37.115909],[-8.527056,37.125],[-8.533806,37.131667],[-8.532972,37.140806],[-8.529222,37.144583],[-8.524222,37.146278],[-8.520889,37.152083],[-8.519167,37.152083],[-8.51875,37.149972],[-8.521278,37.146667],[-8.518333,37.14625],[-8.517917,37.144972],[-8.530389,37.14],[-8.530417,37.136694],[-8.522972,37.128306],[-8.522944,37.121667],[-8.519611,37.114139],[-8.521306,37.109972],[-8.519855,37.109966],[-8.519404,37.105317],[-8.516481,37.106083],[-8.502556,37.10125],[-8.482556,37.099556],[-8.466742,37.092843],[-8.460327,37.093296],[-8.44508,37.086476],[-8.442589,37.0859],[-8.440582,37.087723],[-8.438662,37.085685],[-8.418333,37.087083],[-8.41402,37.08944],[-8.400889,37.090417],[-8.392782,37.092788],[-8.389809,37.095629],[-8.3775,37.100417],[-8.371121,37.101654],[-8.359945,37.100604],[-8.342528,37.095444],[-8.301722,37.072944],[-8.284139,37.07375],[-8.273389,37.078722],[-8.263361,37.080417],[-8.251639,37.087917],[-8.2475,37.087889],[-8.237528,37.084556],[-8.230917,37.084583],[-8.228361,37.086222],[-8.220028,37.085417],[-8.215833,37.087917],[-8.207556,37.089556],[-8.181667,37.091222],[-8.143399,37.078887],[-8.115,37.072889],[-8.089194,37.062056],[-8.072528,37.052083],[-8.066694,37.050361],[-8.001993,37.011211],[-8,37.011194],[-7.986278,37.00136],[-7.965861,36.989583],[-7.958599,36.983533],[-7.949139,36.980389],[-7.950806,36.983722],[-7.961694,36.99125],[-7.964194,36.991222],[-7.974167,36.99875],[-7.990917,37.007028],[-8,37.0145],[-8.005028,37.015417],[-8.012528,37.019528],[-8.030056,37.03375],[-8.016667,37.026194],[-8.0125,37.02125],[-8.007556,37.01875],[-8.004611,37.019111],[-8.006222,37.021667],[-8.003778,37.024167],[-8.003361,37.028722],[-8,37.028694],[-7.996722,37.026194],[-7.993,37.028278],[-7.9955,37.032472],[-7.995111,37.036194],[-7.993444,37.032],[-7.98675,37.031194],[-7.985083,37.032889],[-7.984667,37.021611],[-7.987972,37.019139],[-7.988,37.016611],[-7.984694,37.007472],[-7.980083,37.005389],[-7.976361,37.00575],[-7.97675,37.009528],[-7.972583,37.007028],[-7.965944,37.006167],[-7.956778,37.009528],[-7.951694,37.014528],[-7.947167,37.016611],[-7.949222,37.023722],[-7.944222,37.017833],[-7.940472,37.016611],[-7.939222,37.012861],[-7.929278,37.010389],[-7.926306,37.008278],[-7.925917,37.006167],[-7.935056,37.0095],[-7.938,37.008278],[-7.937972,37.00575],[-7.933,37],[-7.928333,36.999611],[-7.921333,37.002472],[-7.923,37.005806],[-7.915083,37.013667],[-7.905889,37.013722],[-7.900944,37.009556],[-7.89675,37.0095],[-7.892611,37.013694],[-7.885944,37.011222],[-7.885472,37.018278],[-7.88175,37.018694],[-7.878417,37.022028],[-7.868444,37.022056],[-7.864194,37.023722],[-7.862528,37.020333],[-7.854278,37.019528],[-7.853861,37.023306],[-7.851778,37.024528],[-7.838417,37.023722],[-7.835083,37.027056],[-7.83175,37.026222],[-7.817611,37.031194],[-7.811806,37.028722],[-7.791722,37.037917],[-7.777583,37.037861],[-7.773417,37.040361],[-7.767583,37.040389],[-7.761722,37.043722],[-7.756722,37.043722],[-7.751722,37.047861],[-7.750889,37.04625],[-7.745889,37.046194],[-7.744694,37.049944],[-7.738833,37.054111],[-7.739222,37.05625],[-7.741722,37.056222],[-7.745111,37.059583],[-7.732583,37.052917],[-7.730472,37.063306],[-7.727556,37.067056],[-7.726361,37.066639],[-7.729667,37.060778],[-7.729278,37.057861],[-7.726722,37.057889],[-7.725889,37.060389],[-7.715944,37.065389],[-7.713833,37.067472],[-7.713833,37.071667],[-7.710944,37.074556],[-7.70675,37.077083],[-7.703472,37.077028],[-7.699222,37.082083],[-7.690111,37.085417],[-7.68675,37.088694],[-7.680111,37.089556],[-7.662583,37.102056],[-7.644278,37.102861],[-7.640889,37.105361],[-7.634694,37.111639],[-7.630472,37.119139],[-7.634694,37.123306],[-7.631778,37.122889],[-7.631722,37.125333],[-7.641778,37.127056],[-7.632556,37.127056],[-7.627583,37.125417],[-7.62425,37.127889],[-7.62175,37.127917],[-7.6305,37.122472],[-7.628417,37.118722],[-7.624278,37.118722],[-7.616722,37.121222],[-7.613806,37.124111],[-7.612972,37.127472],[-7.616778,37.129583],[-7.614222,37.129556],[-7.603389,37.135361],[-7.578444,37.142861],[-7.563417,37.150389],[-7.540944,37.157056],[-7.535917,37.160361],[-7.532194,37.160778],[-7.546722,37.152083],[-7.564194,37.147028],[-7.585111,37.137028],[-7.596778,37.133694],[-7.605528,37.127444],[-7.602652,37.127223],[-7.573229,37.141213],[-7.554911,37.1469],[-7.53144,37.156868],[-7.525889,37.161222],[-7.515944,37.165389],[-7.493361,37.171222],[-7.46402,37.176425],[-7.42425,37.176222],[-7.41615,37.172877],[-7.404365,37.170751],[-7.401564,37.165813],[-7.393417,37.16625],[-7.396641,37.170129],[-7.403861,37.173306],[-7.409667,37.182444],[-7.415472,37.209139],[-7.41925,37.213694],[-7.424639,37.212444],[-7.4205,37.214972],[-7.420917,37.21625],[-7.427194,37.216667],[-7.417583,37.217056],[-7.416361,37.218306],[-7.416278,37.225],[-7.419463,37.237902],[-7.426913,37.24266],[-7.431462,37.246052],[-7.433144,37.252109],[-7.431949,37.259406],[-7.427363,37.264821],[-7.422962,37.270018],[-7.42196,37.274118],[-7.433582,37.288924],[-7.442097,37.311088],[-7.439461,37.32478],[-7.444974,37.34484],[-7.444191,37.348226],[-7.442411,37.350395],[-7.437797,37.355386],[-7.436616,37.363361],[-7.440408,37.390517],[-7.446055,37.397529],[-7.448365,37.400227],[-7.460937,37.406652],[-7.462569,37.4094],[-7.461855,37.411522],[-7.460975,37.413131],[-7.455154,37.414191],[-7.448711,37.415364],[-7.445676,37.419125],[-7.445583,37.419273],[-7.454656,37.426952],[-7.457502,37.42936],[-7.459139,37.43932],[-7.456729,37.452042],[-7.461207,37.456941],[-7.465567,37.461711],[-7.468303,37.467485],[-7.468811,37.468722],[-7.469226,37.476872],[-7.469209,37.478609],[-7.463859,37.485562],[-7.463806,37.486937],[-7.466609,37.489674],[-7.470259,37.492853],[-7.479661,37.495422],[-7.48413,37.498275],[-7.490879,37.508877],[-7.490269,37.518379],[-7.492165,37.522169],[-7.49312,37.522551],[-7.504461,37.522468],[-7.507626,37.522897],[-7.509042,37.523462],[-7.511627,37.525605],[-7.512459,37.526295],[-7.514358,37.525204],[-7.515961,37.528648],[-7.521182,37.526251],[-7.525342,37.528927],[-7.525653,37.526386],[-7.531349,37.523394],[-7.535546,37.522697],[-7.542366,37.523972],[-7.543736,37.520176],[-7.546103,37.520706],[-7.546084,37.52436],[-7.548153,37.525917],[-7.551527,37.522856],[-7.555445,37.524566],[-7.55752,37.522782],[-7.564738,37.52202],[-7.563625,37.526284],[-7.574428,37.529092],[-7.57937,37.516936],[-7.584324,37.513571],[-7.586832,37.513822],[-7.588613,37.516459],[-7.596133,37.513234],[-7.596843,37.511929],[-7.593917,37.509726],[-7.596489,37.50713],[-7.596189,37.503841],[-7.600539,37.500787],[-7.608961,37.502483],[-7.611409,37.499684],[-7.615365,37.499838],[-7.614549,37.494474],[-7.620673,37.489783],[-7.623221,37.492883],[-7.630942,37.494682],[-7.636847,37.500132],[-7.642388,37.499858],[-7.648133,37.494157],[-7.650463,37.497671],[-7.653744,37.498075],[-7.650676,37.501096],[-7.651229,37.502367],[-7.658014,37.500341],[-7.659592,37.504068],[-7.662348,37.505763],[-7.669746,37.502399],[-7.675442,37.505957],[-7.678779,37.502501],[-7.687281,37.502936],[-7.689358,37.501444],[-7.698105,37.50135],[-7.700563,37.499484],[-7.706264,37.498597],[-7.712998,37.501776],[-7.716444,37.496717],[-7.718933,37.497223],[-7.72007,37.494134],[-7.723521,37.492305],[-7.725921,37.493304],[-7.725721,37.496001],[-7.731378,37.496938],[-7.733752,37.490605],[-7.737543,37.489836],[-7.740183,37.491844],[-7.743614,37.491301],[-7.74504,37.489022],[-7.741702,37.487301],[-7.744823,37.486709],[-7.747219,37.483387],[-7.75409,37.479855],[-7.760003,37.484502],[-7.76066,37.486672],[-7.765776,37.487579],[-7.765005,37.482946],[-7.761682,37.481335],[-7.763204,37.479118],[-7.768585,37.480756],[-7.772758,37.47958],[-7.776671,37.476675],[-7.777776,37.472717],[-7.787654,37.468463],[-7.793993,37.471298],[-7.796128,37.466427],[-7.79936,37.46529],[-7.800531,37.462666],[-7.80938,37.459134],[-7.810719,37.456603],[-7.817834,37.453402],[-7.820939,37.452621],[-7.823257,37.454208],[-7.820557,37.461041],[-7.823051,37.462282],[-7.826071,37.459894],[-7.825956,37.453707],[-7.832499,37.448438],[-7.839377,37.449361],[-7.84383,37.447637],[-7.848148,37.449491],[-7.85242,37.44929],[-7.856999,37.445257],[-7.855993,37.437253],[-7.859312,37.437636],[-7.862775,37.435707],[-7.867504,37.440025],[-7.872411,37.438287],[-7.876566,37.43218],[-7.892065,37.434487],[-7.893061,37.429974],[-7.896781,37.425756],[-7.89445,37.423641],[-7.893052,37.426658],[-7.891198,37.426025],[-7.891559,37.421837],[-7.888301,37.415316],[-7.897958,37.418233],[-7.901883,37.417767],[-7.903248,37.415928],[-7.901723,37.413015],[-7.90776,37.404248],[-7.910311,37.405272],[-7.909455,37.410704],[-7.912833,37.410775],[-7.921431,37.40754],[-7.920976,37.412308],[-7.924062,37.413744],[-7.930149,37.406585],[-7.941538,37.403418],[-7.942821,37.404768],[-7.939846,37.40822],[-7.941489,37.410469],[-7.954303,37.403864],[-7.956512,37.405613],[-7.957365,37.40972],[-7.962113,37.410156],[-7.965254,37.409014],[-7.972,37.402288],[-7.975853,37.402969],[-7.978252,37.406333],[-7.983402,37.40681],[-7.98476,37.404981],[-7.981692,37.400568],[-7.984002,37.397001],[-7.989913,37.395863],[-8.000025,37.39795],[-8.000088,37.393049],[-8.004893,37.386064],[-8.003656,37.384874],[-7.999809,37.385086],[-7.999237,37.382612],[-8.006672,37.378158],[-8.00497,37.375379],[-8.003119,37.376912],[-8.000907,37.375981],[-7.999768,37.368433],[-7.995973,37.371449],[-7.99334,37.371565],[-7.995351,37.367052],[-7.994259,37.365977],[-7.990404,37.366552],[-7.990507,37.363037],[-7.993396,37.362129],[-7.998227,37.364391],[-8.001715,37.3603],[-8.001766,37.357798],[-8.006047,37.359284],[-8.003912,37.361733],[-8.005819,37.363203],[-8.0073,37.360652],[-8.01063,37.360941],[-8.011964,37.359172],[-8.015564,37.360438],[-8.018421,37.357927],[-8.015758,37.354877],[-8.019302,37.355229],[-8.0203,37.352601],[-8.028044,37.354377],[-8.030479,37.352289],[-8.027984,37.351048],[-8.028118,37.3491],[-8.033098,37.349887],[-8.033901,37.347905],[-8.038006,37.346931],[-8.035287,37.343368],[-8.032876,37.342845],[-8.03403,37.34137],[-8.036401,37.34349],[-8.037823,37.342951],[-8.034502,37.338326],[-8.037607,37.337393],[-8.042477,37.340688],[-8.043262,37.336849],[-8.048749,37.337326],[-8.04998,37.336309],[-8.045704,37.334957],[-8.04671,37.333842],[-8.045217,37.332571],[-8.046604,37.33162],[-8.047986,37.332636],[-8.054611,37.327805],[-8.057687,37.323033],[-8.063519,37.324461],[-8.062233,37.323345],[-8.065847,37.318937],[-8.075272,37.323877],[-8.076357,37.32641],[-8.082919,37.328827],[-8.089714,37.327033],[-8.095875,37.328908],[-8.103804,37.326287],[-8.107043,37.326693],[-8.107384,37.329143],[-8.112885,37.328069],[-8.122761,37.331687],[-8.12968,37.330435],[-8.132965,37.332447],[-8.14822,37.331805],[-8.153361,37.334393],[-8.158052,37.333617],[-8.168772,37.337852],[-8.172997,37.337263],[-8.174716,37.340238],[-8.179778,37.34078],[-8.182547,37.342753],[-8.187202,37.34108],[-8.192129,37.343341],[-8.201089,37.350851],[-8.19861,37.353131],[-8.199176,37.354392],[-8.207803,37.354509],[-8.216657,37.359595],[-8.225963,37.368805],[-8.23084,37.367606],[-8.233222,37.370612],[-8.239311,37.373678],[-8.239897,37.376331],[-8.24607,37.377799],[-8.248619,37.384753],[-8.259222,37.388037],[-8.262782,37.387159],[-8.263814,37.384281],[-8.266701,37.38394],[-8.270233,37.387933],[-8.275614,37.387158],[-8.27557,37.3931],[-8.273402,37.394701],[-8.275729,37.402672],[-8.264626,37.407984],[-8.27843,37.413785],[-8.277878,37.416596],[-8.279674,37.417971],[-8.277931,37.420131],[-8.279145,37.42208],[-8.277852,37.425504],[-8.287787,37.431873],[-8.290708,37.431785],[-8.292039,37.429935],[-8.29577,37.431115],[-8.295865,37.433343],[-8.301972,37.434281],[-8.302795,37.431678],[-8.309857,37.431644],[-8.310726,37.433209],[-8.31346,37.43338],[-8.31389,37.436686],[-8.317592,37.439374],[-8.319681,37.439216],[-8.321373,37.429097],[-8.327932,37.425403],[-8.32911,37.423217],[-8.331491,37.423888],[-8.331888,37.429277],[-8.335125,37.430806],[-8.336386,37.433384],[-8.342977,37.425675],[-8.346297,37.426207],[-8.350101,37.429244],[-8.357505,37.428622],[-8.357269,37.432827],[-8.36423,37.430274],[-8.366653,37.431849],[-8.368467,37.428106],[-8.371438,37.426329],[-8.377927,37.427265],[-8.380075,37.425495],[-8.385491,37.428603],[-8.386877,37.424871],[-8.394297,37.427495],[-8.395186,37.425713],[-8.400483,37.426161],[-8.401198,37.424142],[-8.406807,37.424328],[-8.408099,37.419064],[-8.417362,37.419753],[-8.420078,37.415179],[-8.418283,37.411388],[-8.419486,37.409368],[-8.425098,37.410216],[-8.423258,37.40768],[-8.424231,37.405572],[-8.421625,37.395312],[-8.423208,37.390714],[-8.425794,37.390504],[-8.430174,37.383401],[-8.440938,37.386356],[-8.44178,37.388338],[-8.444753,37.382153],[-8.446856,37.386422],[-8.448761,37.383043],[-8.450803,37.383053],[-8.450921,37.37665],[-8.454543,37.373719],[-8.477188,37.381145],[-8.481135,37.384131],[-8.485953,37.382844],[-8.494181,37.386008],[-8.502684,37.384615],[-8.507442,37.3856],[-8.510387,37.383951],[-8.511741,37.379744],[-8.515084,37.378718],[-8.516874,37.381401],[-8.520704,37.381693],[-8.533058,37.389222],[-8.536111,37.389427],[-8.540837,37.394107],[-8.560623,37.406369],[-8.573189,37.411985],[-8.576805,37.410029],[-8.576555,37.407713],[-8.584856,37.403518],[-8.586788,37.404648],[-8.589555,37.402367],[-8.599073,37.402763],[-8.602766,37.40074],[-8.61024,37.402886],[-8.620878,37.401134],[-8.62493,37.39732],[-8.627849,37.389674],[-8.633917,37.386558],[-8.636516,37.377868],[-8.639656,37.375394],[-8.644014,37.376029],[-8.644423,37.379456],[-8.648393,37.379433],[-8.646194,37.3834],[-8.650818,37.385579],[-8.654084,37.384502],[-8.654183,37.389254],[-8.659582,37.396075],[-8.659275,37.397936],[-8.663987,37.400727],[-8.670199,37.398452],[-8.671823,37.40184],[-8.674794,37.398984],[-8.675167,37.401739],[-8.677043,37.402739],[-8.678688,37.398712],[-8.681881,37.397146],[-8.682143,37.399842],[-8.683958,37.400693],[-8.687691,37.395462],[-8.697554,37.399649],[-8.699765,37.399156],[-8.700432,37.397144],[-8.705799,37.396764],[-8.706725,37.400387],[-8.714055,37.396787],[-8.71602,37.399529],[-8.720191,37.39824],[-8.721251,37.401513],[-8.723251,37.401165],[-8.722636,37.398177],[-8.72457,37.396793],[-8.727245,37.39798],[-8.726907,37.400985],[-8.728328,37.401872],[-8.729833,37.400668],[-8.728966,37.397921],[-8.733504,37.395185],[-8.735503,37.400309],[-8.738451,37.402041],[-8.736292,37.410129],[-8.739436,37.412199],[-8.739052,37.414467],[-8.742979,37.41612],[-8.746582,37.414831],[-8.749252,37.417052],[-8.749057,37.42052],[-8.744169,37.424022],[-8.746622,37.425283],[-8.748713,37.422825],[-8.752361,37.42387],[-8.751303,37.427714],[-8.748747,37.429565],[-8.749683,37.431878],[-8.753179,37.431945],[-8.753177,37.430413],[-8.757879,37.429041],[-8.759753,37.430934],[-8.76188,37.430623],[-8.760695,37.43326],[-8.768008,37.434522],[-8.768706,37.436566],[-8.781053,37.433864],[-8.78607,37.435926],[-8.788786,37.434161],[-8.796322,37.440073],[-8.796322,37.442948]]],[[[-7.615501,37.118148],[-7.618389,37.119528],[-7.622583,37.117056],[-7.628389,37.116194],[-7.641722,37.102056],[-7.656722,37.102056],[-7.667556,37.091222],[-7.675917,37.091222],[-7.681722,37.087889],[-7.685917,37.087889],[-7.68925,37.084556],[-7.695083,37.082028],[-7.698389,37.07625],[-7.705917,37.076194],[-7.710083,37.073667],[-7.711333,37.071639],[-7.708778,37.070806],[-7.713028,37.068333],[-7.713,37.066611],[-7.71925,37.060389],[-7.73425,37.051222],[-7.742556,37.050389],[-7.743833,37.046611],[-7.739194,37.045361],[-7.710509,37.062605],[-7.66247,37.08549],[-7.618051,37.113285],[-7.615501,37.118148]]],[[[-7.759355,37.034324],[-7.755111,37.037861],[-7.746778,37.041222],[-7.744639,37.044111],[-7.749278,37.045361],[-7.753389,37.042889],[-7.760083,37.042889],[-7.778389,37.032833],[-7.782611,37.032889],[-7.785917,37.031194],[-7.795111,37.032028],[-7.798361,37.028694],[-7.802583,37.02875],[-7.808833,37.022444],[-7.800917,37.017056],[-7.790944,37.016194],[-7.759355,37.034324]]],[[[-7.83817,36.985474],[-7.828806,36.992472],[-7.827944,36.998306],[-7.83,36.998722],[-7.834639,36.995],[-7.835889,36.991222],[-7.836278,36.995],[-7.838389,36.996222],[-7.841667,36.996194],[-7.845861,36.989556],[-7.850889,36.991194],[-7.866278,36.9775],[-7.867111,36.974139],[-7.86539,36.973195],[-7.83817,36.985474]]],[[[-7.90238,36.963725],[-7.875833,36.96375],[-7.869639,36.967472],[-7.867917,36.973333],[-7.869167,36.975417],[-7.874222,36.975417],[-7.880028,36.96875],[-7.891667,36.96875],[-7.896694,36.967083],[-7.917528,36.971222],[-7.922528,36.97625],[-7.928389,36.975389],[-7.935,36.977056],[-7.945056,36.982056],[-7.945444,36.98],[-7.921652,36.969195],[-7.90238,36.963725]]],[[[-7.919639,37.004972],[-7.911778,37.000361],[-7.906694,37.002028],[-7.899222,37.000361],[-7.889694,37.009083],[-7.889639,37.011611],[-7.891778,37.012889],[-7.895889,37.008694],[-7.90175,37.008694],[-7.906778,37.012],[-7.913389,37.012861],[-7.919694,37.007417],[-7.919639,37.004972]]],[[[-7.787139,37.034944],[-7.785861,37.033722],[-7.781722,37.03375],[-7.775056,37.035389],[-7.771389,37.038278],[-7.78675,37.037056],[-7.787139,37.034944]]],[[[-7.882139,37.016583],[-7.880111,37.013694],[-7.874222,37.012833],[-7.867583,37.007861],[-7.864639,37.009139],[-7.866306,37.010778],[-7.866306,37.01575],[-7.871722,37.021222],[-7.878361,37.021167],[-7.882139,37.016583]]],[[[-7.8655,37.012472],[-7.86425,37.010333],[-7.861333,37.011639],[-7.863417,37.014528],[-7.8655,37.012472]]],[[[-7.869667,37.02075],[-7.860944,37.012889],[-7.859222,37.012861],[-7.858028,37.016639],[-7.860056,37.018722],[-7.86425,37.020361],[-7.865083,37.022028],[-7.869667,37.02075]]],[[[-7.858028,37.007417],[-7.85425,37.001194],[-7.848417,37.001194],[-7.84425,37.002889],[-7.83925,37.007],[-7.83425,37.007889],[-7.8255,37.019111],[-7.828444,37.018694],[-7.83675,37.012889],[-7.841806,37.013722],[-7.830889,37.017861],[-7.826306,37.022444],[-7.828444,37.023722],[-7.832583,37.022861],[-7.838444,37.018694],[-7.843444,37.017861],[-7.85425,37.012028],[-7.858028,37.007417]]],[[[-7.856306,37.016611],[-7.85175,37.016222],[-7.845861,37.017889],[-7.842167,37.022444],[-7.846806,37.022889],[-7.856306,37.016611]]],[[[-7.884694,37.014139],[-7.882139,37.01325],[-7.884194,37.017861],[-7.884694,37.014139]]],[[[-7.893833,37.002444],[-7.890083,37.001194],[-7.88675,37.003694],[-7.883417,37.003722],[-7.881778,37.002028],[-7.87425,37.000361],[-7.871333,37.004111],[-7.871278,37.008306],[-7.875083,37.011194],[-7.883417,37.012083],[-7.888389,37.009528],[-7.893833,37.002444]]],[[[-7.952972,36.9925],[-7.951722,36.990417],[-7.949222,36.990389],[-7.945472,36.992472],[-7.948333,36.997083],[-7.951722,36.99625],[-7.952972,36.9925]]],[[[-7.942139,36.9925],[-7.94,36.992028],[-7.935444,36.996639],[-7.935833,36.99875],[-7.938333,36.997917],[-7.942139,36.9925]]],[[[-7.945444,36.995],[-7.942083,36.995833],[-7.944222,36.99625],[-7.945444,36.995]]],[[[-7.935417,36.993306],[-7.934194,36.992889],[-7.931722,36.997056],[-7.933361,36.997083],[-7.935417,36.993306]]],[[[-7.934611,36.979167],[-7.933333,36.977889],[-7.928361,36.977917],[-7.927528,36.979556],[-7.923389,36.979583],[-7.922944,36.981694],[-7.924222,36.982917],[-7.932583,36.982056],[-7.934611,36.979167]]],[[[-7.94625,36.998333],[-7.945861,36.997056],[-7.940833,36.997889],[-7.936361,37.001639],[-7.941778,37.001222],[-7.94625,36.998333]]],[[[-7.918778,36.979139],[-7.916667,36.976194],[-7.911278,36.974944],[-7.913778,36.980806],[-7.911278,36.984167],[-7.912528,36.987083],[-7.918778,36.979139]]],[[[-7.973361,36.999528],[-7.969167,36.997889],[-7.965806,36.998722],[-7.962972,37.004944],[-7.975944,37.005361],[-7.977139,37.002444],[-7.973361,36.999528]]],[[[-7.940472,36.983278],[-7.939194,36.982056],[-7.936278,36.9825],[-7.936694,36.98375],[-7.940472,36.983278]]],[[[-7.949167,36.99875],[-7.947972,37],[-7.949222,37.007056],[-7.955889,37.006194],[-7.962167,37],[-7.960444,36.994167],[-7.955861,36.99125],[-7.95375,36.9925],[-7.953778,36.996611],[-7.949167,36.99875]]],[[[-7.990472,37.029111],[-7.986778,37.027889],[-7.986333,37.029944],[-7.990028,37.030361],[-7.990472,37.029111]]],[[[-7.999611,37.01825],[-7.997583,37.016194],[-7.995083,37.016222],[-7.990083,37.009528],[-7.987528,37.008722],[-7.987194,37.013278],[-7.990472,37.018306],[-7.988833,37.023306],[-7.990083,37.027056],[-7.998389,37.025333],[-7.999611,37.01825]]],[[[-7.988806,37.021611],[-7.987611,37.020389],[-7.9855,37.022417],[-7.985944,37.026222],[-7.987944,37.025778],[-7.988806,37.021611]]],[[[-7.962139,37.003278],[-7.958833,37.004111],[-7.960083,37.007056],[-7.962167,37.005806],[-7.962139,37.003278]]],[[[-7.945444,37.001639],[-7.942611,37.001167],[-7.938778,37.004111],[-7.940944,37.008694],[-7.945472,37.004972],[-7.945444,37.001639]]],[[[-7.958,37.007417],[-7.949222,37.008722],[-7.94425,37.007028],[-7.942139,37.009111],[-7.941333,37.014944],[-7.945889,37.016194],[-7.958,37.007417]]],[[[-7.883778,36.970861],[-7.880806,36.969556],[-7.877917,36.973333],[-7.878361,36.975444],[-7.882528,36.974556],[-7.883778,36.970861]]],[[[-7.901278,36.984972],[-7.899194,36.98125],[-7.894972,36.98125],[-7.892528,36.978722],[-7.890444,36.979167],[-7.890417,36.980833],[-7.899167,36.98875],[-7.901306,36.988306],[-7.901278,36.984972]]],[[[-7.910444,36.978306],[-7.9075,36.973722],[-7.901278,36.980806],[-7.903306,36.982889],[-7.907083,36.982472],[-7.902917,36.985],[-7.904194,36.990389],[-7.909639,36.989972],[-7.910444,36.978306]]],[[[-7.877111,36.998333],[-7.87725,37],[-7.884194,37.002861],[-7.890861,36.999611],[-7.908861,37.000056],[-7.907528,36.996194],[-7.900889,36.99625],[-7.894222,36.989556],[-7.888333,36.991222],[-7.879222,36.99125],[-7.877917,36.9925],[-7.879139,36.995417],[-7.883389,36.99375],[-7.889167,36.99375],[-7.887056,36.995833],[-7.88875,36.997528],[-7.877111,36.998333]]],[[[-7.874167,36.99875],[-7.876278,36.997472],[-7.876306,36.994139],[-7.872528,36.990389],[-7.865833,36.987917],[-7.859972,36.988722],[-7.85375,36.995],[-7.855056,36.99875],[-7.860028,37.001194],[-7.865111,37.006222],[-7.86925,37.006222],[-7.869667,37.002444],[-7.874167,36.99875]]],[[[-7.907167,36.993278],[-7.899611,36.992472],[-7.903333,36.995417],[-7.906694,36.995389],[-7.907167,36.993278]]],[[[-7.903806,36.973333],[-7.900861,36.969583],[-7.895806,36.968722],[-7.885833,36.972083],[-7.883722,36.974972],[-7.889194,36.976222],[-7.895056,36.97125],[-7.892111,36.976667],[-7.895,36.979556],[-7.899222,36.979583],[-7.902083,36.978306],[-7.903806,36.973333]]],[[[-7.924639,36.988278],[-7.922083,36.981694],[-7.919194,36.980389],[-7.910444,36.992444],[-7.913333,36.995389],[-7.915889,36.995417],[-7.919167,36.992083],[-7.923306,36.991194],[-7.924639,36.988278]]],[[[-7.930472,36.994194],[-7.928389,36.99125],[-7.926667,36.991222],[-7.925444,36.995806],[-7.930028,36.99625],[-7.930472,36.994194]]],[[[-7.924611,36.994139],[-7.920861,36.992889],[-7.914583,36.998333],[-7.918333,36.999556],[-7.9225,36.99875],[-7.924611,36.994139]]],[[[-7.935389,36.984139],[-7.926694,36.983722],[-7.924583,36.986694],[-7.928389,36.989583],[-7.930833,36.989556],[-7.935444,36.985806],[-7.935389,36.984139]]],[[[-7.933806,36.990833],[-7.931667,36.990417],[-7.930444,36.991667],[-7.9325,36.992889],[-7.933806,36.990833]]],[[[-7.938778,36.991611],[-7.936722,36.99125],[-7.936278,36.992472],[-7.938778,36.991611]]],[[[-7.939611,36.985778],[-7.937528,36.985417],[-7.935417,36.987472],[-7.935889,36.990389],[-7.93875,36.989972],[-7.939611,36.985778]]],[[[-7.9505,36.986639],[-7.944167,36.984583],[-7.940417,36.987528],[-7.940444,36.989972],[-7.950028,36.98875],[-7.9505,36.986639]]],[[[-7.611278,37.129167],[-7.609306,37.128694],[-7.607972,37.130778],[-7.610111,37.131222],[-7.611278,37.129167]]],[[[-7.674694,37.092444],[-7.673417,37.09125],[-7.668417,37.092056],[-7.660472,37.099972],[-7.665944,37.098722],[-7.674694,37.092444]]],[[[-7.891278,36.986667],[-7.880833,36.978722],[-7.875889,36.97875],[-7.865389,36.984139],[-7.8775,36.990417],[-7.8875,36.990417],[-7.89125,36.988333],[-7.891278,36.986667]]],[[[-7.701306,37.077472],[-7.69925,37.077056],[-7.697222,37.079139],[-7.697611,37.081194],[-7.701361,37.079139],[-7.701306,37.077472]]]]},"properties":{"key":"ALGARVE","countryCode":"PRT"}},{"type":"Feature","geometry":{"type":"MultiPolygon","coordinates":[[[[-25.160533,36.941606],[-25.156166,36.940398],[-25.152557,36.941595],[-25.148185,36.946216],[-25.145457,36.945545],[-25.14105,36.939305],[-25.13657,36.94297],[-25.134988,36.942339],[-25.127134,36.946679],[-25.12249,36.945181],[-25.115056,36.952083],[-25.108156,36.950882],[-25.104167,36.952083],[-25.091697,36.94947],[-25.083223,36.944545],[-25.081778,36.939197],[-25.079576,36.938684],[-25.076092,36.933659],[-25.073051,36.933522],[-25.069775,36.929214],[-25.063003,36.929217],[-25.057066,36.931285],[-25.053602,36.929499],[-25.047535,36.93],[-25.046306,36.92888],[-25.034036,36.931686],[-25.032788,36.930456],[-25.028145,36.933273],[-25.025994,36.932393],[-25.025718,36.929236],[-25.024275,36.930451],[-25.019083,36.929722],[-25.01726,36.927844],[-25.015456,36.928749],[-25.017944,36.932472],[-25.014619,36.942477],[-25.019583,36.949167],[-25.017917,36.952528],[-25.020751,36.952616],[-25.021697,36.954369],[-25.016305,36.959918],[-25.020472,36.961667],[-25.019691,36.963436],[-25.023045,36.967019],[-25.026601,36.965027],[-25.027728,36.966423],[-25.029301,36.965615],[-25.031306,36.970833],[-25.027972,36.972472],[-25.031481,36.972986],[-25.037186,36.978269],[-25.039662,36.977891],[-25.03919,36.981461],[-25.04609,36.984002],[-25.046784,36.985976],[-25.052236,36.985584],[-25.055078,36.988661],[-25.054718,36.995122],[-25.051278,36.998278],[-25.053822,37.002748],[-25.051964,37.005369],[-25.052097,37.010947],[-25.059079,37.015186],[-25.062055,37.014478],[-25.063011,37.016445],[-25.06516,37.015714],[-25.064016,37.01296],[-25.065442,37.010385],[-25.071141,37.01108],[-25.073361,37.009583],[-25.081893,37.011008],[-25.088484,37.016991],[-25.089461,37.014544],[-25.092914,37.01506],[-25.095156,37.012997],[-25.097345,37.014346],[-25.099238,37.01249],[-25.101927,37.01268],[-25.102602,37.010796],[-25.109131,37.013406],[-25.110345,37.006717],[-25.117531,37.003859],[-25.128834,37.008409],[-25.135493,37.002097],[-25.139306,37.004667],[-25.144167,37.005389],[-25.146278,37.007472],[-25.146278,37.011444],[-25.148514,37.008754],[-25.154604,37.008191],[-25.157184,37.004939],[-25.16418,37.006526],[-25.166499,37.003866],[-25.170208,37.004165],[-25.170371,37.000787],[-25.173786,36.998035],[-25.181353,36.997407],[-25.185561,36.984894],[-25.174308,36.968621],[-25.174437,36.961848],[-25.17106,36.954335],[-25.172394,36.95144],[-25.1671,36.947197],[-25.167908,36.944845],[-25.164798,36.944509],[-25.160533,36.941606]]],[[[-25.774278,37.908687],[-25.787214,37.908768],[-25.790861,37.902861],[-25.805889,37.894556],[-25.812556,37.897889],[-25.816694,37.89625],[-25.81925,37.899556],[-25.822069,37.898146],[-25.823324,37.894675],[-25.821123,37.892194],[-25.825576,37.891103],[-25.823853,37.886907],[-25.827972,37.880806],[-25.833333,37.876222],[-25.839583,37.877624],[-25.838722,37.873945],[-25.840833,37.871194],[-25.84427,37.872372],[-25.847083,37.864111],[-25.850833,37.860361],[-25.854517,37.860402],[-25.85137,37.8569],[-25.85319,37.852783],[-25.841998,37.835753],[-25.840798,37.828198],[-25.820924,37.81714],[-25.816033,37.810013],[-25.808116,37.807523],[-25.805048,37.80394],[-25.799863,37.80295],[-25.797816,37.800682],[-25.792717,37.800633],[-25.78783,37.798376],[-25.786755,37.794456],[-25.780774,37.792125],[-25.775781,37.78287],[-25.767937,37.782457],[-25.759548,37.774411],[-25.751205,37.771754],[-25.737111,37.763085],[-25.729563,37.754337],[-25.716291,37.749685],[-25.712436,37.743909],[-25.707916,37.740694],[-25.698748,37.737368],[-25.695662,37.734823],[-25.690653,37.734599],[-25.687442,37.732913],[-25.670016,37.734613],[-25.672505,37.735567],[-25.670821,37.736421],[-25.67176,37.737128],[-25.666368,37.739604],[-25.662096,37.739547],[-25.658464,37.742502],[-25.656947,37.740728],[-25.650943,37.742265],[-25.649236,37.74131],[-25.648348,37.744175],[-25.645237,37.743803],[-25.643827,37.74531],[-25.641879,37.743634],[-25.639771,37.744897],[-25.638064,37.743002],[-25.637825,37.744924],[-25.631525,37.748182],[-25.631071,37.750207],[-25.624002,37.750685],[-25.621682,37.748876],[-25.618493,37.750357],[-25.611091,37.745064],[-25.608137,37.745277],[-25.607832,37.743804],[-25.59641,37.745763],[-25.59228,37.74252],[-25.586437,37.742066],[-25.584528,37.740181],[-25.580048,37.740487],[-25.579526,37.74171],[-25.576699,37.741033],[-25.575661,37.742361],[-25.574315,37.741021],[-25.573055,37.742408],[-25.566282,37.743413],[-25.562264,37.737878],[-25.552107,37.733445],[-25.550915,37.730593],[-25.550166,37.731426],[-25.54409,37.728157],[-25.543475,37.726335],[-25.538111,37.724325],[-25.529688,37.715728],[-25.519726,37.717537],[-25.516705,37.716506],[-25.51592,37.714489],[-25.517484,37.713453],[-25.514947,37.713107],[-25.514076,37.7106],[-25.511634,37.709842],[-25.511811,37.707998],[-25.509326,37.70796],[-25.509655,37.706425],[-25.507564,37.708432],[-25.500348,37.70849],[-25.496485,37.7113],[-25.495636,37.714199],[-25.494472,37.71299],[-25.491869,37.715095],[-25.486528,37.7155],[-25.482365,37.718593],[-25.479148,37.716697],[-25.475759,37.717598],[-25.471554,37.715989],[-25.469485,37.713383],[-25.465865,37.712703],[-25.464062,37.715324],[-25.462556,37.715781],[-25.46025,37.713711],[-25.45943,37.715692],[-25.456235,37.716571],[-25.443216,37.711664],[-25.43493,37.714288],[-25.430704,37.713527],[-25.4296,37.716158],[-25.426444,37.716758],[-25.417581,37.713681],[-25.410522,37.716544],[-25.401723,37.714858],[-25.390517,37.716709],[-25.372001,37.713221],[-25.367397,37.713883],[-25.358547,37.721143],[-25.351426,37.724475],[-25.340888,37.726062],[-25.336647,37.724653],[-25.33349,37.72645],[-25.326093,37.72664],[-25.318726,37.724606],[-25.312934,37.730341],[-25.308921,37.730333],[-25.307044,37.728921],[-25.302541,37.733614],[-25.294115,37.734329],[-25.291092,37.736135],[-25.289147,37.733783],[-25.290013,37.735684],[-25.287864,37.738519],[-25.285242,37.738379],[-25.276173,37.743977],[-25.267914,37.745741],[-25.25202,37.74714],[-25.245428,37.74471],[-25.242478,37.745856],[-25.223745,37.74033],[-25.21742,37.736758],[-25.205826,37.735234],[-25.201514,37.735919],[-25.194595,37.740939],[-25.190106,37.742123],[-25.170739,37.742245],[-25.161701,37.74707],[-25.149852,37.758195],[-25.141116,37.772871],[-25.140256,37.776342],[-25.144611,37.790028],[-25.144611,37.795861],[-25.135472,37.8075],[-25.139639,37.819167],[-25.13625,37.824972],[-25.141278,37.829167],[-25.148806,37.848333],[-25.151096,37.850668],[-25.157528,37.851222],[-25.164791,37.855644],[-25.171694,37.85625],[-25.174848,37.858038],[-25.180854,37.85703],[-25.194554,37.859146],[-25.229911,37.853509],[-25.244222,37.85375],[-25.249351,37.856058],[-25.253333,37.855417],[-25.261639,37.861222],[-25.264637,37.861733],[-25.269302,37.859155],[-25.273333,37.85875],[-25.277779,37.860243],[-25.281839,37.857511],[-25.284983,37.858534],[-25.289813,37.855137],[-25.294317,37.85608],[-25.297528,37.854528],[-25.301524,37.857284],[-25.307891,37.857389],[-25.314773,37.861214],[-25.317421,37.866077],[-25.319349,37.863997],[-25.324297,37.862504],[-25.327005,37.854857],[-25.33484,37.852269],[-25.337358,37.849153],[-25.349501,37.845789],[-25.352468,37.846555],[-25.360379,37.840679],[-25.366888,37.8389],[-25.370294,37.839381],[-25.384707,37.832975],[-25.389506,37.835823],[-25.393062,37.835355],[-25.404533,37.826894],[-25.415,37.82625],[-25.41855,37.827507],[-25.419403,37.824995],[-25.424969,37.824779],[-25.426903,37.822796],[-25.428525,37.82444],[-25.43,37.822889],[-25.429639,37.83],[-25.431694,37.832083],[-25.433824,37.832074],[-25.435271,37.831064],[-25.434865,37.827935],[-25.437742,37.827519],[-25.440699,37.822811],[-25.447528,37.822889],[-25.4525,37.827083],[-25.455833,37.822028],[-25.463361,37.825389],[-25.46675,37.825389],[-25.471694,37.822917],[-25.476618,37.830668],[-25.478615,37.830432],[-25.478766,37.832649],[-25.484827,37.835114],[-25.482917,37.839167],[-25.486219,37.842446],[-25.485942,37.846342],[-25.489167,37.847083],[-25.490718,37.846248],[-25.491358,37.841624],[-25.493094,37.842876],[-25.494413,37.839974],[-25.496103,37.839835],[-25.498994,37.841068],[-25.500271,37.843881],[-25.501948,37.838573],[-25.509625,37.83327],[-25.519647,37.829731],[-25.522205,37.825744],[-25.525939,37.823551],[-25.537753,37.821287],[-25.553257,37.815472],[-25.557822,37.817672],[-25.561729,37.814989],[-25.567719,37.817932],[-25.577528,37.815444],[-25.582157,37.818077],[-25.584322,37.813552],[-25.586667,37.813722],[-25.599312,37.820279],[-25.603333,37.820389],[-25.605,37.823722],[-25.6125,37.82375],[-25.626368,37.832247],[-25.627664,37.830709],[-25.628988,37.833492],[-25.629886,37.83166],[-25.634767,37.831464],[-25.640385,37.828462],[-25.650823,37.832326],[-25.659194,37.831222],[-25.670889,37.835417],[-25.676722,37.835361],[-25.681278,37.84],[-25.681667,37.845389],[-25.682276,37.84298],[-25.683228,37.844791],[-25.686903,37.845296],[-25.686465,37.842409],[-25.6887,37.841646],[-25.692972,37.844139],[-25.693348,37.851229],[-25.697844,37.855854],[-25.698635,37.863327],[-25.703361,37.86375],[-25.705417,37.865833],[-25.708544,37.876181],[-25.719629,37.887417],[-25.7275,37.887083],[-25.73,37.889583],[-25.733417,37.888694],[-25.739478,37.894068],[-25.746722,37.895361],[-25.751722,37.899528],[-25.755028,37.899583],[-25.762528,37.904583],[-25.770028,37.905389],[-25.774278,37.908687]]],[[[-28.472971,38.559991],[-28.477048,38.560512],[-28.481594,38.558183],[-28.498528,38.554687],[-28.504423,38.551539],[-28.506655,38.552429],[-28.50825,38.549904],[-28.513684,38.549171],[-28.51997,38.544962],[-28.521287,38.539579],[-28.529393,38.537968],[-28.532942,38.53646],[-28.529553,38.537426],[-28.529928,38.536637],[-28.529016,38.536689],[-28.530578,38.536002],[-28.528735,38.534422],[-28.53067,38.533432],[-28.534137,38.534324],[-28.536646,38.531273],[-28.536367,38.526771],[-28.53789,38.525935],[-28.5419,38.509558],[-28.539139,38.495784],[-28.541569,38.494788],[-28.540366,38.49297],[-28.54184,38.492063],[-28.539242,38.488227],[-28.539094,38.484296],[-28.529212,38.470241],[-28.521227,38.465015],[-28.516177,38.451662],[-28.478919,38.435192],[-28.468659,38.432334],[-28.464511,38.432805],[-28.462761,38.430497],[-28.45957,38.43046],[-28.445038,38.420397],[-28.430613,38.421172],[-28.4275,38.422028],[-28.421722,38.427083],[-28.415584,38.428049],[-28.402699,38.426018],[-28.393324,38.420885],[-28.380517,38.417815],[-28.367598,38.412402],[-28.359167,38.415417],[-28.351647,38.415827],[-28.341578,38.412915],[-28.330884,38.414456],[-28.320332,38.411742],[-28.304268,38.410601],[-28.291775,38.412627],[-28.272521,38.412441],[-28.260835,38.407994],[-28.256491,38.404094],[-28.25446,38.400488],[-28.256712,38.399982],[-28.255811,38.39764],[-28.253889,38.399318],[-28.253328,38.397675],[-28.254423,38.39614],[-28.257426,38.397442],[-28.258618,38.395559],[-28.256461,38.395659],[-28.255902,38.393786],[-28.257593,38.392718],[-28.255149,38.391487],[-28.255837,38.389817],[-28.252234,38.391117],[-28.251514,38.389029],[-28.251547,38.392499],[-28.250321,38.391421],[-28.252778,38.386307],[-28.250822,38.387194],[-28.239861,38.38207],[-28.223664,38.38674],[-28.211667,38.393722],[-28.201691,38.394539],[-28.185056,38.408722],[-28.177443,38.409497],[-28.159159,38.407488],[-28.150043,38.408435],[-28.138069,38.406295],[-28.118047,38.4061],[-28.093719,38.399656],[-28.08284,38.400049],[-28.07739,38.404048],[-28.068032,38.402143],[-28.065,38.404528],[-28.058555,38.404576],[-28.053326,38.407916],[-28.04317,38.407886],[-28.04,38.410444],[-28.030417,38.412472],[-28.032111,38.422528],[-28.035444,38.426667],[-28.038849,38.430092],[-28.043333,38.430361],[-28.047538,38.434565],[-28.058389,38.439556],[-28.060408,38.443654],[-28.07322,38.446604],[-28.073444,38.445557],[-28.078005,38.445506],[-28.079269,38.446725],[-28.080074,38.445289],[-28.104166,38.448948],[-28.131995,38.450616],[-28.140908,38.452624],[-28.145831,38.456137],[-28.162177,38.457442],[-28.171087,38.456364],[-28.177453,38.45969],[-28.181667,38.459556],[-28.184401,38.462922],[-28.190806,38.462056],[-28.197083,38.467472],[-28.198389,38.47125],[-28.202111,38.471667],[-28.203361,38.476222],[-28.210833,38.480389],[-28.218573,38.480585],[-28.223553,38.484544],[-28.232081,38.487099],[-28.236722,38.490417],[-28.241096,38.498034],[-28.243588,38.499281],[-28.258389,38.497056],[-28.265062,38.49976],[-28.269484,38.499149],[-28.282736,38.506975],[-28.294252,38.505903],[-28.302309,38.512306],[-28.308142,38.522077],[-28.310028,38.522056],[-28.311788,38.524252],[-28.315576,38.523679],[-28.322528,38.528722],[-28.322828,38.53186],[-28.329669,38.53633],[-28.336722,38.535361],[-28.339447,38.538668],[-28.345028,38.539583],[-28.36902,38.551242],[-28.380028,38.552028],[-28.390947,38.558193],[-28.39876,38.558054],[-28.41463,38.561431],[-28.431434,38.557271],[-28.442358,38.558896],[-28.448335,38.555211],[-28.467219,38.559964],[-28.472971,38.559991]]],[[[-28.714093,38.64375],[-28.716281,38.643741],[-28.727922,38.636586],[-28.732253,38.629304],[-28.742893,38.617684],[-28.755057,38.610766],[-28.760861,38.610389],[-28.768552,38.613019],[-28.777657,38.610173],[-28.78792,38.611693],[-28.803417,38.61059],[-28.813494,38.60842],[-28.813689,38.606844],[-28.819709,38.603534],[-28.823211,38.604624],[-28.826542,38.602518],[-28.833253,38.603728],[-28.834763,38.599253],[-28.828698,38.597523],[-28.828771,38.590723],[-28.82819,38.591904],[-28.825396,38.591357],[-28.821967,38.586311],[-28.815686,38.581475],[-28.801572,38.575872],[-28.796421,38.571905],[-28.781488,38.564622],[-28.777103,38.565509],[-28.773224,38.564583],[-28.767615,38.566522],[-28.760733,38.562549],[-28.752846,38.547686],[-28.750411,38.529448],[-28.747735,38.527753],[-28.748546,38.524835],[-28.753827,38.524761],[-28.753317,38.522533],[-28.743229,38.524148],[-28.725796,38.519194],[-28.725746,38.517969],[-28.709167,38.517944],[-28.70197,38.520466],[-28.681111,38.520679],[-28.671675,38.523584],[-28.662652,38.521865],[-28.655604,38.523947],[-28.650116,38.522321],[-28.647528,38.52375],[-28.642643,38.523623],[-28.640861,38.525444],[-28.630903,38.524352],[-28.628138,38.526355],[-28.625688,38.523325],[-28.631241,38.520748],[-28.632526,38.517508],[-28.630535,38.516799],[-28.629167,38.519583],[-28.628699,38.518386],[-28.627082,38.519454],[-28.624008,38.516172],[-28.62125,38.518333],[-28.621306,38.520806],[-28.625417,38.524972],[-28.627944,38.537472],[-28.620861,38.542889],[-28.607604,38.54346],[-28.604611,38.545806],[-28.605417,38.549167],[-28.610472,38.554194],[-28.612083,38.564167],[-28.605417,38.569194],[-28.605389,38.571639],[-28.609611,38.5775],[-28.609639,38.581667],[-28.605417,38.589167],[-28.600417,38.593306],[-28.606694,38.600417],[-28.612528,38.602917],[-28.623295,38.612027],[-28.646147,38.616067],[-28.659088,38.626114],[-28.6625,38.627111],[-28.663934,38.630733],[-28.673176,38.634575],[-28.676091,38.634096],[-28.686385,38.639319],[-28.699401,38.641442],[-28.704448,38.643637],[-28.714093,38.64375]]],[[[-28.316734,38.755926],[-28.316534,38.753027],[-28.304349,38.746013],[-28.294257,38.7345],[-28.283787,38.728587],[-28.278413,38.722654],[-28.273214,38.720237],[-28.268802,38.715896],[-28.257401,38.710459],[-28.249498,38.709247],[-28.241838,38.70494],[-28.230074,38.701158],[-28.22594,38.69533],[-28.225963,38.693568],[-28.229205,38.691389],[-28.227353,38.690304],[-28.225,38.692083],[-28.219011,38.690338],[-28.220444,38.684813],[-28.224338,38.68228],[-28.222414,38.679831],[-28.219826,38.679187],[-28.213404,38.680763],[-28.209657,38.676979],[-28.205083,38.679583],[-28.20288,38.677862],[-28.204428,38.679833],[-28.200765,38.68015],[-28.196903,38.677225],[-28.194868,38.670244],[-28.190836,38.666951],[-28.168332,38.660027],[-28.149056,38.649612],[-28.137776,38.647136],[-28.132886,38.645187],[-28.132974,38.643902],[-28.128156,38.644584],[-28.126488,38.642305],[-28.122223,38.640919],[-28.123217,38.639517],[-28.121717,38.637946],[-28.113507,38.637524],[-28.108742,38.634019],[-28.104363,38.633245],[-28.104725,38.631736],[-28.101777,38.632566],[-28.099671,38.631103],[-28.097885,38.632247],[-28.0783,38.627804],[-28.073333,38.628722],[-28.065941,38.626689],[-28.046691,38.616959],[-28.044259,38.613615],[-28.040111,38.612602],[-28.034043,38.608159],[-28.034034,38.606122],[-28.02456,38.601389],[-28.01515,38.599899],[-28.009232,38.601815],[-27.994117,38.59599],[-27.991389,38.596439],[-27.981848,38.593802],[-27.974167,38.597028],[-27.97071,38.59682],[-27.955259,38.589994],[-27.942702,38.58947],[-27.92881,38.580443],[-27.922819,38.578404],[-27.919618,38.573797],[-27.910732,38.569235],[-27.900846,38.564895],[-27.888817,38.562626],[-27.877314,38.555833],[-27.868266,38.553647],[-27.860419,38.54609],[-27.830709,38.534337],[-27.795674,38.535201],[-27.792528,38.537056],[-27.77529,38.53652],[-27.764167,38.542056],[-27.761254,38.542044],[-27.761278,38.544944],[-27.756306,38.549139],[-27.767021,38.557942],[-27.770833,38.558722],[-27.783149,38.567198],[-27.789169,38.567026],[-27.795889,38.569556],[-27.800012,38.574355],[-27.817266,38.577954],[-27.819542,38.57988],[-27.821879,38.578516],[-27.823714,38.580818],[-27.825889,38.580389],[-27.827541,38.582468],[-27.8325,38.583722],[-27.844072,38.590335],[-27.885861,38.607083],[-27.887668,38.608927],[-27.903137,38.614501],[-27.917156,38.616086],[-27.926306,38.621639],[-27.930898,38.628352],[-27.934697,38.62654],[-27.947762,38.633443],[-27.960671,38.637351],[-27.965624,38.643266],[-27.976929,38.644029],[-27.983389,38.647889],[-27.994414,38.658176],[-28.004586,38.660399],[-28.024572,38.672],[-28.03428,38.670589],[-28.045428,38.672513],[-28.051165,38.676648],[-28.052286,38.679892],[-28.054364,38.678484],[-28.055628,38.679915],[-28.056651,38.676819],[-28.059311,38.676362],[-28.078454,38.681162],[-28.093716,38.689365],[-28.105853,38.692598],[-28.119222,38.692917],[-28.122972,38.694972],[-28.123788,38.697496],[-28.129194,38.697028],[-28.134373,38.698985],[-28.146667,38.70625],[-28.161694,38.709528],[-28.165317,38.71181],[-28.17656,38.713635],[-28.187191,38.718822],[-28.199194,38.720389],[-28.215685,38.727189],[-28.225833,38.72875],[-28.228218,38.731115],[-28.234194,38.730444],[-28.238264,38.734514],[-28.244222,38.735417],[-28.268706,38.746326],[-28.287528,38.75125],[-28.316734,38.755926]]],[[[-27.257948,38.803043],[-27.26015,38.799983],[-27.270933,38.802371],[-27.279842,38.800811],[-27.287317,38.801172],[-27.332236,38.794055],[-27.349989,38.786082],[-27.357266,38.781198],[-27.362143,38.781269],[-27.361749,38.778531],[-27.364161,38.77814],[-27.364553,38.775886],[-27.367017,38.775851],[-27.365792,38.772557],[-27.370324,38.765671],[-27.377475,38.767248],[-27.37709,38.764825],[-27.372674,38.762919],[-27.371374,38.759742],[-27.379398,38.746907],[-27.378385,38.73059],[-27.377045,38.727115],[-27.373969,38.725422],[-27.369388,38.707611],[-27.362194,38.701321],[-27.361164,38.697859],[-27.351018,38.686733],[-27.340713,38.680735],[-27.332742,38.678865],[-27.329879,38.675071],[-27.325814,38.675253],[-27.321476,38.672143],[-27.307513,38.667575],[-27.2866,38.654971],[-27.280866,38.656112],[-27.276888,38.65225],[-27.271948,38.65533],[-27.268614,38.654587],[-27.267825,38.657007],[-27.255478,38.654273],[-27.253326,38.656242],[-27.248944,38.656869],[-27.247619,38.655204],[-27.244,38.654784],[-27.241264,38.656452],[-27.239117,38.655177],[-27.235471,38.656748],[-27.231215,38.655152],[-27.229652,38.655849],[-27.227742,38.650211],[-27.23397,38.643792],[-27.226745,38.639057],[-27.217917,38.6425],[-27.222972,38.649111],[-27.220684,38.653492],[-27.214402,38.652625],[-27.213511,38.651761],[-27.215532,38.65069],[-27.212518,38.650776],[-27.2065,38.654757],[-27.195136,38.651262],[-27.186793,38.654497],[-27.181877,38.654153],[-27.180498,38.652146],[-27.175676,38.654559],[-27.169236,38.654461],[-27.158575,38.651047],[-27.155715,38.647982],[-27.148227,38.647095],[-27.142198,38.644187],[-27.13529,38.644731],[-27.13237,38.643649],[-27.117021,38.648072],[-27.107722,38.643769],[-27.104755,38.643885],[-27.097291,38.64845],[-27.089125,38.642369],[-27.079223,38.643294],[-27.079583,38.648333],[-27.077111,38.65],[-27.077972,38.654167],[-27.076306,38.655833],[-27.077111,38.660806],[-27.075444,38.663333],[-27.07625,38.669972],[-27.07093,38.671991],[-27.0675,38.676278],[-27.055875,38.67751],[-27.054589,38.680741],[-27.05875,38.683306],[-27.055896,38.686174],[-27.052374,38.685556],[-27.042111,38.696667],[-27.044583,38.699167],[-27.043307,38.703786],[-27.050443,38.709134],[-27.050834,38.712002],[-27.052456,38.710886],[-27.056075,38.712459],[-27.05739,38.711046],[-27.059902,38.713082],[-27.056663,38.713504],[-27.057681,38.715317],[-27.058771,38.713569],[-27.061624,38.715185],[-27.062179,38.723277],[-27.060028,38.730417],[-27.055837,38.732162],[-27.05649,38.730445],[-27.05352,38.730716],[-27.045548,38.736737],[-27.053753,38.739706],[-27.060389,38.745806],[-27.062083,38.749972],[-27.061882,38.760924],[-27.066209,38.762089],[-27.068678,38.765686],[-27.07463,38.767567],[-27.093147,38.780547],[-27.095635,38.780516],[-27.09591,38.782101],[-27.098582,38.781644],[-27.103368,38.785713],[-27.11014,38.785685],[-27.124305,38.781588],[-27.126901,38.783085],[-27.12975,38.781082],[-27.136064,38.787577],[-27.140878,38.782547],[-27.144901,38.788143],[-27.146019,38.785501],[-27.148318,38.786712],[-27.150014,38.785811],[-27.164167,38.791416],[-27.178389,38.792889],[-27.182348,38.79644],[-27.188783,38.793965],[-27.194241,38.797497],[-27.195972,38.795147],[-27.200895,38.800286],[-27.202122,38.795673],[-27.206848,38.798998],[-27.208697,38.797964],[-27.214354,38.800477],[-27.216913,38.797133],[-27.21588,38.793431],[-27.224369,38.793249],[-27.228712,38.791095],[-27.234324,38.798429],[-27.23734,38.796949],[-27.241701,38.797184],[-27.245152,38.798217],[-27.247275,38.801858],[-27.25126,38.800867],[-27.257948,38.803043]]],[[[-28.029358,39.096278],[-28.028786,39.09722],[-28.030553,39.096254],[-28.035656,39.097141],[-28.03837,39.09509],[-28.044592,39.095566],[-28.044271,39.093681],[-28.049979,39.094661],[-28.049193,39.092641],[-28.052068,39.093057],[-28.051257,39.091573],[-28.055002,39.088128],[-28.053676,39.083292],[-28.056799,39.079989],[-28.06167,39.078079],[-28.068277,39.071013],[-28.070974,39.070763],[-28.070469,39.068316],[-28.072403,39.066578],[-28.070529,39.065456],[-28.06715,39.065995],[-28.066734,39.061254],[-28.05702,39.054413],[-28.046633,39.033521],[-28.035125,39.024333],[-28.035329,39.023028],[-28.01774,39.024635],[-28.007887,39.024121],[-28.007418,39.020047],[-27.999513,39.017795],[-27.998721,39.014306],[-27.995513,39.012563],[-27.991087,39.013753],[-27.987972,39.011729],[-27.982624,39.01228],[-27.980181,39.010411],[-27.977175,39.011357],[-27.970486,39.008698],[-27.965171,39.009529],[-27.96,39.012917],[-27.951897,39.013492],[-27.95375,39.0175],[-27.950445,39.017637],[-27.950471,39.023996],[-27.955417,39.0275],[-27.954583,39.030833],[-27.957944,39.040806],[-27.971278,39.049972],[-27.972111,39.057444],[-27.977972,39.060833],[-27.985417,39.074972],[-27.991692,39.082011],[-27.99517,39.082153],[-27.997895,39.084085],[-27.995417,39.085806],[-27.998978,39.088698],[-28.005279,39.086274],[-28.00557,39.08761],[-28.008754,39.087672],[-28.019641,39.094584],[-28.029358,39.096278]]],[[[-31.206315,39.523487],[-31.209972,39.520472],[-31.234139,39.520389],[-31.235333,39.519139],[-31.231194,39.514222],[-31.231167,39.509194],[-31.233361,39.507111],[-31.235028,39.507917],[-31.240778,39.499611],[-31.246772,39.498957],[-31.247417,39.493806],[-31.251667,39.492889],[-31.257783,39.488343],[-31.257655,39.477642],[-31.255333,39.472528],[-31.256167,39.459944],[-31.258278,39.458778],[-31.262089,39.459741],[-31.267111,39.450806],[-31.260389,39.444972],[-31.257917,39.440083],[-31.257944,39.433389],[-31.262944,39.425],[-31.260444,39.421694],[-31.261278,39.418389],[-31.257083,39.415056],[-31.256616,39.41063],[-31.249583,39.405056],[-31.25075,39.402083],[-31.256222,39.399139],[-31.25375,39.394972],[-31.256194,39.391694],[-31.252,39.385056],[-31.252912,39.382588],[-31.247139,39.379139],[-31.247576,39.375465],[-31.245014,39.376337],[-31.232556,39.372917],[-31.223861,39.372917],[-31.220627,39.375791],[-31.201637,39.372643],[-31.198616,39.373853],[-31.192538,39.372808],[-31.180343,39.375533],[-31.176327,39.374875],[-31.169051,39.377514],[-31.170963,39.380251],[-31.166145,39.383896],[-31.160334,39.385503],[-31.159466,39.393422],[-31.152665,39.399117],[-31.148237,39.408138],[-31.150105,39.413262],[-31.148511,39.415611],[-31.150394,39.416123],[-31.150688,39.418146],[-31.148806,39.423464],[-31.1423,39.425955],[-31.136798,39.425105],[-31.139675,39.429512],[-31.144075,39.430443],[-31.141043,39.431854],[-31.14449,39.433323],[-31.144036,39.436479],[-31.138391,39.443686],[-31.127377,39.44865],[-31.127494,39.451179],[-31.125366,39.451672],[-31.124476,39.454608],[-31.126327,39.456746],[-31.124334,39.458381],[-31.126426,39.4585],[-31.126249,39.4627],[-31.136214,39.463189],[-31.139683,39.469921],[-31.14848,39.474652],[-31.14838,39.482696],[-31.150577,39.485195],[-31.14872,39.486585],[-31.15488,39.491859],[-31.153347,39.497163],[-31.157811,39.502464],[-31.16575,39.497111],[-31.17562,39.498848],[-31.175356,39.501299],[-31.183731,39.498484],[-31.187123,39.501912],[-31.195834,39.503889],[-31.196515,39.506089],[-31.1942,39.506276],[-31.196094,39.5076],[-31.202414,39.50833],[-31.203679,39.514151],[-31.206495,39.515033],[-31.207922,39.518442],[-31.207892,39.519838],[-31.205457,39.520603],[-31.206315,39.523487]]],[[[-31.104961,39.725455],[-31.113278,39.722083],[-31.119139,39.724528],[-31.12034,39.723431],[-31.117,39.720889],[-31.117056,39.719194],[-31.12375,39.710028],[-31.12375,39.70425],[-31.126194,39.701722],[-31.123722,39.691722],[-31.115306,39.682528],[-31.116194,39.677528],[-31.12125,39.673361],[-31.118012,39.669442],[-31.112131,39.669588],[-31.110207,39.672849],[-31.103509,39.675011],[-31.093195,39.683491],[-31.087435,39.686211],[-31.082534,39.698865],[-31.082178,39.706945],[-31.087805,39.718786],[-31.104961,39.725455]]]]},"properties":{"key":"ACORES","countryCode":"PRT"}},{"type":"Feature","geometry":{"type":"MultiPolygon","coordinates":[[[[-16.026326,30.034927],[-16.028544,30.032725],[-16.02311,30.032128],[-16.026326,30.034927]]],[[[-15.860677,30.153331],[-15.870444,30.150833],[-15.872056,30.148306],[-15.87125,30.144972],[-15.873916,30.14203],[-15.870356,30.141097],[-15.869452,30.137852],[-15.86594,30.13974],[-15.861307,30.137494],[-15.855116,30.138839],[-15.860332,30.145227],[-15.856371,30.149542],[-15.860677,30.153331]]],[[[-16.488737,32.460367],[-16.491306,32.439972],[-16.481222,32.419111],[-16.481306,32.415],[-16.47628,32.409008],[-16.463078,32.403773],[-16.473948,32.41647],[-16.480532,32.420499],[-16.485314,32.428463],[-16.485265,32.436449],[-16.489331,32.449474],[-16.488737,32.460367]]],[[[-16.516478,32.527332],[-16.508806,32.517472],[-16.508722,32.513306],[-16.501278,32.504111],[-16.498778,32.491667],[-16.490445,32.481398],[-16.489201,32.48903],[-16.492179,32.495004],[-16.493212,32.502592],[-16.498209,32.51049],[-16.499918,32.519946],[-16.506848,32.526991],[-16.509448,32.53367],[-16.516286,32.540802],[-16.521032,32.549794],[-16.521344,32.554042],[-16.531443,32.562136],[-16.534499,32.568926],[-16.537056,32.569139],[-16.537944,32.561694],[-16.53375,32.556639],[-16.53375,32.544972],[-16.532083,32.542528],[-16.533334,32.537716],[-16.523898,32.534582],[-16.516478,32.527332]]],[[[-16.543121,32.587315],[-16.544583,32.585833],[-16.543022,32.579587],[-16.540896,32.577377],[-16.543121,32.587315]]],[[[-16.659391,32.727737],[-16.660725,32.729444],[-16.662079,32.72817],[-16.659391,32.727737]]],[[[-16.673313,32.732597],[-16.670995,32.732277],[-16.670748,32.730939],[-16.666858,32.731028],[-16.666682,32.72962],[-16.662182,32.730388],[-16.664167,32.730417],[-16.665028,32.732917],[-16.669167,32.732917],[-16.671639,32.735417],[-16.675031,32.735403],[-16.675354,32.733866],[-16.673313,32.732597]]],[[[-16.677194,32.735009],[-16.677664,32.739957],[-16.679214,32.738364],[-16.677194,32.735009]]],[[[-16.890012,32.64627],[-16.872205,32.644147],[-16.849913,32.636322],[-16.849654,32.639007],[-16.84706,32.64011],[-16.842318,32.639599],[-16.836839,32.641279],[-16.831194,32.640369],[-16.82809,32.644139],[-16.824136,32.645744],[-16.822112,32.649879],[-16.813877,32.652065],[-16.812363,32.655542],[-16.8067,32.660199],[-16.808047,32.660445],[-16.807457,32.661874],[-16.805216,32.663473],[-16.803442,32.662902],[-16.801575,32.673947],[-16.792289,32.686091],[-16.789366,32.687987],[-16.784588,32.687522],[-16.773473,32.690906],[-16.769979,32.699619],[-16.768102,32.700707],[-16.769726,32.700381],[-16.761306,32.707387],[-16.761727,32.712031],[-16.764961,32.715407],[-16.764153,32.716988],[-16.761603,32.718838],[-16.759274,32.718054],[-16.759763,32.717149],[-16.756177,32.71969],[-16.752149,32.727405],[-16.748613,32.728276],[-16.749263,32.73121],[-16.747081,32.731576],[-16.745943,32.734713],[-16.742337,32.735653],[-16.7405,32.734692],[-16.737622,32.736776],[-16.734436,32.734726],[-16.735679,32.737057],[-16.734391,32.736102],[-16.730327,32.73782],[-16.735234,32.732923],[-16.730083,32.736844],[-16.730599,32.739174],[-16.726213,32.740714],[-16.725286,32.742395],[-16.719064,32.741638],[-16.715866,32.74278],[-16.714273,32.741233],[-16.710547,32.741475],[-16.714171,32.740433],[-16.707308,32.741963],[-16.703469,32.738807],[-16.700554,32.741412],[-16.697178,32.741013],[-16.697632,32.745396],[-16.703333,32.745417],[-16.7075,32.747056],[-16.715028,32.74375],[-16.721694,32.744583],[-16.724167,32.747056],[-16.732556,32.746278],[-16.734847,32.749351],[-16.736172,32.748069],[-16.741694,32.752028],[-16.757556,32.752111],[-16.764139,32.75625],[-16.768389,32.754583],[-16.770861,32.757056],[-16.777556,32.755417],[-16.786791,32.763558],[-16.789167,32.760417],[-16.791694,32.76125],[-16.796667,32.759556],[-16.810833,32.765417],[-16.815056,32.763722],[-16.820028,32.764556],[-16.821019,32.767882],[-16.827409,32.772801],[-16.826246,32.77637],[-16.828368,32.774574],[-16.830743,32.776353],[-16.832701,32.782644],[-16.838333,32.784556],[-16.840985,32.787755],[-16.850028,32.789611],[-16.858889,32.79851],[-16.858447,32.804571],[-16.863361,32.804583],[-16.865861,32.807056],[-16.87,32.807917],[-16.878806,32.816667],[-16.881639,32.822917],[-16.891694,32.82625],[-16.897562,32.830044],[-16.900203,32.834395],[-16.904194,32.831222],[-16.910833,32.830444],[-16.912472,32.827889],[-16.927528,32.827889],[-16.931722,32.82375],[-16.936667,32.827056],[-16.954167,32.826222],[-16.959194,32.823722],[-16.966722,32.823722],[-16.972528,32.826222],[-16.979139,32.824556],[-16.983762,32.827767],[-16.990028,32.825417],[-16.995,32.821222],[-17.000833,32.820389],[-17.009194,32.814583],[-17.025056,32.81125],[-17.030861,32.807889],[-17.038361,32.809556],[-17.045861,32.805417],[-17.060028,32.807917],[-17.063333,32.810389],[-17.071667,32.810361],[-17.076694,32.812861],[-17.086722,32.812861],[-17.102119,32.81973],[-17.103424,32.821396],[-17.102893,32.822588],[-17.101321,32.821924],[-17.102066,32.824328],[-17.10296,32.822876],[-17.104237,32.824583],[-17.119222,32.824583],[-17.131722,32.83125],[-17.137111,32.835833],[-17.139603,32.840193],[-17.14625,32.843306],[-17.146819,32.845875],[-17.149539,32.847421],[-17.150934,32.853011],[-17.16559,32.864339],[-17.176667,32.863722],[-17.188361,32.867083],[-17.193361,32.867056],[-17.217528,32.842917],[-17.223361,32.842917],[-17.229139,32.835444],[-17.236694,32.830389],[-17.240833,32.830417],[-17.242111,32.824944],[-17.249167,32.817083],[-17.26375,32.811667],[-17.260616,32.807783],[-17.251259,32.801887],[-17.245417,32.794139],[-17.240417,32.781639],[-17.242762,32.770573],[-17.234807,32.764489],[-17.228305,32.754583],[-17.224225,32.751042],[-17.224072,32.752435],[-17.222983,32.751923],[-17.220342,32.747632],[-17.215885,32.745886],[-17.214104,32.74116],[-17.209107,32.735356],[-17.197947,32.730359],[-17.191535,32.724515],[-17.182752,32.72263],[-17.178239,32.719768],[-17.177829,32.720689],[-17.175234,32.719762],[-17.174918,32.718631],[-17.176314,32.71905],[-17.171709,32.716493],[-17.173403,32.718714],[-17.17067,32.717771],[-17.172102,32.717418],[-17.170921,32.716202],[-17.168409,32.716385],[-17.159097,32.711625],[-17.152219,32.710086],[-17.143884,32.703623],[-17.138627,32.703351],[-17.104344,32.678256],[-17.098229,32.680146],[-17.095097,32.679069],[-17.096932,32.680066],[-17.095851,32.681049],[-17.08951,32.678428],[-17.085635,32.67951],[-17.071852,32.675232],[-17.063467,32.667704],[-17.063896,32.668797],[-17.060961,32.669214],[-17.049723,32.664866],[-17.034738,32.661514],[-17.022087,32.653821],[-17.016598,32.652416],[-17.003684,32.653929],[-16.993898,32.650866],[-16.986073,32.651247],[-16.980344,32.649472],[-16.975607,32.646793],[-16.975605,32.645425],[-16.974785,32.647913],[-16.971554,32.644464],[-16.960036,32.643241],[-16.957051,32.641154],[-16.955195,32.641883],[-16.94786,32.636593],[-16.946303,32.63308],[-16.93935,32.633766],[-16.9391,32.635609],[-16.937177,32.63624],[-16.932631,32.635161],[-16.926003,32.63711],[-16.925003,32.639886],[-16.923421,32.639413],[-16.920986,32.641604],[-16.915277,32.640844],[-16.909346,32.641362],[-16.917043,32.641488],[-16.911516,32.645213],[-16.911826,32.646075],[-16.911057,32.644979],[-16.909439,32.646204],[-16.910749,32.644692],[-16.906336,32.646626],[-16.890012,32.64627]]],[[[-16.689725,32.74743],[-16.691829,32.746727],[-16.686932,32.744878],[-16.68627,32.741945],[-16.681962,32.738517],[-16.682701,32.737074],[-16.679142,32.738897],[-16.685085,32.747375],[-16.689725,32.74743]]],[[[-16.381913,33.014189],[-16.389611,33.0075],[-16.389594,33.004471],[-16.385946,33.003772],[-16.385363,33.001227],[-16.383333,33.00125],[-16.38193,32.996118],[-16.379909,32.9981],[-16.380741,33.003009],[-16.383623,33.005387],[-16.381209,33.010745],[-16.381913,33.014189]]],[[[-16.404153,33.037841],[-16.4075,33.038722],[-16.407741,33.035332],[-16.404153,33.037841]]],[[[-16.287124,33.058198],[-16.288674,33.056904],[-16.285028,33.05625],[-16.287124,33.058198]]],[[[-16.277526,33.052902],[-16.282556,33.055417],[-16.283778,33.054167],[-16.2812,33.052185],[-16.277526,33.052902]]],[[[-16.319128,33.10473],[-16.325861,33.098722],[-16.328389,33.099556],[-16.329972,33.097083],[-16.334194,33.097083],[-16.335,33.095417],[-16.341694,33.09375],[-16.344167,33.091194],[-16.348389,33.091278],[-16.352889,33.0875],[-16.354194,33.083722],[-16.360028,33.082111],[-16.360889,33.080361],[-16.366667,33.080417],[-16.367944,33.079139],[-16.36625,33.075833],[-16.367528,33.074583],[-16.3725,33.074583],[-16.375444,33.072472],[-16.372917,33.071639],[-16.374524,33.069473],[-16.371306,33.067472],[-16.37375,33.063333],[-16.372917,33.058306],[-16.377111,33.055806],[-16.375417,33.0525],[-16.376694,33.051222],[-16.379611,33.051639],[-16.380444,33.048306],[-16.385417,33.043333],[-16.385833,33.039556],[-16.390056,33.041222],[-16.39425,33.037753],[-16.391278,33.035833],[-16.390977,33.031648],[-16.387326,33.032741],[-16.386429,33.030102],[-16.38382,33.030782],[-16.384344,33.02917],[-16.379906,33.024395],[-16.377476,33.0241],[-16.357558,33.03729],[-16.339753,33.053664],[-16.324168,33.061749],[-16.317218,33.062451],[-16.315236,33.05952],[-16.315267,33.061729],[-16.317174,33.062986],[-16.310839,33.062357],[-16.310726,33.059847],[-16.310159,33.062193],[-16.307692,33.062877],[-16.302657,33.061986],[-16.300258,33.059903],[-16.295902,33.060966],[-16.293077,33.059823],[-16.298211,33.068941],[-16.29587,33.070514],[-16.296792,33.071556],[-16.293999,33.075658],[-16.289275,33.07597],[-16.292595,33.077301],[-16.292017,33.079079],[-16.294288,33.082787],[-16.298579,33.082867],[-16.29948,33.084223],[-16.298859,33.087345],[-16.296753,33.088338],[-16.297486,33.089829],[-16.293965,33.09102],[-16.295207,33.092566],[-16.293622,33.095629],[-16.302528,33.094556],[-16.304604,33.097324],[-16.308878,33.09711],[-16.311019,33.101549],[-16.316847,33.102062],[-16.319128,33.10473]]]]},"properties":{"key":"MADEIRA","countryCode":"PRT"}},{"type":"Feature","geometry":{"type":"Polygon","coordinates":[[[33.780935,34.976345],[33.78183,34.976223],[33.80421,34.972602],[33.819672,34.964748],[33.847423,34.94245],[33.862315,34.937893],[33.874522,34.94123],[33.8838,34.949123],[33.891841,34.958139],[33.899913,34.965155],[33.910167,34.97016],[33.957286,34.98192],[34.011567,34.987616],[34.023448,34.982571],[34.034516,34.97248],[34.059418,34.96662],[34.085216,34.964342],[34.099132,34.965155],[34.087087,34.97191],[34.073416,34.988105],[34.062185,35.005683],[34.051036,35.033026],[34.035899,35.047187],[34.021961,35.057009],[34.012289,35.063795],[34.008911,35.059722],[33.962919,35.0683],[33.941111,35.059722],[33.925402,35.06277],[33.912896,35.065923],[33.906591,35.069049],[33.906505,35.069105],[33.908245,35.070729],[33.914446,35.073054],[33.921474,35.080702],[33.913619,35.090882],[33.905868,35.090882],[33.905868,35.09636],[33.903594,35.099512],[33.89884,35.108814],[33.891812,35.110468],[33.889435,35.118994],[33.876206,35.118994],[33.871555,35.100236],[33.871555,35.085456],[33.876929,35.076826],[33.871555,35.073054],[33.866904,35.06675],[33.853571,35.058171],[33.842719,35.056621],[33.834865,35.063597],[33.824012,35.06675],[33.798278,35.052642],[33.79435,35.040188],[33.786495,35.038534],[33.77554,35.040188],[33.766135,35.03161],[33.739677,35.047216],[33.718489,35.032385],[33.707585,35.029284],[33.711461,35.040963],[33.719368,35.06277],[33.714717,35.06675],[33.705312,35.06675],[33.69446,35.058171],[33.678853,35.055794],[33.674099,35.046441],[33.675649,35.037036],[33.679435,35.033899],[33.670999,35.030834],[33.656116,35.032385],[33.652188,35.030834],[33.637512,35.030834],[33.614051,35.046441],[33.602269,35.041687],[33.59152,35.033935],[33.578963,35.035485],[33.566405,35.04334],[33.561755,35.058171],[33.55545,35.06675],[33.546872,35.073054],[33.540671,35.073054],[33.536795,35.06675],[33.535193,35.056621],[33.528992,35.055794],[33.516434,35.059722],[33.507184,35.061272],[33.500156,35.061272],[33.493852,35.056621],[33.486204,35.038534],[33.481449,35.03161],[33.478349,35.019104],[33.476799,35.008975],[33.476799,35.002722],[33.466567,35.0051],[33.465843,35.014401],[33.471321,35.038534],[33.476799,35.057396],[33.476799,35.076826],[33.476799,35.09481],[33.469771,35.104163],[33.45096,35.132224],[33.440005,35.148657],[33.427706,35.168139],[33.424502,35.182195],[33.421401,35.193874],[33.413547,35.199403],[33.400317,35.197749],[33.388535,35.188396],[33.380784,35.178267],[33.374531,35.17434],[33.344817,35.16664],[33.326213,35.16664],[33.315258,35.161886],[33.2996,35.162661],[33.270816,35.168966],[33.240224,35.171291],[33.223997,35.179146],[33.190253,35.189946],[33.15749,35.185295],[33.141935,35.180644],[33.120128,35.160336],[33.109121,35.158785],[33.09584,35.169741],[33.078683,35.16509],[33.056101,35.155685],[33.031141,35.149432],[33.013984,35.141629],[32.989076,35.131448],[32.969543,35.112793],[32.946908,35.102613],[32.934351,35.100236],[32.922724,35.098737],[32.911768,35.100236],[32.888411,35.102613],[32.876732,35.100236],[32.870427,35.097962],[32.861022,35.087782],[32.854924,35.079152],[32.839215,35.079927],[32.829913,35.100236],[32.814307,35.116617],[32.794773,35.126798],[32.759633,35.133774],[32.743975,35.137753],[32.731521,35.143179],[32.720566,35.153359],[32.712711,35.163436],[32.710592,35.175322],[32.711388,35.181632],[32.691549,35.183705],[32.659813,35.187082],[32.650401,35.188056],[32.640694,35.187077],[32.639434,35.183745],[32.634783,35.172841],[32.626204,35.16509],[32.615197,35.163436],[32.602743,35.17434],[32.601899,35.178616],[32.584809,35.172512],[32.574718,35.1706],[32.568207,35.17178],[32.566498,35.172716],[32.55893,35.176907],[32.553966,35.178046],[32.548188,35.175971],[32.545421,35.17121],[32.543468,35.16649],[32.527599,35.15705],[32.516856,35.140204],[32.501964,35.109198],[32.479666,35.082953],[32.449962,35.058824],[32.413829,35.043036],[32.372325,35.04149],[32.353363,35.047919],[32.336681,35.058743],[32.306895,35.085598],[32.286632,35.097154],[32.275157,35.091051],[32.271739,35.072821],[32.276134,35.047756],[32.28419,35.032375],[32.305919,35.00141],[32.310313,34.982571],[32.310313,34.960761],[32.312185,34.950263],[32.331391,34.924221],[32.322765,34.911363],[32.323416,34.898424],[32.329438,34.88642],[32.337657,34.87641],[32.34669,34.868598],[32.367931,34.857001],[32.379161,34.849066],[32.402354,34.796454],[32.403005,34.787055],[32.407074,34.782416],[32.413341,34.753485],[32.419119,34.747992],[32.458995,34.721869],[32.475841,34.713202],[32.493337,34.707261],[32.535818,34.703559],[32.556651,34.699368],[32.575043,34.692816],[32.626231,34.66649],[32.665782,34.652167],[32.707367,34.645413],[32.749197,34.649848],[32.760671,34.653225],[32.812836,34.668647],[32.834321,34.670966],[32.857432,34.669013],[32.913585,34.656684],[32.915863,34.63939],[32.944672,34.593695],[32.940929,34.574774],[32.940929,34.568549],[33.030284,34.568549],[33.030284,34.574774],[33.009125,34.597398],[33.009939,34.624905],[33.015635,34.634425],[33.02589,34.651313],[33.072276,34.686754],[33.086436,34.69481],[33.101899,34.698228],[33.173595,34.705146],[33.245616,34.698228],[33.260102,34.700507],[33.272553,34.707343],[33.281586,34.712348],[33.29656,34.718166],[33.37086,34.730862],[33.399181,34.745307],[33.400157,34.773383],[33.415212,34.75845],[33.43865,34.762763],[33.467621,34.774319],[33.499522,34.780829],[33.513194,34.785468],[33.525157,34.795966],[33.535492,34.807522],[33.5442,34.815009],[33.556977,34.817776],[33.59018,34.818061],[33.605642,34.821763],[33.610037,34.82746],[33.616954,34.845282],[33.623057,34.849066],[33.632579,34.852484],[33.63502,34.860745],[33.632986,34.879828],[33.634776,34.89765],[33.639822,34.915676],[33.646658,34.931952],[33.654063,34.944729],[33.680349,34.966295],[33.701508,34.972886],[33.717296,34.977769],[33.760427,34.979682],[33.780935,34.976345]]]},"properties":{"key":"SOUTH","countryCode":"CYP"}},{"type":"Feature","geometry":{"type":"MultiPolygon","coordinates":[[[[34.012289,35.063795],[33.978689,35.08747],[33.966807,35.100084],[33.961925,35.112616],[33.953624,35.122626],[33.913748,35.156236],[33.899913,35.164455],[33.9074,35.242906],[33.91212,35.259996],[33.923595,35.278551],[33.951671,35.31151],[33.971365,35.321275],[33.994884,35.319281],[34.019786,35.314358],[34.043793,35.315253],[34.05893,35.324123],[34.068207,35.337714],[34.08546,35.369859],[34.10906,35.394273],[34.137706,35.415107],[34.352306,35.520697],[34.441417,35.583645],[34.537283,35.633979],[34.542328,35.637274],[34.56544,35.641181],[34.572765,35.643541],[34.57545,35.650133],[34.578868,35.678371],[34.581309,35.68122],[34.583669,35.684963],[34.587087,35.688707],[34.59254,35.691962],[34.578461,35.689765],[34.5442,35.678371],[34.36148,35.608309],[34.319672,35.586168],[34.26779,35.572256],[34.210385,35.559146],[34.181651,35.554185],[34.13119,35.511347],[34.07629,35.494323],[34.035622,35.471383],[33.887938,35.423906],[33.834646,35.40998],[33.783508,35.416718],[33.742849,35.397773],[33.66033,35.35932],[33.427501,35.328925],[33.28061,35.342475],[33.262462,35.349351],[33.14008,35.362159],[33.069796,35.358724],[33.006114,35.369859],[32.985362,35.374579],[32.944347,35.394517],[32.920421,35.397773],[32.93214,35.366278],[32.936046,35.336615],[32.934744,35.270575],[32.929373,35.232978],[32.914724,35.200832],[32.892589,35.175035],[32.865245,35.156968],[32.82838,35.148586],[32.801443,35.157131],[32.776378,35.170844],[32.745372,35.178046],[32.711388,35.181632],[32.710592,35.175322],[32.712711,35.163436],[32.720566,35.153359],[32.731521,35.143179],[32.743975,35.137753],[32.759633,35.133774],[32.794773,35.126798],[32.814307,35.116617],[32.829913,35.100236],[32.839215,35.079927],[32.854924,35.079152],[32.861022,35.087782],[32.870427,35.097962],[32.876732,35.100236],[32.888411,35.102613],[32.911768,35.100236],[32.922724,35.098737],[32.934351,35.100236],[32.946908,35.102613],[32.969543,35.112793],[32.989076,35.131448],[33.013984,35.141629],[33.031141,35.149432],[33.056101,35.155685],[33.078683,35.16509],[33.09584,35.169741],[33.109121,35.158785],[33.120128,35.160336],[33.141935,35.180644],[33.15749,35.185295],[33.190253,35.189946],[33.223997,35.179146],[33.240224,35.171291],[33.270816,35.168966],[33.2996,35.162661],[33.315258,35.161886],[33.326213,35.16664],[33.344817,35.16664],[33.374531,35.17434],[33.380784,35.178267],[33.388535,35.188396],[33.400317,35.197749],[33.413547,35.199403],[33.421401,35.193874],[33.424502,35.182195],[33.427706,35.168139],[33.440005,35.148657],[33.45096,35.132224],[33.469771,35.104163],[33.476799,35.09481],[33.476799,35.076826],[33.476799,35.057396],[33.471321,35.038534],[33.465843,35.014401],[33.466567,35.0051],[33.476799,35.002722],[33.476799,35.008975],[33.478349,35.019104],[33.481449,35.03161],[33.486204,35.038534],[33.493852,35.056621],[33.500156,35.061272],[33.507184,35.061272],[33.516434,35.059722],[33.528992,35.055794],[33.535193,35.056621],[33.536795,35.06675],[33.540671,35.073054],[33.546872,35.073054],[33.55545,35.06675],[33.561755,35.058171],[33.566405,35.04334],[33.578963,35.035485],[33.59152,35.033935],[33.602269,35.041687],[33.614051,35.046441],[33.637512,35.030834],[33.652188,35.030834],[33.656116,35.032385],[33.670999,35.030834],[33.679435,35.033899],[33.675649,35.037036],[33.674099,35.046441],[33.678853,35.055794],[33.69446,35.058171],[33.705312,35.06675],[33.714717,35.06675],[33.719368,35.06277],[33.711461,35.040963],[33.707585,35.029284],[33.718489,35.032385],[33.739677,35.047216],[33.766135,35.03161],[33.77554,35.040188],[33.786495,35.038534],[33.79435,35.040188],[33.798278,35.052642],[33.824012,35.06675],[33.834865,35.063597],[33.842719,35.056621],[33.853571,35.058171],[33.866904,35.06675],[33.871555,35.073054],[33.876929,35.076826],[33.871555,35.085456],[33.871555,35.100236],[33.876206,35.118994],[33.889435,35.118994],[33.891812,35.110468],[33.89884,35.108814],[33.903594,35.099512],[33.905868,35.09636],[33.905868,35.090882],[33.913619,35.090882],[33.921474,35.080702],[33.914446,35.073054],[33.908245,35.070729],[33.906505,35.069105],[33.906591,35.069049],[33.912896,35.065923],[33.925402,35.06277],[33.941111,35.059722],[33.962919,35.0683],[34.008911,35.059722],[34.012289,35.063795]]],[[[32.640694,35.187077],[32.619395,35.184882],[32.601899,35.178616],[32.602743,35.17434],[32.615197,35.163436],[32.626204,35.16509],[32.634783,35.172841],[32.639434,35.183745],[32.640694,35.187077]]]]},"properties":{"key":"NORTH","countryCode":"CYP"}}]}